timestamp,type,event_number,adc,elapsed_ms,dead_time_ms,temperature,pressure,detector_id
2026-09-05 11:43:09,T,2800,126,2373846,1688,28.6,1021.7,56-614-135
2026-09-05 11:43:09,B,3331,245,2373939,3581,28.6,1021.7,56-614-135
2026-09-05 11:43:09,T,2801,96,2374204,1688,28.6,1021.7,56-614-135
2026-09-05 11:43:09,B,3332,107,2374378,3581,28.6,1021.7,56-614-135
2026-09-05 11:43:09,T,2802,439,2374543,1688,28.6,1021.7,56-614-135
2026-09-05 11:43:09,B,3333,368,2374543,3581,28.6,1021.7,56-614-135
2026-09-05 11:43:09,C,494,403,2374543,2634,28.6,1021.7,56-614-135
2026-09-05 11:43:10,B,3334,73,2375386,3583,28.6,1021.7,56-614-135
2026-09-05 11:43:10,B,3335,72,2375406,3583,28.6,1021.7,56-614-135
2026-09-05 11:43:10,B,3336,55,2375471,3583,28.6,1021.7,56-614-135
2026-09-05 11:43:11,B,3337,57,2376355,3584,28.6,1021.6,56-614-135
2026-09-05 11:43:12,B,3338,68,2376724,3584,28.6,1021.6,56-614-135
2026-09-05 11:43:12,T,2803,57,2377063,1688,28.6,1021.6,56-614-135
2026-09-05 11:43:13,B,3339,521,2378566,3587,28.6,1021.6,56-614-135
2026-09-05 11:43:13,B,3340,308,2378698,3587,28.6,1021.6,56-614-135
2026-09-05 11:43:14,B,3341,306,2378727,3593,28.6,1021.6,56-614-135
2026-09-05 11:43:14,B,3342,86,2378836,3593,28.6,1021.6,56-614-135
2026-09-05 11:43:14,T,2804,206,2378933,1689,28.6,1021.6,56-614-135
2026-09-05 11:43:14,T,2805,360,2379284,1689,28.6,1021.6,56-614-135
2026-09-05 11:43:14,B,3343,376,2379284,3593,28.6,1021.6,56-614-135
2026-09-05 11:43:14,C,495,368,2379284,2641,28.6,1021.6,56-614-135
2026-09-05 11:43:14,B,3344,610,2379294,3593,28.6,1021.6,56-614-135
2026-09-05 11:43:14,B,3345,319,2379408,3593,28.6,1021.6,56-614-135
2026-09-05 11:43:14,T,2806,53,2379421,1689,28.6,1021.6,56-614-135
2026-09-05 11:43:16,T,2807,168,2380866,1690,28.6,1021.7,56-614-135
2026-09-05 11:43:16,B,3346,163,2380885,3596,28.6,1021.7,56-614-135
2026-09-05 11:43:16,B,3347,340,2381012,3596,28.6,1021.7,56-614-135
2026-09-05 11:43:17,T,2808,246,2382285,1690,28.6,1021.7,56-614-135
2026-09-05 11:43:18,B,3348,294,2382948,3598,28.6,1021.7,56-614-135
2026-09-05 11:43:18,B,3349,126,2383361,3598,28.6,1021.7,56-614-135
2026-09-05 11:43:19,T,2809,239,2383807,1691,28.6,1021.7,56-614-135
2026-09-05 11:43:19,T,2810,133,2384458,1691,28.6,1021.7,56-614-135
2026-09-05 11:43:20,B,3350,142,2385607,3599,28.6,1021.7,56-614-135
2026-09-05 11:43:21,B,3351,84,2386337,3600,28.6,1021.7,56-614-135
2026-09-05 11:43:21,T,2811,73,2386346,1692,28.6,1021.7,56-614-135
2026-09-05 11:43:22,T,2812,367,2387153,1694,28.6,1021.7,56-614-135
2026-09-05 11:43:22,B,3352,418,2387153,3602,28.6,1021.7,56-614-135
2026-09-05 11:43:22,C,496,392,2387153,2648,28.6,1021.7,56-614-135
2026-09-05 11:43:22,T,2813,90,2387217,1694,28.6,1021.7,56-614-135
2026-09-05 11:43:22,T,2814,451,2387589,1694,28.6,1021.7,56-614-135
2026-09-05 11:43:22,B,3353,62,2387680,3602,28.6,1021.7,56-614-135
2026-09-05 11:43:24,T,2815,177,2389157,1694,28.6,1021.7,56-614-135
2026-09-05 11:43:24,B,3354,513,2389494,3604,28.6,1021.7,56-614-135
2026-09-05 11:43:24,B,3355,164,2389544,3604,28.6,1021.7,56-614-135
2026-09-05 11:43:25,T,2816,89,2389842,1694,28.6,1021.7,56-614-135
2026-09-05 11:43:26,T,2817,297,2390905,1695,28.6,1021.7,56-614-135
2026-09-05 11:43:26,B,3356,339,2390905,3605,28.6,1021.7,56-614-135
2026-09-05 11:43:26,C,497,318,2390905,2650,28.6,1021.7,56-614-135
2026-09-05 11:43:28,B,3357,126,2393714,3606,28.6,1021.7,56-614-135
2026-09-05 11:43:30,B,3358,374,2395130,3609,28.6,1021.7,56-614-135
2026-09-05 11:43:30,B,3359,271,2395782,3609,28.6,1021.7,56-614-135
2026-09-05 11:43:32,T,2818,253,2396941,1697,28.6,1021.7,56-614-135
2026-09-05 11:43:32,T,2819,531,2396997,1697,28.6,1021.7,56-614-135
2026-09-05 11:43:32,T,2820,127,2397445,1697,28.6,1021.7,56-614-135
2026-09-05 11:43:33,T,2821,642,2397922,1699,28.6,1021.7,56-614-135
2026-09-05 11:43:33,B,3360,574,2397922,3613,28.6,1021.7,56-614-135
2026-09-05 11:43:33,C,498,608,2397922,2656,28.6,1021.7,56-614-135
2026-09-05 11:43:33,T,2822,99,2397943,1699,28.6,1021.7,56-614-135
2026-09-05 11:43:33,B,3361,86,2398295,3613,28.6,1021.7,56-614-135
2026-09-05 11:43:33,B,3362,291,2398759,3613,28.6,1021.7,56-614-135
2026-09-05 11:43:33,T,2823,73,2398791,1699,28.6,1021.7,56-614-135
2026-09-05 11:43:34,T,2824,344,2398953,1700,28.6,1021.7,56-614-135
2026-09-05 11:43:34,B,3363,522,2399785,3615,28.6,1021.7,56-614-135
2026-09-05 11:43:35,B,3364,100,2399827,3615,28.6,1021.7,56-614-135
2026-09-05 11:43:36,T,2825,166,2399946,1700,28.6,1021.7,56-614-135
2026-09-05 11:43:37,B,3365,59,2401073,3618,28.6,1021.7,56-614-135
2026-09-05 11:43:37,B,3366,188,2401081,3618,28.6,1021.7,56-614-135
2026-09-05 11:43:37,B,3367,602,2401893,3618,28.6,1021.7,56-614-135
2026-09-05 11:43:38,T,2826,100,2402420,1700,28.6,1021.7,56-614-135
2026-09-05 11:43:39,T,2827,262,2403069,1701,28.6,1021.7,56-614-135
2026-09-05 11:43:39,B,3368,148,2403727,3619,28.6,1021.7,56-614-135
2026-09-05 11:43:40,B,3369,527,2404106,3622,28.6,1021.7,56-614-135
2026-09-05 11:43:40,B,3370,545,2404830,3622,28.6,1021.7,56-614-135
2026-09-05 11:43:41,T,2828,230,2405487,1702,28.6,1021.7,56-614-135
2026-09-05 11:43:41,B,3371,356,2405763,3623,28.6,1021.7,56-614-135
2026-09-05 11:43:42,B,3372,140,2406069,3624,28.6,1021.7,56-614-135
2026-09-05 11:43:42,T,2829,57,2406807,1702,28.6,1021.7,56-614-135
2026-09-05 11:43:43,B,3373,316,2407181,3628,28.6,1021.7,56-614-135
2026-09-05 11:43:43,B,3374,667,2407457,3628,28.6,1021.7,56-614-135
2026-09-05 11:43:43,B,3375,152,2407573,3628,28.6,1021.7,56-614-135
2026-09-05 11:43:43,T,2830,273,2407679,1703,28.6,1021.7,56-614-135
2026-09-05 11:43:44,T,2831,112,2408123,1705,28.6,1021.7,56-614-135
2026-09-05 11:43:44,B,3376,778,2408529,3633,28.6,1021.7,56-614-135
2026-09-05 11:43:44,B,3377,690,2408706,3633,28.6,1021.7,56-614-135
2026-09-05 11:43:44,T,2832,351,2408706,1705,28.6,1021.7,56-614-135
2026-09-05 11:43:44,T,2833,411,2409027,1705,28.6,1021.7,56-614-135
2026-09-05 11:43:44,B,3378,531,2409027,3633,28.6,1021.7,56-614-135
2026-09-05 11:43:44,C,499,471,2409027,2669,28.6,1021.7,56-614-135
2026-09-05 11:43:45,T,2834,456,2409134,1706,28.6,1021.7,56-614-135
2026-09-05 11:43:45,B,3379,561,2409134,3636,28.6,1021.7,56-614-135
2026-09-05 11:43:45,C,500,508,2409134,2671,28.6,1021.7,56-614-135
2026-09-05 11:43:45,B,3380,344,2409377,3636,28.6,1021.7,56-614-135
2026-09-05 11:43:46,T,2835,168,2410102,1709,28.6,1021.7,56-614-135
2026-09-05 11:43:46,T,2836,426,2410115,1709,28.6,1021.7,56-614-135
2026-09-05 11:43:46,B,3381,358,2410115,3639,28.6,1021.7,56-614-135
2026-09-05 11:43:46,C,501,392,2410115,2674,28.6,1021.7,56-614-135
2026-09-05 11:43:46,T,2837,82,2410174,1709,28.6,1021.7,56-614-135
2026-09-05 11:43:46,T,2838,573,2410291,1709,28.6,1021.7,56-614-135
2026-09-05 11:43:46,T,2839,182,2410500,1709,28.6,1021.7,56-614-135
2026-09-05 11:43:46,B,3382,70,2410664,3639,28.6,1021.7,56-614-135
2026-09-05 11:43:46,B,3383,83,2410876,3639,28.6,1021.7,56-614-135
2026-09-05 11:43:47,T,2840,130,2411239,1710,28.6,1021.7,56-614-135
2026-09-05 11:43:47,B,3384,56,2411302,3642,28.6,1021.7,56-614-135
2026-09-05 11:43:47,B,3385,69,2411505,3642,28.6,1021.7,56-614-135
2026-09-05 11:43:47,T,2841,93,2411762,1710,28.6,1021.7,56-614-135
2026-09-05 11:43:47,B,3386,748,2411815,3642,28.6,1021.7,56-614-135
2026-09-05 11:43:47,B,3387,105,2411844,3642,28.6,1021.7,56-614-135
2026-09-05 11:43:48,T,2842,210,2412517,1711,28.6,1021.7,56-614-135
2026-09-05 11:43:48,T,2843,64,2412557,1711,28.6,1021.7,56-614-135
2026-09-05 11:43:48,T,2844,494,2412789,1711,28.6,1021.7,56-614-135
2026-09-05 11:43:48,B,3388,417,2412789,3644,28.6,1021.7,56-614-135
2026-09-05 11:43:48,C,502,455,2412789,2678,28.6,1021.7,56-614-135
2026-09-05 11:43:49,T,2845,54,2413142,1711,28.6,1021.7,56-614-135
2026-09-05 11:43:50,T,2846,438,2414879,1712,28.6,1021.7,56-614-135
2026-09-05 11:43:51,T,2847,52,2415856,1712,28.6,1021.7,56-614-135
2026-09-05 11:43:52,T,2848,76,2416313,1712,28.6,1021.7,56-614-135
2026-09-05 11:43:52,B,3389,113,2416987,3645,28.6,1021.7,56-614-135
2026-09-05 11:43:53,T,2849,420,2417256,1714,28.6,1021.7,56-614-135
2026-09-05 11:43:53,B,3390,431,2417256,3646,28.6,1021.7,56-614-135
2026-09-05 11:43:53,C,503,425,2417256,2680,28.6,1021.7,56-614-135
2026-09-05 11:43:53,T,2850,259,2417787,1714,28.6,1021.7,56-614-135
2026-09-05 11:43:54,B,3391,144,2418254,3648,28.6,1021.7,56-614-135
2026-09-05 11:43:54,B,3392,50,2419123,3648,28.6,1021.7,56-614-135
2026-09-05 11:43:56,B,3393,64,2420841,3648,28.6,1021.7,56-614-135
2026-09-05 11:43:58,T,2851,52,2422430,1714,28.7,1021.7,56-614-135
2026-09-05 11:43:59,B,3394,607,2423342,3653,28.7,1021.7,56-614-135
2026-09-05 11:43:59,B,3395,65,2423464,3653,28.7,1021.7,56-614-135
2026-09-05 11:43:59,B,3396,126,2423774,3653,28.7,1021.7,56-614-135
2026-09-05 11:43:59,B,3397,205,2424122,3653,28.7,1021.7,56-614-135
2026-09-05 11:44:00,T,2852,500,2424229,1715,28.7,1021.7,56-614-135
2026-09-05 11:44:00,B,3398,809,2424229,3654,28.7,1021.7,56-614-135
2026-09-05 11:44:00,C,504,655,2424229,2685,28.7,1021.7,56-614-135
2026-09-05 11:44:01,T,2853,500,2425240,1716,28.7,1021.7,56-614-135
2026-09-05 11:44:01,B,3399,290,2425530,3655,28.7,1021.7,56-614-135
2026-09-05 11:44:01,T,2854,109,2425815,1716,28.7,1021.7,56-614-135
2026-09-05 11:44:02,B,3400,429,2426736,3657,28.7,1021.7,56-614-135
2026-09-05 11:44:03,T,2855,94,2427732,1717,28.7,1021.7,56-614-135
2026-09-05 11:44:04,B,3401,279,2428785,3659,28.7,1021.7,56-614-135
2026-09-05 11:44:04,B,3402,112,2429086,3659,28.7,1021.7,56-614-135
2026-09-05 11:44:05,B,3403,68,2429723,3660,28.7,1021.7,56-614-135
2026-09-05 11:44:05,B,3404,74,2429739,3660,28.7,1021.7,56-614-135
2026-09-05 11:44:06,T,2856,65,2430604,1717,28.7,1021.7,56-614-135
2026-09-05 11:44:06,T,2857,100,2431056,1717,28.7,1021.7,56-614-135
2026-09-05 11:44:07,T,2858,519,2431835,1718,28.7,1021.7,56-614-135
2026-09-05 11:44:07,T,2859,98,2432157,1718,28.7,1021.7,56-614-135
2026-09-05 11:44:08,B,3405,206,2433063,3661,28.7,1021.7,56-614-135
2026-09-05 11:44:08,T,2860,437,2433081,1719,28.7,1021.7,56-614-135
2026-09-05 11:44:09,T,2861,128,2433610,1720,28.7,1021.7,56-614-135
2026-09-05 11:44:09,B,3406,60,2433961,3664,28.7,1021.7,56-614-135
2026-09-05 11:44:09,B,3407,488,2434166,3664,28.7,1021.7,56-614-135
2026-09-05 11:44:11,B,3408,93,2436022,3664,28.7,1021.7,56-614-135
2026-09-05 11:44:11,B,3409,299,2436354,3664,28.7,1021.7,56-614-135
2026-09-05 11:44:12,T,2862,60,2436898,1720,28.7,1021.7,56-614-135
2026-09-05 11:44:12,B,3410,409,2437246,3667,28.7,1021.7,56-614-135
2026-09-05 11:44:13,T,2863,67,2437585,1720,28.7,1021.7,56-614-135
2026-09-05 11:44:13,B,3411,167,2437644,3669,28.7,1021.7,56-614-135
2026-09-05 11:44:13,B,3412,207,2438015,3669,28.7,1021.7,56-614-135
2026-09-05 11:44:14,B,3413,375,2438779,3671,28.7,1021.7,56-614-135
2026-09-05 11:44:14,B,3414,55,2439202,3671,28.7,1021.7,56-614-135
2026-09-05 11:44:15,B,3415,310,2439570,3672,28.7,1021.7,56-614-135
2026-09-05 11:44:16,T,2864,134,2440482,1722,28.7,1021.7,56-614-135
2026-09-05 11:44:16,T,2865,94,2441145,1722,28.7,1021.7,56-614-135
2026-09-05 11:44:16,T,2866,322,2441154,1722,28.7,1021.7,56-614-135
2026-09-05 11:44:17,T,2867,574,2441547,1723,28.7,1021.7,56-614-135
2026-09-05 11:44:17,B,3416,142,2442399,3673,28.7,1021.7,56-614-135
2026-09-05 11:44:18,T,2868,208,2442673,1723,28.7,1021.7,56-614-135
2026-09-05 11:44:18,T,2869,50,2442773,1723,28.7,1021.7,56-614-135
2026-09-05 11:44:19,B,3417,239,2443543,3676,28.7,1021.7,56-614-135
2026-09-05 11:44:19,B,3418,629,2444421,3676,28.7,1021.7,56-614-135
2026-09-05 11:44:20,B,3419,105,2444464,3678,28.7,1021.7,56-614-135
2026-09-05 11:44:20,T,2870,98,2444624,1725,28.7,1021.7,56-614-135
2026-09-05 11:44:20,T,2871,322,2444703,1725,28.7,1021.7,56-614-135
2026-09-05 11:44:20,T,2872,298,2444910,1725,28.7,1021.7,56-614-135
2026-09-05 11:44:20,B,3420,103,2445115,3678,28.7,1021.7,56-614-135
2026-09-05 11:44:20,B,3421,57,2445275,3678,28.7,1021.7,56-614-135
2026-09-05 11:44:21,B,3422,231,2446034,3681,28.7,1021.7,56-614-135
2026-09-05 11:44:21,B,3423,763,2446154,3681,28.7,1021.7,56-614-135
2026-09-05 11:44:22,T,2873,573,2446796,1727,28.7,1021.7,56-614-135
2026-09-05 11:44:22,B,3424,498,2446796,3684,28.7,1021.7,56-614-135
2026-09-05 11:44:22,C,505,536,2446796,2706,28.7,1021.7,56-614-135
2026-09-05 11:44:22,B,3425,101,2446888,3684,28.7,1021.7,56-614-135
2026-09-05 11:44:22,B,3426,116,2447085,3684,28.7,1021.7,56-614-135
2026-09-05 11:44:22,T,2874,244,2447407,1727,28.7,1021.7,56-614-135
2026-09-05 11:44:23,B,3427,500,2447824,3686,28.7,1021.7,56-614-135
2026-09-05 11:44:23,B,3428,63,2448470,3686,28.7,1021.7,56-614-135
2026-09-05 11:44:24,T,2875,100,2448551,1729,28.7,1021.7,56-614-135
2026-09-05 11:44:24,T,2876,130,2448706,1729,28.7,1021.7,56-614-135
2026-09-05 11:44:24,B,3429,439,2448773,3688,28.7,1021.7,56-614-135
2026-09-05 11:44:24,T,2877,98,2449166,1729,28.7,1021.7,56-614-135
2026-09-05 11:44:24,T,2878,70,2449331,1729,28.7,1021.7,56-614-135
2026-09-05 11:44:25,B,3430,57,2449644,3689,28.7,1021.7,56-614-135
2026-09-05 11:44:25,B,3431,96,2449683,3689,28.7,1021.7,56-614-135
2026-09-05 11:44:26,B,3432,102,2450712,3691,28.7,1021.7,56-614-135
2026-09-05 11:44:26,B,3433,86,2451367,3691,28.7,1021.7,56-614-135
2026-09-05 11:44:27,T,2879,69,2451758,1729,28.7,1021.7,56-614-135
2026-09-05 11:44:27,T,2880,110,2452509,1729,28.7,1021.7,56-614-135
2026-09-05 11:44:27,B,3434,502,2452509,3692,28.7,1021.7,56-614-135
2026-09-05 11:44:27,C,506,306,2452509,2711,28.7,1021.7,56-614-135
2026-09-05 11:44:28,T,2881,80,2453404,1729,28.7,1021.7,56-614-135
2026-09-05 11:44:31,B,3435,109,2455738,3695,28.7,1021.7,56-614-135
2026-09-05 11:44:31,B,3436,82,2455857,3695,28.7,1021.7,56-614-135
2026-09-05 11:44:31,B,3437,83,2456013,3695,28.7,1021.7,56-614-135
2026-09-05 11:44:31,T,2882,602,2456365,1730,28.7,1021.7,56-614-135
2026-09-05 11:44:32,T,2883,97,2456659,1731,28.7,1021.7,56-614-135
2026-09-05 11:44:33,B,3438,286,2457715,3696,28.7,1021.7,56-614-135
2026-09-05 11:44:41,B,3448,96,2465820,3710,28.7,1021.7,56-614-135
2026-09-05 11:44:41,B,3449,296,2465927,3710,28.7,1021.7,56-614-135
2026-09-05 11:44:41,T,2895,168,2466131,1736,28.7,1021.7,56-614-135
2026-09-05 11:44:41,B,3450,455,2466131,3710,28.7,1021.7,56-614-135
2026-09-05 11:44:41,C,508,311,2466131,2723,28.7,1021.7,56-614-135
2026-09-05 11:44:41,T,2896,229,2466179,1736,28.7,1021.7,56-614-135
2026-09-05 11:44:44,T,2897,400,2468802,1739,28.7,1021.7,56-614-135
2026-09-05 11:44:44,B,3451,421,2468802,3715,28.7,1021.7,56-614-135
2026-09-05 11:44:44,C,509,410,2468802,2727,28.7,1021.7,56-614-135
2026-09-05 11:44:44,B,3452,456,2469222,3715,28.7,1021.7,56-614-135
2026-09-05 11:44:44,B,3453,129,2469280,3715,28.7,1021.7,56-614-135
2026-09-05 11:44:44,T,2898,93,2469385,1739,28.7,1021.7,56-614-135
2026-09-05 11:44:44,T,2899,89,2469575,1739,28.7,1021.7,56-614-135
2026-09-05 11:44:44,B,3454,739,2469637,3715,28.7,1021.7,56-614-135
2026-09-05 11:44:44,T,2900,480,2469637,1739,28.7,1021.7,56-614-135
2026-09-05 11:44:45,B,3455,127,2470288,3716,28.7,1021.7,56-614-135
2026-09-05 11:44:46,B,3456,54,2470921,3717,28.7,1021.7,56-614-135
2026-09-05 11:44:47,B,3457,466,2472083,3718,28.7,1021.7,56-614-135
2026-09-05 11:44:48,T,2901,315,2473011,1740,28.7,1021.7,56-614-135
2026-09-05 11:44:48,B,3458,123,2473473,3720,28.7,1021.7,56-614-135
2026-09-05 11:44:48,B,3459,154,2473752,3720,28.7,1021.7,56-614-135
2026-09-05 11:44:49,T,2902,100,2473833,1741,28.7,1021.7,56-614-135
2026-09-05 11:44:49,B,3460,218,2473974,3723,28.7,1021.7,56-614-135
2026-09-05 11:44:49,B,3461,70,2474315,3723,28.7,1021.7,56-614-135
2026-09-05 11:44:49,T,2903,199,2474567,1741,28.7,1021.7,56-614-135
2026-09-05 11:44:49,B,3462,132,2474576,3723,28.7,1021.7,56-614-135
2026-09-05 11:44:50,T,2904,123,2475664,1741,28.7,1021.7,56-614-135
2026-09-05 11:44:51,B,3463,70,2475838,3724,28.7,1021.7,56-614-135
2026-09-05 11:44:52,T,2905,336,2477151,1742,28.7,1021.8,56-614-135
2026-09-05 11:44:52,B,3464,471,2477184,3725,28.7,1021.8,56-614-135
2026-09-05 11:44:53,T,2906,242,2477985,1743,28.7,1021.8,56-614-135
2026-09-05 11:44:53,B,3465,470,2477985,3728,28.7,1021.8,56-614-135
2026-09-05 11:44:53,C,510,356,2477985,2735,28.7,1021.8,56-614-135
2026-09-05 11:44:53,B,3466,116,2478139,3728,28.7,1021.8,56-614-135
2026-09-05 11:44:53,T,2907,208,2478414,1743,28.7,1021.8,56-614-135
2026-09-05 11:44:54,T,2908,385,2479342,1744,28.7,1021.8,56-614-135
2026-09-05 11:44:54,B,3467,372,2479342,3730,28.7,1021.8,56-614-135
2026-09-05 11:44:54,C,511,378,2479342,2737,28.7,1021.8,56-614-135
2026-09-05 11:44:54,B,3468,155,2479657,3730,28.7,1021.8,56-614-135
2026-09-05 11:44:55,B,3469,56,2480067,3731,28.7,1021.8,56-614-135
2026-09-05 11:44:55,B,3470,105,2480533,3731,28.7,1021.8,56-614-135
2026-09-05 11:44:56,B,3471,241,2481420,3733,28.7,1021.8,56-614-135
2026-09-05 11:44:56,B,3472,70,2481726,3733,28.7,1021.8,56-614-135
2026-09-05 11:44:57,T,2909,234,2482526,1745,28.7,1021.8,56-614-135
2026-09-05 11:44:57,B,3473,92,2482559,3734,28.7,1021.8,56-614-135
2026-09-05 11:44:58,T,2910,800,2483813,1746,28.7,1021.8,56-614-135
2026-09-05 11:44:59,T,2911,413,2483901,1747,28.7,1021.8,56-614-135
2026-09-05 11:44:59,T,2912,88,2484163,1747,28.7,1021.8,56-614-135
2026-09-05 11:44:59,B,3474,197,2484830,3735,28.7,1021.8,56-614-135
2026-09-05 11:45:00,B,3475,475,2485063,3738,28.7,1021.8,56-614-135
2026-09-05 11:45:00,T,2913,454,2485766,1748,28.7,1021.8,56-614-135
2026-09-05 11:45:00,B,3476,474,2485766,3738,28.7,1021.8,56-614-135
2026-09-05 11:45:00,C,512,464,2485766,2743,28.7,1021.8,56-614-135
2026-09-05 11:45:01,T,2914,82,2486518,1748,28.7,1021.8,56-614-135
2026-09-05 11:45:01,T,2915,56,2486861,1748,28.7,1021.8,56-614-135
2026-09-05 11:45:02,B,3477,79,2487246,3743,28.7,1021.8,56-614-135
2026-09-05 11:45:02,T,2916,514,2487516,1751,28.7,1021.8,56-614-135
2026-09-05 11:45:03,B,3478,423,2487516,3743,28.7,1021.8,56-614-135
2026-09-05 11:45:03,C,513,468,2487516,2747,28.7,1021.8,56-614-135
2026-09-05 11:45:03,B,3479,486,2487625,3743,28.7,1021.8,56-614-135
2026-09-05 11:45:03,T,2917,528,2487625,1751,28.7,1021.8,56-614-135
2026-09-05 11:45:03,T,2918,84,2487715,1751,28.7,1021.8,56-614-135
2026-09-05 11:45:03,T,2919,554,2487872,1751,28.7,1021.8,56-614-135
2026-09-05 11:45:03,B,3480,408,2487872,3743,28.7,1021.8,56-614-135
2026-09-05 11:45:03,C,514,481,2487872,2747,28.7,1021.8,56-614-135
2026-09-05 11:45:04,T,2920,121,2488240,1752,28.7,1021.8,56-614-135
2026-09-05 11:45:04,B,3481,452,2488481,3746,28.7,1021.8,56-614-135
2026-09-05 11:45:04,B,3482,97,2488819,3746,28.7,1021.8,56-614-135
2026-09-05 11:45:05,B,3483,406,2489131,3752,28.7,1021.8,56-614-135
2026-09-05 11:45:05,T,2921,454,2489131,1754,28.7,1021.8,56-614-135
2026-09-05 11:45:05,T,2922,478,2489323,1754,28.7,1021.8,56-614-135
2026-09-05 11:45:05,B,3484,499,2489323,3752,28.7,1021.8,56-614-135
2026-09-05 11:45:05,C,515,488,2489323,2753,28.7,1021.8,56-614-135
2026-09-05 11:45:05,B,3485,63,2489454,3752,28.7,1021.8,56-614-135
2026-09-05 11:45:05,T,2923,321,2489662,1754,28.7,1021.8,56-614-135
2026-09-05 11:45:05,B,3486,391,2489662,3752,28.7,1021.8,56-614-135
2026-09-05 11:45:05,C,516,356,2489662,2753,28.7,1021.8,56-614-135
2026-09-05 11:45:05,B,3487,78,2489802,3752,28.7,1021.8,56-614-135
2026-09-05 11:45:05,B,3488,97,2489817,3752,28.7,1021.8,56-614-135
2026-09-05 11:45:06,T,2924,366,2490225,1757,28.7,1021.8,56-614-135
2026-09-05 11:45:06,T,2925,245,2490403,1757,28.7,1021.8,56-614-135
2026-09-05 11:45:06,T,2926,93,2490494,1757,28.7,1021.8,56-614-135
2026-09-05 11:45:06,T,2927,422,2490533,1757,28.7,1021.8,56-614-135
2026-09-05 11:45:06,B,3489,324,2490533,3754,28.7,1021.8,56-614-135
2026-09-05 11:45:06,C,517,373,2490533,2756,28.7,1021.8,56-614-135
2026-09-05 11:45:06,B,3490,95,2490789,3754,28.7,1021.8,56-614-135
2026-09-05 11:45:07,B,3491,192,2491048,3755,28.7,1021.8,56-614-135
2026-09-05 11:45:07,T,2928,288,2491508,1758,28.7,1021.8,56-614-135
2026-09-05 11:45:08,T,2929,107,2492842,1759,28.7,1021.7,56-614-135
2026-09-05 11:45:08,T,2930,450,2492927,1759,28.7,1021.7,56-614-135
2026-09-05 11:45:08,B,3492,470,2492927,3757,28.7,1021.7,56-614-135
2026-09-05 11:45:08,C,518,460,2492927,2758,28.7,1021.7,56-614-135
2026-09-05 11:45:09,T,2931,353,2493210,1760,28.7,1021.7,56-614-135
2026-09-05 11:45:09,T,2932,172,2493451,1760,28.7,1021.7,56-614-135
2026-09-05 11:45:10,B,3493,67,2494289,3758,28.7,1021.7,56-614-135
2026-09-05 11:45:10,B,3494,261,2494365,3758,28.7,1021.7,56-614-135
2026-09-05 11:45:10,T,2933,101,2494766,1761,28.7,1021.7,56-614-135
2026-09-05 11:45:11,B,3495,295,2495417,3760,28.7,1021.7,56-614-135
2026-09-05 11:45:12,B,3496,55,2496512,3762,28.7,1021.7,56-614-135
2026-09-05 11:45:12,B,3497,290,2496801,3762,28.7,1021.7,56-614-135
2026-09-05 11:45:13,B,3498,408,2497096,3766,28.7,1021.7,56-614-135
2026-09-05 11:45:13,B,3499,175,2497517,3766,28.7,1021.7,56-614-135
2026-09-05 11:45:13,T,2934,135,2497603,1762,28.7,1021.7,56-614-135
2026-09-05 11:45:13,T,2935,63,2497980,1762,28.7,1021.7,56-614-135
2026-09-05 11:45:13,T,2936,531,2497982,1762,28.7,1021.7,56-614-135
2026-09-05 11:45:13,B,3500,528,2497982,3766,28.7,1021.7,56-614-135
2026-09-05 11:45:13,C,519,530,2497982,2764,28.7,1021.7,56-614-135
2026-09-05 11:45:14,T,2937,70,2498502,1762,28.7,1021.7,56-614-135
2026-09-05 11:45:14,B,3501,241,2499018,3767,28.7,1021.7,56-614-135
2026-09-05 11:45:15,B,3502,467,2499411,3769,28.7,1021.7,56-614-135
2026-09-05 11:45:15,B,3503,146,2499941,3769,28.7,1021.7,56-614-135
2026-09-05 11:45:16,T,2938,388,2500239,1763,28.7,1021.7,56-614-135
2026-09-05 11:45:16,B,3504,423,2500239,3771,28.7,1021.7,56-614-135
2026-09-05 11:45:16,C,520,405,2500239,2767,28.7,1021.7,56-614-135
2026-09-05 11:45:17,T,2939,73,2501313,1765,28.7,1021.7,56-614-135
2026-09-05 11:45:17,T,2940,520,2501542,1765,28.7,1021.7,56-614-135
2026-09-05 11:45:17,T,2941,146,2501834,1765,28.7,1021.7,56-614-135
2026-09-05 11:45:17,B,3505,422,2501882,3772,28.7,1021.7,56-614-135
2026-09-05 11:45:18,B,3506,137,2502371,3773,28.7,1021.7,56-614-135
2026-09-05 11:45:19,T,2942,158,2503293,1766,28.7,1021.7,56-614-135
2026-09-05 11:45:19,T,2943,92,2503499,1766,28.7,1021.7,56-614-135
2026-09-05 11:45:20,T,2944,341,2504344,1767,28.7,1021.7,56-614-135
2026-09-05 11:45:20,B,3507,488,2504344,3775,28.7,1021.7,56-614-135
2026-09-05 11:45:20,C,521,414,2504344,2771,28.7,1021.7,56-614-135
2026-09-05 11:45:20,T,2945,161,2504357,1767,28.7,1021.7,56-614-135
2026-09-05 11:45:21,T,2946,77,2505455,1769,28.7,1021.7,56-614-135
2026-09-05 11:45:21,T,2947,342,2505501,1769,28.7,1021.7,56-614-135
2026-09-05 11:45:21,B,3508,104,2505755,3777,28.7,1021.7,56-614-135
2026-09-05 11:45:21,B,3509,580,2506053,3777,28.7,1021.7,56-614-135
2026-09-05 11:45:21,T,2948,517,2506053,1769,28.7,1021.7,56-614-135
2026-09-05 11:45:22,B,3510,130,2506289,3780,28.7,1021.7,56-614-135
2026-09-05 11:45:22,B,3511,212,2506603,3780,28.7,1021.7,56-614-135
2026-09-05 11:45:22,T,2949,486,2507107,1770,28.7,1021.7,56-614-135
2026-09-05 11:45:22,B,3512,466,2507107,3780,28.7,1021.7,56-614-135
2026-09-05 11:45:22,C,522,476,2507107,2775,28.7,1021.7,56-614-135
2026-09-05 11:45:23,T,2950,54,2507372,1771,28.7,1021.8,56-614-135
2026-09-05 11:45:23,B,3513,586,2507823,3782,28.7,1021.8,56-614-135
2026-09-05 11:45:23,T,2951,596,2507838,1771,28.7,1021.8,56-614-135
2026-09-05 11:45:23,T,2952,74,2507900,1771,28.7,1021.8,56-614-135
2026-09-05 11:45:24,T,2953,98,2508427,1772,28.7,1021.8,56-614-135
2026-09-05 11:45:24,B,3514,184,2509068,3783,28.7,1021.8,56-614-135
2026-09-05 11:45:25,B,3515,161,2509559,3784,28.7,1021.8,56-614-135
2026-09-05 11:45:26,T,2954,117,2510349,1774,28.7,1021.8,56-614-135
2026-09-05 11:45:26,T,2955,306,2510402,1774,28.7,1021.8,56-614-135
2026-09-05 11:45:26,B,3516,393,2510402,3787,28.7,1021.8,56-614-135
2026-09-05 11:45:26,C,523,349,2510402,2780,28.7,1021.8,56-614-135
2026-09-05 11:45:26,T,2956,266,2510416,1774,28.7,1021.8,56-614-135
2026-09-05 11:45:26,B,3517,449,2511095,3787,28.7,1021.8,56-614-135
2026-09-05 11:45:27,B,3518,318,2511497,3789,28.7,1021.8,56-614-135
2026-09-05 11:45:27,B,3519,186,2511906,3789,28.7,1021.8,56-614-135
2026-09-05 11:45:27,T,2957,90,2512158,1774,28.7,1021.8,56-614-135
2026-09-05 11:45:28,T,2958,432,2512314,1776,28.7,1021.7,56-614-135
2026-09-05 11:45:28,B,3520,561,2512314,3791,28.7,1021.7,56-614-135
2026-09-05 11:45:28,C,524,496,2512314,2784,28.7,1021.7,56-614-135
2026-09-05 11:45:28,T,2959,433,2512877,1776,28.7,1021.7,56-614-135
2026-09-05 11:45:28,B,3521,52,2512887,3791,28.7,1021.7,56-614-135
2026-09-05 11:45:29,B,3522,243,2513550,3793,28.7,1021.7,56-614-135
2026-09-05 11:45:29,T,2960,203,2513705,1777,28.7,1021.7,56-614-135
2026-09-05 11:45:29,T,2961,195,2513991,1777,28.7,1021.7,56-614-135
2026-09-05 11:45:30,T,2962,112,2514941,1778,28.7,1021.7,56-614-135
2026-09-05 11:45:30,T,2963,132,2515089,1778,28.7,1021.7,56-614-135
2026-09-05 11:45:30,T,2964,50,2515245,1778,28.7,1021.7,56-614-135
2026-09-05 11:45:32,T,2965,541,2516956,1779,28.7,1021.7,56-614-135
2026-09-05 11:45:33,B,3523,96,2517574,3794,28.7,1021.8,56-614-135
2026-09-05 11:45:33,T,2966,108,2517783,1779,28.7,1021.8,56-614-135
2026-09-05 11:45:33,B,3524,119,2518222,3794,28.7,1021.8,56-614-135
2026-09-05 11:45:34,T,2967,54,2518559,1779,28.7,1021.8,56-614-135
2026-09-05 11:45:35,T,2968,458,2519374,1780,28.7,1021.8,56-614-135
2026-09-05 11:45:35,B,3525,515,2519374,3800,28.7,1021.8,56-614-135
2026-09-05 11:45:35,C,525,486,2519374,2790,28.7,1021.8,56-614-135
2026-09-05 11:45:35,B,3526,79,2519661,3800,28.7,1021.8,56-614-135
2026-09-05 11:45:35,B,3527,107,2519703,3800,28.7,1021.8,56-614-135
2026-09-05 11:45:35,B,3528,236,2519761,3800,28.7,1021.8,56-614-135
2026-09-05 11:45:35,B,3529,159,2519804,3800,28.7,1021.8,56-614-135
2026-09-05 11:45:36,T,2969,377,2520358,1781,28.7,1021.8,56-614-135
2026-09-05 11:45:36,B,3530,51,2520551,3802,28.7,1021.8,56-614-135
2026-09-05 11:45:36,B,3531,149,2521313,3802,28.7,1021.8,56-614-135
2026-09-05 11:45:36,B,3532,58,2521321,3802,28.7,1021.8,56-614-135
2026-09-05 11:45:37,B,3533,113,2521455,3804,28.7,1021.8,56-614-135
2026-09-05 11:45:37,B,3534,171,2521981,3804,28.7,1021.8,56-614-135
2026-09-05 11:45:37,B,3535,110,2522048,3804,28.7,1021.8,56-614-135
2026-09-05 11:45:37,T,2970,86,2522131,1782,28.7,1021.8,56-614-135
2026-09-05 11:45:37,T,2971,238,2522227,1782,28.7,1021.8,56-614-135
2026-09-05 11:45:38,B,3536,559,2522495,3807,28.7,1021.8,56-614-135
2026-09-05 11:45:38,T,2972,152,2522595,1783,28.7,1021.8,56-614-135
2026-09-05 11:45:38,T,2973,136,2522614,1783,28.7,1021.8,56-614-135
2026-09-05 11:45:38,B,3537,362,2523032,3807,28.7,1021.8,56-614-135
2026-09-05 11:45:38,T,2974,119,2523051,1783,28.7,1021.8,56-614-135
2026-09-05 11:45:39,T,2975,248,2523496,1784,28.7,1021.8,56-614-135
2026-09-05 11:45:39,B,3538,582,2523790,3810,28.7,1021.8,56-614-135
2026-09-05 11:45:39,T,2976,135,2523965,1784,28.7,1021.8,56-614-135
2026-09-05 11:45:39,B,3539,423,2524201,3810,28.7,1021.8,56-614-135
2026-09-05 11:45:40,B,3540,238,2524792,3814,28.7,1021.8,56-614-135
2026-09-05 11:45:40,T,2977,264,2524948,1785,28.7,1021.8,56-614-135
2026-09-05 11:45:40,B,3541,140,2525141,3814,28.7,1021.8,56-614-135
2026-09-05 11:45:40,B,3542,283,2525367,3814,28.7,1021.8,56-614-135
2026-09-05 11:45:41,T,2978,140,2525430,1786,28.7,1021.8,56-614-135
2026-09-05 11:45:41,B,3543,175,2526076,3815,28.7,1021.8,56-614-135
2026-09-05 11:45:41,T,2979,528,2526076,1786,28.7,1021.8,56-614-135
2026-09-05 11:45:42,B,3544,142,2526512,3819,28.7,1021.8,56-614-135
2026-09-05 11:45:42,B,3545,61,2526980,3819,28.7,1021.8,56-614-135
2026-09-05 11:45:42,T,2980,394,2527029,1787,28.7,1021.8,56-614-135
2026-09-05 11:45:42,B,3546,433,2527029,3819,28.7,1021.8,56-614-135
2026-09-05 11:45:42,C,526,413,2527029,2803,28.7,1021.8,56-614-135
2026-09-05 11:45:42,B,3547,119,2527106,3819,28.7,1021.8,56-614-135
2026-09-05 11:45:43,B,3548,60,2528007,3821,28.7,1021.7,56-614-135
2026-09-05 11:45:43,T,2981,344,2528265,1788,28.7,1021.7,56-614-135
2026-09-05 11:45:43,B,3549,455,2528265,3821,28.7,1021.7,56-614-135
2026-09-05 11:45:43,C,527,400,2528265,2805,28.7,1021.7,56-614-135
2026-09-05 11:45:43,T,2982,77,2528338,1788,28.7,1021.7,56-614-135
2026-09-05 11:45:44,T,2983,538,2528530,1789,28.7,1021.7,56-614-135
2026-09-05 11:45:44,B,3550,604,2529367,3822,28.7,1021.7,56-614-135
2026-09-05 11:45:45,B,3551,127,2529737,3825,28.7,1021.7,56-614-135
2026-09-05 11:45:45,T,2984,144,2529791,1791,28.7,1021.7,56-614-135
2026-09-05 11:45:45,B,3552,574,2529874,3825,28.7,1021.7,56-614-135
2026-09-05 11:45:45,T,2985,106,2530281,1791,28.7,1021.7,56-614-135
2026-09-05 11:45:45,T,2986,325,2530349,1791,28.7,1021.7,56-614-135
2026-09-05 11:45:46,T,2987,103,2530593,1792,28.7,1021.7,56-614-135
2026-09-05 11:45:46,B,3553,237,2530722,3828,28.7,1021.7,56-614-135
2026-09-05 11:45:46,T,2988,86,2530784,1792,28.7,1021.7,56-614-135
2026-09-05 11:45:46,T,2989,124,2531033,1792,28.7,1021.7,56-614-135
2026-09-05 11:45:46,B,3554,383,2531224,3828,28.7,1021.7,56-614-135
2026-09-05 11:45:46,B,3555,98,2531373,3828,28.7,1021.7,56-614-135
2026-09-05 11:45:47,T,2990,307,2531948,1793,28.7,1021.7,56-614-135
2026-09-05 11:45:47,T,2991,121,2532420,1793,28.7,1021.7,56-614-135
2026-09-05 11:45:48,B,3556,156,2532674,3831,28.7,1021.7,56-614-135
2026-09-05 11:45:48,B,3557,232,2532863,3831,28.7,1021.7,56-614-135
2026-09-05 11:45:48,T,2992,94,2533359,1793,28.7,1021.7,56-614-135
2026-09-05 11:45:48,T,2993,73,2533489,1793,28.7,1021.7,56-614-135
2026-09-05 11:45:48,B,3558,69,2533489,3831,28.7,1021.7,56-614-135
2026-09-05 11:45:48,C,528,71,2533489,2812,28.7,1021.7,56-614-135
2026-09-05 11:45:49,B,3559,161,2534354,3832,28.7,1021.7,56-614-135
2026-09-05 11:45:50,T,2994,91,2534661,1794,28.7,1021.7,56-614-135
2026-09-05 11:45:50,B,3560,619,2534683,3835,28.7,1021.7,56-614-135
2026-09-05 11:45:50,B,3561,530,2535159,3835,28.7,1021.7,56-614-135
2026-09-05 11:45:51,B,3562,184,2535646,3838,28.7,1021.7,56-614-135
2026-09-05 11:45:51,B,3563,236,2535695,3838,28.7,1021.7,56-614-135
2026-09-05 11:45:52,T,2995,83,2536782,1796,28.7,1021.7,56-614-135
2026-09-05 11:45:52,B,3564,134,2537096,3841,28.7,1021.7,56-614-135
2026-09-05 11:45:52,T,2996,430,2537102,1796,28.7,1021.7,56-614-135
2026-09-05 11:45:52,B,3565,431,2537102,3841,28.7,1021.7,56-614-135
2026-09-05 11:45:52,C,529,431,2537102,2819,28.7,1021.7,56-614-135
2026-09-05 11:45:52,T,2997,470,2537136,1796,28.7,1021.7,56-614-135
2026-09-05 11:45:52,B,3566,478,2537136,3841,28.7,1021.7,56-614-135
2026-09-05 11:45:52,C,530,474,2537136,2819,28.7,1021.7,56-614-135
2026-09-05 11:45:53,B,3567,275,2538042,3843,28.7,1021.7,56-614-135
2026-09-05 11:45:53,T,2998,175,2538380,1796,28.7,1021.7,56-614-135
2026-09-05 11:45:54,T,2999,227,2538647,1799,28.7,1021.7,56-614-135
2026-09-05 11:45:54,T,3000,290,2539056,1799,28.7,1021.7,56-614-135
2026-09-05 11:45:54,T,3001,109,2539353,1799,28.7,1021.7,56-614-135
2026-09-05 11:45:54,T,3002,201,2539391,1799,28.7,1021.7,56-614-135
2026-09-05 11:45:56,T,3003,240,2540833,1800,28.7,1021.7,56-614-135
2026-09-05 11:45:56,T,3004,134,2541428,1800,28.7,1021.7,56-614-135
2026-09-05 11:45:57,T,3005,211,2542295,1800,28.7,1021.7,56-614-135
2026-09-05 11:45:58,T,3006,90,2542781,1801,28.7,1021.8,56-614-135
2026-09-05 11:45:58,T,3007,56,2543143,1801,28.7,1021.8,56-614-135
2026-09-05 11:45:58,B,3568,589,2543506,3844,28.7,1021.8,56-614-135
2026-09-05 11:45:59,T,3008,572,2543740,1802,28.7,1021.8,56-614-135
2026-09-05 11:45:59,B,3569,468,2543740,3846,28.7,1021.8,56-614-135
2026-09-05 11:45:59,C,531,520,2543740,2824,28.7,1021.8,56-614-135
2026-09-05 11:46:00,B,3570,70,2545013,3848,28.7,1021.8,56-614-135
2026-09-05 11:46:00,B,3571,174,2545280,3848,28.7,1021.8,56-614-135
2026-09-05 11:46:00,T,3009,539,2545305,1803,28.7,1021.8,56-614-135
2026-09-05 11:46:00,B,3572,72,2545554,3848,28.7,1021.8,56-614-135
2026-09-05 11:46:01,B,3573,50,2545977,3849,28.7,1021.8,56-614-135
2026-09-05 11:46:01,T,3010,50,2546203,1803,28.7,1021.8,56-614-135
2026-09-05 11:46:01,T,3011,258,2546277,1803,28.7,1021.8,56-614-135
2026-09-05 11:46:02,T,3012,105,2547220,1804,28.7,1021.8,56-614-135
2026-09-05 11:46:02,T,3013,167,2547541,1804,28.7,1021.8,56-614-135
2026-09-05 11:46:03,B,3574,320,2547950,3850,28.7,1021.8,56-614-135
2026-09-05 11:46:04,B,3575,261,2548694,3851,28.7,1021.8,56-614-135
2026-09-05 11:46:04,T,3014,122,2548863,1805,28.7,1021.8,56-614-135
2026-09-05 11:46:04,T,3015,140,2549256,1805,28.7,1021.8,56-614-135
2026-09-05 11:46:05,T,3016,341,2549831,1807,28.7,1021.8,56-614-135
2026-09-05 11:46:05,T,3017,361,2550181,1807,28.7,1021.8,56-614-135
2026-09-05 11:46:05,B,3576,587,2550419,3853,28.7,1021.8,56-614-135
2026-09-05 11:46:06,T,3018,421,2551290,1808,28.7,1021.8,56-614-135
2026-09-05 11:46:06,B,3577,200,2551682,3854,28.7,1021.8,56-614-135
2026-09-05 11:46:07,B,3578,103,2552005,3855,28.7,1021.8,56-614-135
2026-09-05 11:46:07,B,3579,100,2552354,3855,28.7,1021.8,56-614-135
2026-09-05 11:46:07,T,3019,254,2552530,1808,28.7,1021.8,56-614-135
2026-09-05 11:46:08,T,3020,334,2552941,1809,28.7,1021.7,56-614-135
2026-09-05 11:46:08,B,3580,432,2553304,3857,28.7,1021.7,56-614-135
2026-09-05 11:46:09,T,3021,277,2554212,1810,28.7,1021.7,56-614-135
2026-09-05 11:46:09,B,3581,421,2554212,3858,28.7,1021.7,56-614-135
2026-09-05 11:46:09,C,532,349,2554212,2834,28.7,1021.7,56-614-135
2026-09-05 11:46:10,T,3022,136,2554933,1811,28.7,1021.7,56-614-135
2026-09-05 11:46:10,T,3023,642,2555006,1811,28.7,1021.7,56-614-135
2026-09-05 11:46:10,B,3582,403,2555554,3860,28.7,1021.7,56-614-135
2026-09-05 11:46:12,T,3024,423,2557095,1814,28.7,1021.7,56-614-135
2026-09-05 11:46:12,B,3583,504,2557095,3863,28.7,1021.7,56-614-135
2026-09-05 11:46:12,C,533,463,2557095,2838,28.7,1021.7,56-614-135
2026-09-05 11:46:12,B,3584,310,2557118,3863,28.7,1021.7,56-614-135
2026-09-05 11:46:12,T,3025,338,2557447,1814,28.7,1021.7,56-614-135
2026-09-05 11:46:12,T,3026,135,2557556,1814,28.7,1021.7,56-614-135
2026-09-05 11:46:13,B,3585,382,2558023,3865,28.7,1021.7,56-614-135
2026-09-05 11:46:13,B,3586,197,2558187,3865,28.7,1021.7,56-614-135
2026-09-05 11:46:14,B,3587,163,2558975,3866,28.7,1021.7,56-614-135
2026-09-05 11:46:15,T,3027,70,2560045,1814,28.7,1021.7,56-614-135
2026-09-05 11:46:15,B,3588,484,2560444,3869,28.7,1021.7,56-614-135
2026-09-05 11:46:15,B,3589,187,2560502,3869,28.7,1021.7,56-614-135
2026-09-05 11:46:15,T,3028,131,2560587,1814,28.7,1021.7,56-614-135
2026-09-05 11:46:16,B,3590,218,2560845,3871,28.7,1021.7,56-614-135
2026-09-05 11:46:16,T,3029,99,2560931,1815,28.7,1021.7,56-614-135
2026-09-05 11:46:16,B,3591,416,2561072,3871,28.7,1021.7,56-614-135
2026-09-05 11:46:16,T,3030,399,2561830,1815,28.7,1021.7,56-614-135
2026-09-05 11:46:18,B,3592,105,2562956,3873,28.7,1021.8,56-614-135
2026-09-05 11:46:18,B,3593,259,2563067,3873,28.7,1021.8,56-614-135
2026-09-05 11:46:18,T,3031,56,2563756,1815,28.7,1021.8,56-614-135
2026-09-05 11:46:19,T,3032,309,2564496,1816,28.7,1021.8,56-614-135
2026-09-05 11:46:20,B,3594,62,2565284,3875,28.7,1021.8,56-614-135
2026-09-05 11:46:20,B,3595,207,2565386,3875,28.7,1021.8,56-614-135
2026-09-05 11:46:21,T,3033,120,2565977,1817,28.7,1021.8,56-614-135
2026-09-05 11:46:22,B,3596,149,2566949,3878,28.7,1021.8,56-614-135
2026-09-05 11:46:22,B,3597,100,2567157,3878,28.7,1021.8,56-614-135
2026-09-05 11:46:22,T,3034,403,2567234,1818,28.7,1021.8,56-614-135
2026-09-05 11:46:22,B,3598,591,2567234,3878,28.7,1021.8,56-614-135
2026-09-05 11:46:22,C,534,497,2567234,2848,28.7,1021.8,56-614-135
2026-09-05 11:46:22,T,3035,147,2567821,1818,28.7,1021.8,56-614-135
2026-09-05 11:46:23,T,3036,143,2568531,1818,28.7,1021.8,56-614-135
2026-09-05 11:46:24,B,3599,249,2568977,3886,28.7,1021.8,56-614-135
2026-09-05 11:46:24,B,3600,207,2569247,3886,28.7,1021.8,56-614-135
2026-09-05 11:46:24,B,3601,307,2569438,3886,28.7,1021.8,56-614-135
2026-09-05 11:46:24,B,3602,215,2569488,3886,28.7,1021.8,56-614-135
2026-09-05 11:46:24,T,3037,357,2569603,1819,28.7,1021.8,56-614-135
2026-09-05 11:46:24,B,3603,498,2569603,3886,28.7,1021.8,56-614-135
2026-09-05 11:46:25,C,535,427,2569603,2853,28.7,1021.8,56-614-135
2026-09-05 11:46:25,B,3604,188,2569850,3886,28.7,1021.8,56-614-135
2026-09-05 11:46:25,T,3038,327,2570006,1821,28.7,1021.8,56-614-135
2026-09-05 11:46:25,B,3605,431,2570006,3888,28.7,1021.8,56-614-135
2026-09-05 11:46:26,C,536,379,2570006,2855,28.7,1021.8,56-614-135
2026-09-05 11:46:26,B,3606,51,2570065,3888,28.7,1021.8,56-614-135
2026-09-05 11:46:26,T,3039,87,2570113,1821,28.7,1021.8,56-614-135
2026-09-05 11:46:26,T,3040,63,2570520,1821,28.7,1021.8,56-614-135
2026-09-05 11:46:26,T,3041,386,2570731,1821,28.7,1021.8,56-614-135
2026-09-05 11:46:26,B,3607,225,2571212,3889,28.7,1021.8,56-614-135
2026-09-05 11:46:27,T,3042,576,2571572,1822,28.7,1021.8,56-614-135
2026-09-05 11:46:28,T,3043,144,2572034,1823,28.7,1021.8,56-614-135
2026-09-05 11:46:28,B,3608,543,2572245,3890,28.7,1021.8,56-614-135
2026-09-05 11:46:29,T,3044,178,2573158,1825,28.7,1021.7,56-614-135
2026-09-05 11:46:29,T,3045,77,2573580,1825,28.7,1021.7,56-614-135
2026-09-05 11:46:29,T,3046,112,2573622,1825,28.7,1021.7,56-614-135
2026-09-05 11:46:29,T,3047,453,2573677,1825,28.7,1021.7,56-614-135
2026-09-05 11:46:30,B,3609,513,2574511,3893,28.7,1021.7,56-614-135
2026-09-05 11:46:30,T,3048,494,2574817,1826,28.7,1021.7,56-614-135
2026-09-05 11:46:30,B,3610,391,2574817,3893,28.7,1021.7,56-614-135
2026-09-05 11:46:30,C,537,442,2574817,2860,28.7,1021.7,56-614-135
2026-09-05 11:46:31,B,3611,79,2575286,3894,28.7,1021.7,56-614-135
2026-09-05 11:46:32,B,3612,369,2576328,3896,28.7,1021.7,56-614-135
2026-09-05 11:46:32,T,3049,147,2576429,1827,28.7,1021.7,56-614-135
2026-09-05 11:46:32,T,3050,148,2576443,1827,28.7,1021.7,56-614-135
2026-09-05 11:46:32,T,3051,130,2576958,1827,28.7,1021.7,56-614-135
2026-09-05 11:46:33,B,3613,382,2577739,3897,28.7,1021.7,56-614-135
2026-09-05 11:46:34,B,3614,736,2578242,3901,28.7,1021.7,56-614-135
2026-09-05 11:46:34,T,3052,79,2578680,1827,28.7,1021.7,56-614-135
2026-09-05 11:46:34,B,3615,61,2578703,3901,28.7,1021.7,56-614-135
2026-09-05 11:46:34,B,3616,455,2578812,3901,28.7,1021.7,56-614-135
2026-09-05 11:46:35,T,3053,94,2579934,1828,28.7,1021.7,56-614-135
2026-09-05 11:46:36,B,3617,299,2580818,3903,28.7,1021.7,56-614-135
2026-09-05 11:46:36,B,3618,443,2580930,3903,28.7,1021.7,56-614-135
2026-09-05 11:46:37,T,3054,99,2581697,1828,28.7,1021.7,56-614-135
2026-09-05 11:46:38,T,3055,246,2582265,1829,28.7,1021.7,56-614-135
2026-09-05 11:46:39,B,3619,66,2583483,3907,28.7,1021.7,56-614-135
2026-09-05 11:46:39,B,3620,874,2583617,3907,28.7,1021.7,56-614-135
2026-09-05 11:46:39,B,3621,243,2584007,3907,28.7,1021.7,56-614-135
2026-09-05 11:46:40,B,3622,338,2584117,3912,28.7,1021.7,56-614-135
2026-09-05 11:46:40,B,3623,137,2584462,3912,28.7,1021.7,56-614-135
2026-09-05 11:46:40,B,3624,150,2584470,3912,28.7,1021.7,56-614-135
2026-09-05 11:46:40,B,3625,420,2584819,3912,28.7,1021.7,56-614-135
2026-09-05 11:46:40,T,3056,150,2584907,1829,28.7,1021.7,56-614-135
2026-09-05 11:46:41,T,3057,180,2585822,1830,28.7,1021.7,56-614-135
2026-09-05 11:46:42,B,3626,261,2586489,3915,28.7,1021.7,56-614-135
2026-09-05 11:46:42,B,3627,579,2586745,3915,28.7,1021.7,56-614-135
2026-09-05 11:46:42,T,3058,345,2586917,1831,28.7,1021.7,56-614-135
2026-09-05 11:46:42,B,3628,69,2586964,3915,28.7,1021.7,56-614-135
2026-09-05 11:46:43,T,3059,248,2587242,1831,28.7,1021.7,56-614-135
2026-09-05 11:46:43,T,3060,84,2587340,1831,28.7,1021.7,56-614-135
2026-09-05 11:46:43,B,3629,63,2587470,3918,28.7,1021.7,56-614-135
2026-09-05 11:46:43,B,3630,109,2587730,3918,28.7,1021.7,56-614-135
2026-09-05 11:46:43,B,3631,170,2587979,3918,28.7,1021.7,56-614-135
2026-09-05 11:46:44,B,3632,171,2588190,3919,28.7,1021.7,56-614-135
2026-09-05 11:46:44,T,3061,183,2588342,1833,28.7,1021.7,56-614-135
2026-09-05 11:46:44,T,3062,247,2588560,1833,28.7,1021.7,56-614-135
2026-09-05 11:46:45,T,3063,172,2589185,1834,28.7,1021.7,56-614-135
2026-09-05 11:46:45,B,3633,50,2589378,3920,28.7,1021.7,56-614-135
2026-09-05 11:46:45,T,3064,329,2589397,1834,28.7,1021.7,56-614-135
2026-09-05 11:46:45,B,3634,50,2589634,3920,28.7,1021.7,56-614-135
2026-09-05 11:46:45,T,3065,54,2589766,1834,28.7,1021.7,56-614-135
2026-09-05 11:46:46,B,3635,105,2590933,3922,28.7,1021.7,56-614-135
2026-09-05 11:46:46,T,3066,297,2591169,1835,28.7,1021.7,56-614-135
2026-09-05 11:46:46,B,3636,408,2591169,3922,28.7,1021.7,56-614-135
2026-09-05 11:46:46,C,538,352,2591169,2878,28.7,1021.7,56-614-135
2026-09-05 11:46:47,T,3067,70,2591201,1837,28.7,1021.7,56-614-135
2026-09-05 11:46:47,B,3637,75,2591282,3925,28.7,1021.7,56-614-135
2026-09-05 11:46:47,T,3068,441,2591372,1837,28.7,1021.7,56-614-135
2026-09-05 11:46:47,B,3638,440,2591372,3925,28.7,1021.7,56-614-135
2026-09-05 11:46:47,C,539,440,2591372,2881,28.7,1021.7,56-614-135
2026-09-05 11:46:47,B,3639,94,2591406,3925,28.7,1021.7,56-614-135
2026-09-05 11:46:47,T,3069,138,2591905,1837,28.7,1021.7,56-614-135
2026-09-05 11:46:47,T,3070,380,2591940,1837,28.7,1021.7,56-614-135
2026-09-05 11:46:48,T,3071,99,2592380,1838,28.7,1021.7,56-614-135
2026-09-05 11:46:48,B,3640,142,2592779,3928,28.7,1021.7,56-614-135
2026-09-05 11:46:48,T,3072,107,2592839,1838,28.7,1021.7,56-614-135
2026-09-05 11:46:48,B,3641,555,2592936,3928,28.7,1021.7,56-614-135
2026-09-05 11:46:48,B,3642,81,2593144,3928,28.7,1021.7,56-614-135
2026-09-05 11:46:49,B,3643,381,2593486,3931,28.7,1021.7,56-614-135
2026-09-05 11:46:49,T,3073,286,2593684,1839,28.7,1021.7,56-614-135
2026-09-05 11:46:49,B,3644,388,2593684,3931,28.7,1021.7,56-614-135
2026-09-05 11:46:49,C,540,337,2593684,2885,28.7,1021.7,56-614-135
2026-09-05 11:46:50,B,3645,162,2594489,3932,28.7,1021.7,56-614-135
2026-09-05 11:46:51,T,3074,297,2595684,1840,28.7,1021.7,56-614-135
2026-09-05 11:46:51,T,3075,116,2596101,1840,28.7,1021.7,56-614-135
2026-09-05 11:46:51,T,3076,154,2596132,1840,28.7,1021.7,56-614-135
2026-09-05 11:46:52,B,3646,345,2596433,3933,28.7,1021.7,56-614-135
2026-09-05 11:46:52,T,3077,332,2596895,1842,28.7,1021.7,56-614-135
2026-09-05 11:46:52,T,3078,321,2597144,1842,28.7,1021.7,56-614-135
2026-09-05 11:46:53,T,3079,378,2597446,1843,28.7,1021.7,56-614-135
2026-09-05 11:46:53,B,3647,357,2598152,3935,28.7,1021.7,56-614-135
2026-09-05 11:46:54,B,3648,251,2599071,3937,28.7,1021.7,56-614-135
2026-09-05 11:46:54,B,3649,127,2599086,3937,28.7,1021.7,56-614-135
2026-09-05 11:46:55,B,3650,647,2599425,3940,28.7,1021.7,56-614-135
2026-09-05 11:46:55,B,3651,130,2599833,3940,28.7,1021.7,56-614-135
2026-09-05 11:46:55,B,3652,198,2600181,3940,28.7,1021.7,56-614-135
2026-09-05 11:46:57,T,3080,620,2601532,1844,28.7,1021.7,56-614-135
2026-09-05 11:46:58,B,3653,155,2602408,3941,28.7,1021.7,56-614-135
2026-09-05 11:46:58,T,3081,150,2602689,1844,28.7,1021.7,56-614-135
2026-09-05 11:46:59,T,3082,569,2603530,1846,28.7,1021.7,56-614-135
2026-09-05 11:46:59,B,3654,436,2603530,3946,28.7,1021.7,56-614-135
2026-09-05 11:46:59,C,541,502,2603530,2896,28.7,1021.7,56-614-135
2026-09-05 11:46:59,B,3655,478,2603641,3946,28.7,1021.7,56-614-135
2026-09-05 11:46:59,B,3656,540,2603922,3946,28.7,1021.7,56-614-135
2026-09-05 11:46:59,T,3083,215,2604022,1846,28.7,1021.7,56-614-135
2026-09-05 11:47:00,B,3657,424,2604653,3948,28.7,1021.7,56-614-135
2026-09-05 11:47:00,T,3084,96,2605062,1846,28.7,1021.7,56-614-135
2026-09-05 11:47:00,B,3658,210,2605099,3948,28.7,1021.7,56-614-135
2026-09-05 11:47:01,T,3085,185,2605415,1847,28.7,1021.7,56-614-135
2026-09-05 11:47:01,B,3659,99,2605735,3951,28.7,1021.7,56-614-135
2026-09-05 11:47:01,B,3660,557,2606005,3951,28.7,1021.7,56-614-135
2026-09-05 11:47:02,T,3086,307,2606988,1848,28.7,1021.7,56-614-135
2026-09-05 11:47:03,B,3661,88,2608366,3952,28.7,1021.7,56-614-135
2026-09-05 11:47:04,T,3087,59,2608540,1849,28.7,1021.8,56-614-135
2026-09-05 11:47:04,T,3088,199,2608631,1849,28.7,1021.8,56-614-135
2026-09-05 11:47:04,T,3089,415,2609238,1849,28.7,1021.8,56-614-135
2026-09-05 11:47:05,B,3662,103,2609710,3956,28.7,1021.8,56-614-135
2026-09-05 11:47:05,B,3663,580,2609847,3956,28.7,1021.8,56-614-135
2026-09-05 11:47:05,B,3664,577,2609916,3956,28.7,1021.8,56-614-135
2026-09-05 11:47:06,B,3665,298,2610853,3957,28.7,1021.8,56-614-135
2026-09-05 11:47:07,T,3090,448,2611533,1852,28.7,1021.8,56-614-135
2026-09-05 11:47:07,B,3666,411,2611536,3959,28.7,1021.8,56-614-135
2026-09-05 11:47:07,T,3091,369,2611536,1852,28.7,1021.8,56-614-135
2026-09-05 11:47:07,T,3092,333,2611757,1852,28.7,1021.8,56-614-135
2026-09-05 11:47:07,B,3667,121,2612166,3959,28.7,1021.8,56-614-135
2026-09-05 11:47:09,T,3093,499,2613725,1853,28.7,1021.7,56-614-135
2026-09-05 11:47:09,B,3668,150,2613886,3960,28.7,1021.7,56-614-135
2026-09-05 11:47:10,T,3094,682,2615057,1855,28.7,1021.7,56-614-135
2026-09-05 11:47:10,B,3669,378,2615057,3963,28.7,1021.7,56-614-135
2026-09-05 11:47:10,C,542,530,2615057,2909,28.7,1021.7,56-614-135
2026-09-05 11:47:10,T,3095,514,2615062,1855,28.7,1021.7,56-614-135
2026-09-05 11:47:10,B,3670,554,2615062,3963,28.7,1021.7,56-614-135
2026-09-05 11:47:10,C,543,534,2615062,2909,28.7,1021.7,56-614-135
2026-09-05 11:47:12,B,3671,158,2616529,3965,28.7,1021.7,56-614-135
2026-09-05 11:47:12,B,3672,141,2617326,3965,28.7,1021.7,56-614-135
2026-09-05 11:47:14,B,3673,103,2618605,3967,28.7,1021.7,56-614-135
2026-09-05 11:47:14,B,3674,129,2619097,3967,28.7,1021.7,56-614-135
2026-09-05 11:47:15,B,3675,53,2619675,3969,28.7,1021.7,56-614-135
2026-09-05 11:47:15,T,3096,73,2619853,1856,28.7,1021.7,56-614-135
2026-09-05 11:47:15,T,3097,431,2620512,1856,28.7,1021.7,56-614-135
2026-09-05 11:47:15,B,3676,417,2620512,3969,28.7,1021.7,56-614-135
2026-09-05 11:47:15,C,544,424,2620512,2912,28.7,1021.7,56-614-135
2026-09-05 11:47:16,T,3098,137,2621086,1856,28.7,1021.7,56-614-135
2026-09-05 11:47:16,B,3677,391,2621327,3970,28.7,1021.7,56-614-135
2026-09-05 11:47:17,T,3099,144,2621569,1858,28.7,1021.7,56-614-135
2026-09-05 11:47:17,B,3678,106,2621716,3971,28.7,1021.7,56-614-135
2026-09-05 11:47:17,T,3100,395,2621869,1858,28.7,1021.7,56-614-135
2026-09-05 11:47:18,T,3101,879,2623278,1860,28.7,1021.7,56-614-135
2026-09-05 11:47:18,T,3102,318,2623416,1860,28.7,1021.7,56-614-135
2026-09-05 11:47:19,T,3103,57,2624268,1860,28.7,1021.7,56-614-135
2026-09-05 11:47:20,B,3679,121,2625162,3972,28.7,1021.7,56-614-135
2026-09-05 11:47:20,T,3104,352,2625208,1860,28.7,1021.7,56-614-135
2026-09-05 11:47:21,T,3105,60,2625907,1861,28.7,1021.7,56-614-135
2026-09-05 11:47:21,B,3680,309,2625996,3973,28.7,1021.7,56-614-135
2026-09-05 11:47:22,T,3106,217,2627425,1861,28.7,1021.7,56-614-135
2026-09-05 11:47:23,T,3107,617,2627743,1865,28.7,1021.7,56-614-135
2026-09-05 11:47:23,T,3108,437,2627750,1865,28.7,1021.7,56-614-135
2026-09-05 11:47:23,B,3681,482,2627750,3977,28.7,1021.7,56-614-135
2026-09-05 11:47:23,C,545,459,2627750,2921,28.7,1021.7,56-614-135
2026-09-05 11:47:23,B,3682,308,2628010,3977,28.7,1021.7,56-614-135
2026-09-05 11:47:23,T,3109,339,2628010,1865,28.7,1021.7,56-614-135
2026-09-05 11:47:23,B,3683,116,2628220,3977,28.7,1021.7,56-614-135
2026-09-05 11:47:23,T,3110,162,2628554,1865,28.7,1021.7,56-614-135
2026-09-05 11:47:24,T,3111,416,2628756,1865,28.7,1021.7,56-614-135
2026-09-05 11:47:24,B,3684,140,2628777,3978,28.7,1021.7,56-614-135
2026-09-05 11:47:24,T,3112,303,2629626,1866,28.7,1021.7,56-614-135
2026-09-05 11:47:25,T,3113,182,2630427,1867,28.7,1021.7,56-614-135
2026-09-05 11:47:26,B,3685,77,2631423,3981,28.7,1021.7,56-614-135
2026-09-05 11:47:26,T,3114,61,2631469,1867,28.7,1021.7,56-614-135
2026-09-05 11:47:26,B,3686,125,2631486,3981,28.7,1021.7,56-614-135
2026-09-05 11:47:26,B,3687,298,2631591,3981,28.7,1021.7,56-614-135
2026-09-05 11:47:27,B,3688,141,2632323,3982,28.7,1021.7,56-614-135
2026-09-05 11:47:28,T,3115,110,2632730,1867,28.7,1021.7,56-614-135
2026-09-05 11:47:29,T,3116,117,2633873,1868,28.7,1021.7,56-614-135
2026-09-05 11:47:29,B,3689,88,2633884,3984,28.7,1021.7,56-614-135
2026-09-05 11:47:29,T,3117,55,2633973,1868,28.7,1021.7,56-614-135
2026-09-05 11:47:29,B,3690,506,2634461,3984,28.7,1021.7,56-614-135
2026-09-05 11:47:29,T,3118,358,2634461,1868,28.7,1021.7,56-614-135
2026-09-05 11:47:30,B,3691,58,2635638,3985,28.7,1021.7,56-614-135
2026-09-05 11:47:31,B,3692,79,2635858,3986,28.7,1021.7,56-614-135
2026-09-05 11:47:32,B,3693,80,2637245,3986,28.7,1021.7,56-614-135
2026-09-05 11:47:32,T,3119,52,2637639,1869,28.7,1021.7,56-614-135
2026-09-05 11:47:32,T,3120,126,2637659,1869,28.7,1021.7,56-614-135
2026-09-05 11:47:33,B,3694,100,2638136,3989,28.7,1021.7,56-614-135
2026-09-05 11:47:33,T,3121,215,2638181,1870,28.7,1021.7,56-614-135
2026-09-05 11:47:33,B,3695,128,2638421,3989,28.7,1021.7,56-614-135
2026-09-05 11:47:33,T,3122,51,2638605,1870,28.7,1021.7,56-614-135
2026-09-05 11:47:33,B,3696,107,2638660,3989,28.7,1021.7,56-614-135
2026-09-05 11:47:34,B,3697,571,2638748,3991,28.7,1021.7,56-614-135
2026-09-05 11:47:34,T,3123,364,2638897,1870,28.7,1021.7,56-614-135
2026-09-05 11:47:35,B,3698,93,2640290,3993,28.7,1021.7,56-614-135
2026-09-05 11:47:35,T,3124,170,2640374,1871,28.7,1021.7,56-614-135
2026-09-05 11:47:35,B,3699,186,2640452,3993,28.7,1021.7,56-614-135
2026-09-05 11:47:35,B,3700,53,2640586,3993,28.7,1021.7,56-614-135
2026-09-05 11:47:36,B,3701,83,2640778,3995,28.7,1021.7,56-614-135
2026-09-05 11:47:36,T,3125,418,2640975,1872,28.7,1021.7,56-614-135
2026-09-05 11:47:36,B,3702,648,2640975,3995,28.7,1021.7,56-614-135
2026-09-05 11:47:36,C,546,533,2640975,2934,28.7,1021.7,56-614-135
2026-09-05 11:47:37,B,3703,238,2642040,3996,28.7,1021.7,56-614-135
2026-09-05 11:47:38,T,3126,316,2642853,1874,28.7,1021.7,56-614-135
2026-09-05 11:47:38,B,3704,435,2642853,4004,28.7,1021.7,56-614-135
2026-09-05 11:47:38,C,547,375,2642853,2939,28.7,1021.7,56-614-135
2026-09-05 11:47:38,T,3127,76,2642991,1874,28.7,1021.7,56-614-135
2026-09-05 11:47:38,B,3705,192,2643144,4004,28.7,1021.7,56-614-135
2026-09-05 11:47:38,T,3128,387,2643167,1874,28.7,1021.7,56-614-135
2026-09-05 11:47:38,B,3706,143,2643319,4004,28.7,1021.7,56-614-135
2026-09-05 11:47:38,B,3707,207,2643346,4004,28.7,1021.7,56-614-135
2026-09-05 11:47:38,B,3708,487,2643354,4004,28.7,1021.7,56-614-135
2026-09-05 11:47:38,B,3709,144,2643559,4004,28.7,1021.7,56-614-135
2026-09-05 11:47:39,T,3129,281,2643870,1874,28.7,1021.8,56-614-135
2026-09-05 11:47:40,T,3130,74,2645357,1876,28.7,1021.8,56-614-135
2026-09-05 11:47:40,T,3131,582,2645549,1876,28.7,1021.8,56-614-135
2026-09-05 11:47:40,B,3710,420,2645672,4005,28.7,1021.8,56-614-135
2026-09-05 11:47:43,T,3132,488,2647883,1878,28.7,1021.8,56-614-135
2026-09-05 11:47:43,T,3133,426,2648017,1878,28.7,1021.8,56-614-135
2026-09-05 11:47:43,T,3134,85,2648324,1878,28.7,1021.8,56-614-135
2026-09-05 11:47:43,T,3135,215,2648706,1878,28.7,1021.8,56-614-135
2026-09-05 11:47:44,T,3136,350,2648891,1881,28.7,1021.7,56-614-135
2026-09-05 11:47:44,T,3137,518,2648927,1881,28.7,1021.7,56-614-135
2026-09-05 11:47:44,B,3711,491,2648927,4008,28.7,1021.7,56-614-135
2026-09-05 11:47:44,C,548,504,2648927,2944,28.7,1021.7,56-614-135
2026-09-05 11:47:44,T,3138,292,2649029,1881,28.7,1021.7,56-614-135
2026-09-05 11:47:44,B,3712,390,2649029,4008,28.7,1021.7,56-614-135
2026-09-05 11:47:44,C,549,341,2649029,2944,28.7,1021.7,56-614-135
2026-09-05 11:47:45,B,3713,100,2650190,4010,28.7,1021.7,56-614-135
2026-09-05 11:47:45,B,3714,142,2650689,4010,28.7,1021.7,56-614-135
2026-09-05 11:47:46,B,3715,150,2650884,4012,28.7,1021.7,56-614-135
2026-09-05 11:47:46,T,3139,59,2651127,1882,28.7,1021.7,56-614-135
2026-09-05 11:47:46,T,3140,112,2651278,1882,28.7,1021.7,56-614-135
2026-09-05 11:47:46,T,3141,63,2651361,1882,28.7,1021.7,56-614-135
2026-09-05 11:47:46,B,3716,183,2651678,4012,28.7,1021.7,56-614-135
2026-09-05 11:47:47,B,3717,51,2652412,4014,28.7,1021.7,56-614-135
2026-09-05 11:47:47,B,3718,52,2652488,4014,28.7,1021.7,56-614-135
2026-09-05 11:47:47,B,3719,130,2652716,4014,28.7,1021.7,56-614-135
2026-09-05 11:47:48,T,3142,129,2653229,1882,28.7,1021.7,56-614-135
2026-09-05 11:47:48,B,3720,312,2653606,4015,28.7,1021.7,56-614-135
2026-09-05 11:47:49,B,3721,492,2654003,4019,28.7,1021.7,56-614-135
2026-09-05 11:47:49,T,3143,341,2654003,1883,28.7,1021.7,56-614-135
2026-09-05 11:47:49,B,3722,220,2654066,4019,28.7,1021.7,56-614-135
2026-09-05 11:47:49,B,3723,93,2654403,4019,28.7,1021.7,56-614-135
2026-09-05 11:47:49,B,3724,60,2654758,4019,28.7,1021.7,56-614-135
2026-09-05 11:47:50,T,3144,411,2655049,1884,28.7,1021.7,56-614-135
2026-09-05 11:47:50,B,3725,537,2655411,4021,28.7,1021.7,56-614-135
2026-09-05 11:47:51,T,3145,274,2656816,1884,28.7,1021.7,56-614-135
2026-09-05 11:47:52,B,3726,74,2657031,4026,28.7,1021.7,56-614-135
2026-09-05 11:47:52,B,3727,350,2657032,4026,28.7,1021.7,56-614-135
2026-09-05 11:47:52,B,3728,426,2657142,4026,28.7,1021.7,56-614-135
2026-09-05 11:47:52,B,3729,111,2657526,4026,28.7,1021.7,56-614-135
2026-09-05 11:47:52,T,3146,501,2657552,1886,28.7,1021.7,56-614-135
2026-09-05 11:47:52,B,3730,426,2657552,4026,28.7,1021.7,56-614-135
2026-09-05 11:47:52,C,550,463,2657552,2956,28.7,1021.7,56-614-135
2026-09-05 11:47:52,T,3147,372,2657929,1886,28.7,1021.7,56-614-135
2026-09-05 11:47:55,T,3148,54,2659682,1887,28.7,1021.7,56-614-135
2026-09-05 11:47:55,B,3731,337,2659686,4028,28.7,1021.7,56-614-135
2026-09-05 11:47:55,T,3149,215,2659717,1887,28.7,1021.7,56-614-135
2026-09-05 11:47:56,T,3150,291,2660197,1888,28.7,1021.7,56-614-135
2026-09-05 11:47:56,B,3732,227,2660363,4030,28.7,1021.7,56-614-135
2026-09-05 11:47:56,B,3733,130,2660656,4030,28.7,1021.7,56-614-135
2026-09-05 11:47:57,B,3734,128,2661334,4035,28.7,1021.7,56-614-135
2026-09-05 11:47:57,B,3735,452,2661377,4035,28.7,1021.7,56-614-135
2026-09-05 11:47:57,B,3736,66,2661409,4035,28.7,1021.7,56-614-135
2026-09-05 11:47:57,B,3737,119,2661695,4035,28.7,1021.7,56-614-135
2026-09-05 11:47:57,B,3738,249,2661800,4035,28.7,1021.7,56-614-135
2026-09-05 11:47:58,T,3151,554,2662177,1889,28.7,1021.7,56-614-135
2026-09-05 11:47:58,B,3739,387,2662177,4036,28.7,1021.7,56-614-135
2026-09-05 11:47:58,C,551,470,2662177,2963,28.7,1021.7,56-614-135
2026-09-05 11:47:58,T,3152,76,2662526,1889,28.7,1021.7,56-614-135
2026-09-05 11:47:59,B,3740,76,2663070,4039,28.7,1021.7,56-614-135
2026-09-05 11:47:59,T,3153,354,2663402,1890,28.7,1021.7,56-614-135
2026-09-05 11:47:59,B,3741,600,2663405,4039,28.7,1021.7,56-614-135
2026-09-05 11:47:59,T,3154,293,2663770,1890,28.7,1021.7,56-614-135
2026-09-05 11:48:00,T,3155,81,2664250,1892,28.7,1021.7,56-614-135
2026-09-05 11:48:00,B,3742,56,2664355,4042,28.7,1021.7,56-614-135
2026-09-05 11:48:00,B,3743,74,2664490,4042,28.7,1021.7,56-614-135
2026-09-05 11:48:00,T,3156,50,2664661,1892,28.7,1021.7,56-614-135
2026-09-05 11:48:00,T,3157,559,2664756,1892,28.7,1021.7,56-614-135
2026-09-05 11:48:00,B,3744,766,2664756,4042,28.7,1021.7,56-614-135
2026-09-05 11:48:00,C,552,662,2664756,2967,28.7,1021.7,56-614-135
2026-09-05 11:48:00,T,3158,93,2664880,1892,28.7,1021.7,56-614-135
2026-09-05 11:48:01,T,3159,260,2665619,1893,28.7,1021.7,56-614-135
2026-09-05 11:48:01,B,3745,134,2665744,4043,28.7,1021.7,56-614-135
2026-09-05 11:48:02,B,3746,59,2666260,4043,28.7,1021.7,56-614-135
2026-09-05 11:48:05,T,3160,495,2669183,1894,28.7,1021.8,56-614-135
2026-09-05 11:48:05,T,3161,59,2669386,1894,28.7,1021.8,56-614-135
2026-09-05 11:48:05,B,3747,239,2669633,4045,28.7,1021.8,56-614-135
2026-09-05 11:48:05,B,3748,122,2670053,4045,28.7,1021.8,56-614-135
2026-09-05 11:48:06,B,3749,61,2670231,4046,28.7,1021.8,56-614-135
2026-09-05 11:48:06,T,3162,336,2670892,1896,28.7,1021.8,56-614-135
2026-09-05 11:48:06,T,3163,158,2671058,1896,28.7,1021.8,56-614-135
2026-09-05 11:48:06,T,3164,206,2671071,1896,28.7,1021.8,56-614-135
2026-09-05 11:48:07,T,3165,94,2671395,1897,28.7,1021.8,56-614-135
2026-09-05 11:48:07,T,3166,187,2671624,1897,28.7,1021.8,56-614-135
2026-09-05 11:48:08,B,3750,66,2672726,4049,28.7,1021.8,56-614-135
2026-09-05 11:48:08,T,3167,50,2672743,1899,28.7,1021.8,56-614-135
2026-09-05 11:48:08,T,3168,540,2672834,1899,28.7,1021.8,56-614-135
2026-09-05 11:48:08,B,3751,513,2672834,4049,28.7,1021.8,56-614-135
2026-09-05 11:48:08,C,553,526,2672834,2974,28.7,1021.8,56-614-135
2026-09-05 11:48:08,B,3752,87,2672880,4049,28.7,1021.8,56-614-135
2026-09-05 11:48:08,T,3169,514,2672900,1899,28.7,1021.8,56-614-135
2026-09-05 11:48:09,B,3753,308,2673298,4050,28.7,1021.8,56-614-135
2026-09-05 11:48:10,B,3754,376,2674746,4051,28.7,1021.7,56-614-135
2026-09-05 11:48:11,B,3755,266,2675212,4055,28.7,1021.7,56-614-135
2026-09-05 11:48:11,B,3756,52,2675647,4055,28.7,1021.7,56-614-135
2026-09-05 11:48:11,B,3757,475,2675753,4055,28.7,1021.7,56-614-135
2026-09-05 11:48:11,T,3170,661,2675992,1900,28.7,1021.7,56-614-135
2026-09-05 11:48:11,T,3171,270,2676044,1900,28.7,1021.7,56-614-135
2026-09-05 11:48:12,B,3758,63,2676619,4055,28.7,1021.7,56-614-135
2026-09-05 11:48:13,T,3172,320,2678063,1901,28.7,1021.7,56-614-135
2026-09-05 11:48:14,B,3759,700,2678836,4057,28.7,1021.7,56-614-135
2026-09-05 11:48:15,B,3760,85,2679397,4058,28.7,1021.7,56-614-135
2026-09-05 11:48:15,T,3173,63,2680073,1901,28.7,1021.7,56-614-135
2026-09-05 11:48:16,T,3174,495,2680243,1902,28.7,1021.7,56-614-135
2026-09-05 11:48:16,B,3761,245,2680487,4060,28.7,1021.7,56-614-135
2026-09-05 11:48:16,B,3762,124,2681016,4060,28.7,1021.7,56-614-135
2026-09-05 11:48:17,B,3763,78,2681728,4061,28.7,1021.7,56-614-135
2026-09-05 11:48:18,B,3764,66,2682368,4061,28.7,1021.7,56-614-135
2026-09-05 11:48:18,T,3175,63,2683128,1902,28.7,1021.7,56-614-135
2026-09-05 11:48:19,B,3765,169,2683833,4063,28.7,1021.7,56-614-135
2026-09-05 11:48:19,B,3766,93,2684178,4063,28.7,1021.7,56-614-135
2026-09-05 11:48:20,B,3767,120,2684371,4067,28.7,1021.8,56-614-135
2026-09-05 11:48:20,T,3176,375,2684552,1905,28.7,1021.8,56-614-135
2026-09-05 11:48:20,B,3768,324,2684590,4067,28.7,1021.8,56-614-135
2026-09-05 11:48:20,T,3177,421,2685071,1905,28.7,1021.8,56-614-135
2026-09-05 11:48:20,B,3769,432,2685071,4067,28.7,1021.8,56-614-135
2026-09-05 11:48:20,C,554,426,2685071,2986,28.7,1021.8,56-614-135
2026-09-05 11:48:20,T,3178,282,2685113,1905,28.7,1021.8,56-614-135
2026-09-05 11:48:21,T,3179,687,2685852,1906,28.7,1021.8,56-614-135
2026-09-05 11:48:21,B,3770,632,2685852,4070,28.7,1021.8,56-614-135
2026-09-05 11:48:21,C,555,660,2685852,2988,28.7,1021.8,56-614-135
2026-09-05 11:48:21,B,3771,276,2686072,4070,28.7,1021.8,56-614-135
2026-09-05 11:48:22,B,3772,334,2686406,4072,28.7,1021.8,56-614-135
2026-09-05 11:48:22,B,3773,400,2687156,4072,28.7,1021.8,56-614-135
2026-09-05 11:48:22,B,3774,948,2687304,4074,28.7,1021.8,56-614-135
2026-09-05 11:48:23,T,3180,344,2687492,1908,28.7,1021.8,56-614-135
2026-09-05 11:48:23,B,3775,472,2687492,4077,28.7,1021.8,56-614-135
2026-09-05 11:48:23,C,556,408,2687492,2992,28.7,1021.8,56-614-135
2026-09-05 11:48:23,B,3776,140,2687788,4077,28.7,1021.8,56-614-135
2026-09-05 11:48:23,T,3181,352,2688185,1908,28.7,1021.8,56-614-135
2026-09-05 11:48:24,T,3182,612,2688545,1910,28.7,1021.8,56-614-135
2026-09-05 11:48:24,B,3777,384,2688545,4078,28.7,1021.8,56-614-135
2026-09-05 11:48:24,C,557,498,2688545,2994,28.7,1021.8,56-614-135
2026-09-05 11:48:24,T,3183,153,2688807,1910,28.7,1021.8,56-614-135
2026-09-05 11:48:24,T,3184,109,2688976,1910,28.7,1021.8,56-614-135
2026-09-05 11:48:25,B,3778,80,2689525,4079,28.7,1021.8,56-614-135
2026-09-05 11:48:25,B,3779,53,2689601,4079,28.7,1021.8,56-614-135
2026-09-05 11:48:26,B,3780,82,2691175,4080,28.7,1021.8,56-614-135
2026-09-05 11:48:27,T,3185,99,2691411,1911,28.7,1021.8,56-614-135
2026-09-05 11:48:27,T,3186,590,2691991,1911,28.7,1021.8,56-614-135
2026-09-05 11:48:28,T,3187,151,2692920,1911,28.7,1021.8,56-614-135
2026-09-05 11:48:29,T,3188,301,2693761,1912,28.7,1021.8,56-614-135
2026-09-05 11:48:30,T,3189,65,2694632,1912,28.7,1021.8,56-614-135
2026-09-05 11:48:30,T,3190,73,2694804,1912,28.7,1021.8,56-614-135
2026-09-05 11:48:30,B,3781,426,2695140,4081,28.7,1021.8,56-614-135
2026-09-05 11:48:31,T,3191,115,2695495,1914,28.7,1021.8,56-614-135
2026-09-05 11:48:31,B,3782,84,2695728,4084,28.7,1021.8,56-614-135
2026-09-05 11:48:31,B,3783,93,2695864,4084,28.7,1021.8,56-614-135
2026-09-05 11:48:31,T,3192,69,2695945,1914,28.7,1021.8,56-614-135
2026-09-05 11:48:31,T,3193,305,2695970,1914,28.7,1021.8,56-614-135
2026-09-05 11:48:31,B,3784,295,2696218,4084,28.7,1021.8,56-614-135
2026-09-05 11:48:31,T,3194,120,2696352,1914,28.7,1021.8,56-614-135
2026-09-05 11:48:32,B,3785,250,2696466,4087,28.7,1021.8,56-614-135
2026-09-05 11:48:32,B,3786,487,2696819,4087,28.7,1021.8,56-614-135
2026-09-05 11:48:32,T,3195,310,2697031,1915,28.7,1021.8,56-614-135
2026-09-05 11:48:33,B,3787,130,2697546,4088,28.7,1021.8,56-614-135
2026-09-05 11:48:34,T,3196,69,2699334,1915,28.7,1021.8,56-614-135
2026-09-05 11:48:35,B,3788,61,2699605,4090,28.7,1021.8,56-614-135
2026-09-05 11:48:35,B,3789,643,2699618,4090,28.7,1021.8,56-614-135
2026-09-05 11:48:35,T,3197,428,2700316,1916,28.7,1021.8,56-614-135
2026-09-05 11:48:36,T,3198,322,2700699,1918,28.7,1021.8,56-614-135
2026-09-05 11:48:36,T,3199,371,2700781,1918,28.7,1021.8,56-614-135
2026-09-05 11:48:36,B,3790,426,2700781,4092,28.7,1021.8,56-614-135
2026-09-05 11:48:36,C,558,398,2700781,3005,28.7,1021.8,56-614-135
2026-09-05 11:48:36,T,3200,63,2700991,1918,28.7,1021.8,56-614-135
2026-09-05 11:48:36,B,3791,59,2701124,4092,28.7,1021.8,56-614-135
2026-09-05 11:48:36,T,3201,110,2701261,1918,28.7,1021.8,56-614-135
2026-09-05 11:48:37,T,3202,386,2701569,1920,28.7,1021.8,56-614-135
2026-09-05 11:48:37,B,3792,662,2701569,4096,28.7,1021.8,56-614-135
2026-09-05 11:48:37,C,559,524,2701569,3008,28.7,1021.8,56-614-135
2026-09-05 11:48:37,B,3793,309,2701593,4096,28.7,1021.8,56-614-135
2026-09-05 11:48:37,T,3203,438,2701710,1920,28.7,1021.8,56-614-135
2026-09-05 11:48:37,B,3794,177,2702327,4096,28.7,1021.8,56-614-135
2026-09-05 11:48:38,T,3204,462,2702711,1923,28.7,1021.8,56-614-135
2026-09-05 11:48:38,B,3795,534,2702711,4098,28.7,1021.8,56-614-135
2026-09-05 11:48:38,C,560,498,2702711,3010,28.7,1021.8,56-614-135
2026-09-05 11:48:38,T,3205,310,2703202,1923,28.7,1021.8,56-614-135
2026-09-05 11:48:38,T,3206,532,2703438,1923,28.7,1021.8,56-614-135
2026-09-05 11:48:39,T,3207,108,2703791,1923,28.7,1021.8,56-614-135
2026-09-05 11:48:39,B,3796,135,2704090,4099,28.7,1021.8,56-614-135
2026-09-05 11:48:40,T,3208,52,2704628,1924,28.7,1021.8,56-614-135
2026-09-05 11:48:40,T,3209,57,2704662,1924,28.7,1021.8,56-614-135
2026-09-05 11:48:40,T,3210,62,2704847,1924,28.7,1021.8,56-614-135
2026-09-05 11:48:40,T,3211,136,2705211,1924,28.7,1021.8,56-614-135
2026-09-05 11:48:40,T,3212,461,2705422,1924,28.7,1021.8,56-614-135
2026-09-05 11:48:41,B,3797,559,2705746,4100,28.7,1021.8,56-614-135
2026-09-05 11:48:42,B,3798,82,2707391,4101,28.7,1021.8,56-614-135
2026-09-05 11:48:42,T,3213,321,2707514,1925,28.7,1021.8,56-614-135
2026-09-05 11:48:43,T,3214,397,2707962,1927,28.7,1021.8,56-614-135
2026-09-05 11:48:43,B,3799,408,2707962,4102,28.7,1021.8,56-614-135
2026-09-05 11:48:43,C,561,402,2707962,3014,28.7,1021.8,56-614-135
2026-09-05 11:48:43,T,3215,144,2708351,1927,28.7,1021.8,56-614-135
2026-09-05 11:48:44,B,3800,72,2708997,4103,28.7,1021.8,56-614-135
2026-09-05 11:48:44,T,3216,369,2709038,1927,28.7,1021.8,56-614-135
2026-09-05 11:48:45,B,3801,78,2709716,4106,28.7,1021.8,56-614-135
2026-09-05 11:48:45,B,3802,335,2710264,4106,28.7,1021.8,56-614-135
2026-09-05 11:48:45,B,3803,60,2710396,4106,28.7,1021.8,56-614-135
2026-09-05 11:48:46,T,3217,126,2710663,1928,28.7,1021.8,56-614-135
2026-09-05 11:48:46,B,3804,470,2711444,4107,28.7,1021.8,56-614-135
2026-09-05 11:48:46,T,3218,50,2711544,1928,28.7,1021.8,56-614-135
2026-09-05 11:48:47,B,3805,105,2711716,4111,28.7,1021.8,56-614-135
2026-09-05 11:48:47,T,3219,288,2711813,1930,28.7,1021.8,56-614-135
2026-09-05 11:48:47,T,3220,473,2712133,1930,28.7,1021.8,56-614-135
2026-09-05 11:48:47,T,3221,413,2712331,1930,28.7,1021.8,56-614-135
2026-09-05 11:48:47,B,3806,393,2712331,4111,28.7,1021.8,56-614-135
2026-09-05 11:48:47,C,562,403,2712331,3021,28.7,1021.8,56-614-135
2026-09-05 11:48:47,B,3807,277,2712548,4111,28.7,1021.8,56-614-135
2026-09-05 11:48:48,B,3808,56,2712833,4112,28.7,1021.8,56-614-135
2026-09-05 11:48:48,B,3809,86,2713110,4112,28.7,1021.8,56-614-135
2026-09-05 11:48:48,T,3222,60,2713577,1931,28.7,1021.8,56-614-135
2026-09-05 11:48:49,B,3810,128,2713860,4116,28.7,1021.8,56-614-135
2026-09-05 11:48:49,B,3811,121,2713882,4116,28.7,1021.8,56-614-135
2026-09-05 11:48:49,T,3223,290,2713923,1932,28.7,1021.8,56-614-135
2026-09-05 11:48:49,B,3812,94,2714375,4116,28.7,1021.8,56-614-135
2026-09-05 11:48:49,T,3224,302,2714423,1932,28.7,1021.8,56-614-135
2026-09-05 11:48:49,B,3813,518,2714557,4116,28.7,1021.8,56-614-135
2026-09-05 11:48:50,T,3225,60,2714657,1934,28.7,1021.8,56-614-135
2026-09-05 11:48:50,T,3226,369,2714981,1934,28.7,1021.8,56-614-135
2026-09-05 11:48:50,B,3814,432,2714981,4118,28.7,1021.8,56-614-135
2026-09-05 11:48:50,C,563,400,2714981,3026,28.7,1021.8,56-614-135
2026-09-05 11:48:50,T,3227,646,2715170,1934,28.7,1021.8,56-614-135
2026-09-05 11:48:51,B,3815,323,2715801,4120,28.7,1021.8,56-614-135
2026-09-05 11:48:51,B,3816,149,2716405,4120,28.7,1021.8,56-614-135
2026-09-05 11:48:51,T,3228,284,2716520,1935,28.7,1021.8,56-614-135
2026-09-05 11:48:51,T,3229,55,2716532,1935,28.7,1021.8,56-614-135
2026-09-05 11:48:52,T,3230,194,2716995,1936,28.7,1021.8,56-614-135
2026-09-05 11:48:53,B,3817,86,2718240,4121,28.7,1021.8,56-614-135
2026-09-05 11:48:54,B,3818,333,2719450,4123,28.7,1021.8,56-614-135
2026-09-05 11:48:54,B,3819,175,2719578,4123,28.7,1021.8,56-614-135
2026-09-05 11:48:55,B,3820,53,2719959,4125,28.7,1021.8,56-614-135
2026-09-05 11:48:55,T,3231,554,2720165,1937,28.7,1021.8,56-614-135
2026-09-05 11:48:55,T,3232,63,2720242,1937,28.7,1021.8,56-614-135
2026-09-05 11:48:55,B,3821,408,2720565,4125,28.7,1021.8,56-614-135
2026-09-05 11:48:55,T,3233,366,2720656,1937,28.7,1021.8,56-614-135
2026-09-05 11:48:56,T,3234,216,2720709,1938,28.7,1021.8,56-614-135
2026-09-05 11:48:56,B,3822,120,2721079,4131,28.7,1021.8,56-614-135
2026-09-05 11:48:56,B,3823,298,2721129,4131,28.7,1021.8,56-614-135
2026-09-05 11:48:56,B,3824,131,2721227,4131,28.7,1021.8,56-614-135
2026-09-05 11:48:56,B,3825,231,2721581,4131,28.7,1021.8,56-614-135
2026-09-05 11:48:56,B,3826,912,2721641,4131,28.7,1021.8,56-614-135
2026-09-05 11:48:57,B,3827,356,2721938,4134,28.7,1021.8,56-614-135
2026-09-05 11:48:57,B,3828,478,2722128,4134,28.7,1021.8,56-614-135
2026-09-05 11:48:58,B,3829,279,2722740,4136,28.7,1021.8,56-614-135
2026-09-05 11:48:58,B,3830,64,2723305,4136,28.7,1021.8,56-614-135
2026-09-05 11:48:58,B,3831,79,2723631,4136,28.7,1021.8,56-614-135
2026-09-05 11:48:59,T,3235,96,2723905,1940,28.7,1021.8,56-614-135
2026-09-05 11:48:59,T,3236,417,2723969,1940,28.7,1021.8,56-614-135
2026-09-05 11:48:59,T,3237,461,2723974,1940,28.7,1021.8,56-614-135
2026-09-05 11:49:00,B,3832,490,2724899,4138,28.7,1021.8,56-614-135
2026-09-05 11:49:00,T,3238,132,2725645,1941,28.7,1021.8,56-614-135
2026-09-05 11:49:01,B,3833,50,2725825,4138,28.7,1021.8,56-614-135
2026-09-05 11:49:01,T,3239,60,2726608,1941,28.7,1021.8,56-614-135
2026-09-05 11:49:04,B,3834,441,2728853,4142,28.7,1021.8,56-614-135
2026-09-05 11:49:04,T,3240,96,2728931,1941,28.7,1021.8,56-614-135
2026-09-05 11:49:04,B,3835,178,2729228,4142,28.7,1021.8,56-614-135
2026-09-05 11:49:04,B,3836,456,2729332,4142,28.7,1021.8,56-614-135
2026-09-05 11:49:05,T,3241,163,2729959,1942,28.7,1021.8,56-614-135
2026-09-05 11:49:05,B,3837,500,2730190,4145,28.7,1021.8,56-614-135
2026-09-05 11:49:05,B,3838,198,2730604,4145,28.7,1021.8,56-614-135
2026-09-05 11:49:06,B,3839,71,2730893,4147,28.7,1021.8,56-614-135
2026-09-05 11:49:06,B,3840,105,2731048,4147,28.7,1021.8,56-614-135
2026-09-05 11:49:06,T,3242,107,2731597,1942,28.7,1021.8,56-614-135
2026-09-05 11:49:07,B,3841,287,2732226,4149,28.7,1021.8,56-614-135
2026-09-05 11:49:07,T,3243,72,2732407,1942,28.7,1021.8,56-614-135
2026-09-05 11:49:07,B,3842,277,2732524,4149,28.7,1021.8,56-614-135
2026-09-05 11:49:08,T,3244,68,2732919,1944,28.7,1021.8,56-614-135
2026-09-05 11:49:08,T,3245,240,2732936,1944,28.7,1021.8,56-614-135
2026-09-05 11:49:08,B,3843,57,2733058,4152,28.7,1021.8,56-614-135
2026-09-05 11:49:08,B,3844,134,2733436,4152,28.7,1021.8,56-614-135
2026-09-05 11:49:08,B,3845,280,2733675,4152,28.7,1021.8,56-614-135
2026-09-05 11:49:08,T,3246,595,2733772,1944,28.7,1021.8,56-614-135
2026-09-05 11:49:09,B,3846,65,2734621,4154,28.7,1021.8,56-614-135
2026-09-05 11:49:09,B,3847,232,2734747,4154,28.7,1021.8,56-614-135
2026-09-05 11:49:10,T,3247,555,2735390,1945,28.7,1021.8,56-614-135
2026-09-05 11:49:10,B,3848,93,2735813,4155,28.7,1021.8,56-614-135
2026-09-05 11:49:10,B,3849,67,2735881,4155,28.7,1021.8,56-614-135
2026-09-05 11:49:11,T,3248,791,2736331,1948,28.7,1021.8,56-614-135
2026-09-05 11:49:11,T,3249,1023,2736363,1948,28.7,1021.8,56-614-135
2026-09-05 11:49:11,T,3250,390,2736426,1948,28.7,1021.8,56-614-135
2026-09-05 11:49:12,B,3850,124,2736998,4159,28.7,1021.8,56-614-135
2026-09-05 11:49:12,B,3851,104,2737072,4159,28.7,1021.8,56-614-135
2026-09-05 11:49:12,T,3251,412,2737082,1949,28.7,1021.8,56-614-135
2026-09-05 11:49:12,B,3852,265,2737082,4159,28.7,1021.8,56-614-135
2026-09-05 11:49:12,C,564,338,2737082,3054,28.7,1021.8,56-614-135
2026-09-05 11:49:12,B,3853,62,2737843,4159,28.7,1021.8,56-614-135
2026-09-05 11:49:13,T,3252,91,2738276,1951,28.7,1021.8,56-614-135
2026-09-05 11:49:13,B,3854,556,2738380,4162,28.7,1021.8,56-614-135
2026-09-05 11:49:13,T,3253,415,2738757,1951,28.7,1021.8,56-614-135
2026-09-05 11:49:13,B,3855,504,2738757,4162,28.7,1021.8,56-614-135
2026-09-05 11:49:13,C,565,460,2738757,3056,28.7,1021.8,56-614-135
2026-09-05 11:49:13,T,3254,181,2738890,1951,28.7,1021.8,56-614-135
2026-09-05 11:49:14,B,3856,97,2738952,4165,28.7,1021.8,56-614-135
2026-09-05 11:49:14,T,3255,288,2739149,1953,28.7,1021.8,56-614-135
2026-09-05 11:49:14,T,3256,406,2739155,1953,28.7,1021.8,56-614-135
2026-09-05 11:49:14,B,3857,488,2739155,4165,28.7,1021.8,56-614-135
2026-09-05 11:49:14,C,566,447,2739155,3059,28.7,1021.8,56-614-135
2026-09-05 11:49:14,B,3858,270,2739615,4165,28.7,1021.8,56-614-135
2026-09-05 11:49:15,B,3859,186,2740004,4169,28.7,1021.8,56-614-135
2026-09-05 11:49:15,B,3860,208,2740026,4169,28.7,1021.8,56-614-135
2026-09-05 11:49:15,T,3257,359,2740077,1953,28.7,1021.8,56-614-135
2026-09-05 11:49:15,B,3861,454,2740077,4169,28.7,1021.8,56-614-135
2026-09-05 11:49:15,C,567,406,2740077,3061,28.7,1021.8,56-614-135
2026-09-05 11:49:16,B,3862,387,2741117,4170,28.7,1021.8,56-614-135
2026-09-05 11:49:17,T,3258,94,2741979,1954,28.7,1021.8,56-614-135
2026-09-05 11:49:17,B,3863,50,2742890,4171,28.7,1021.8,56-614-135
2026-09-05 11:49:20,T,3259,402,2744544,1955,28.7,1021.8,56-614-135
2026-09-05 11:49:20,T,3260,124,2744640,1955,28.7,1021.8,56-614-135
2026-09-05 11:49:20,B,3864,89,2744643,4172,28.7,1021.8,56-614-135
2026-09-05 11:49:21,T,3261,584,2745711,1956,28.7,1021.7,56-614-135
2026-09-05 11:49:21,B,3865,529,2745711,4173,28.7,1021.7,56-614-135
2026-09-05 11:49:21,C,568,557,2745711,3065,28.7,1021.7,56-614-135
2026-09-05 11:49:22,T,3262,98,2746286,1957,28.7,1021.7,56-614-135
2026-09-05 11:49:22,T,3263,62,2746800,1957,28.7,1021.7,56-614-135
2026-09-05 11:49:22,T,3264,110,2746884,1957,28.7,1021.7,56-614-135
2026-09-05 11:49:23,B,3866,359,2747317,4175,28.7,1021.7,56-614-135
2026-09-05 11:49:24,T,3265,252,2748643,1958,28.7,1021.7,56-614-135
2026-09-05 11:49:24,T,3266,126,2748891,1958,28.7,1021.7,56-614-135
2026-09-05 11:49:25,B,3867,103,2749375,4176,28.7,1021.7,56-614-135
2026-09-05 11:49:25,T,3267,555,2749630,1959,28.7,1021.7,56-614-135
2026-09-05 11:49:27,T,3268,376,2751486,1960,28.7,1021.8,56-614-135
2026-09-05 11:49:27,B,3868,123,2751640,4178,28.7,1021.8,56-614-135
2026-09-05 11:49:27,T,3269,113,2751800,1960,28.7,1021.8,56-614-135
2026-09-05 11:49:27,B,3869,136,2751820,4178,28.7,1021.8,56-614-135
2026-09-05 11:49:28,B,3870,106,2752128,4178,28.7,1021.8,56-614-135
2026-09-05 11:49:29,B,3871,245,2753179,4181,28.7,1021.8,56-614-135
2026-09-05 11:49:29,T,3270,516,2753339,1961,28.7,1021.8,56-614-135
2026-09-05 11:49:29,B,3872,54,2753552,4181,28.7,1021.8,56-614-135
2026-09-05 11:49:29,B,3873,62,2753715,4181,28.7,1021.8,56-614-135
2026-09-05 11:49:30,T,3271,413,2754184,1963,28.7,1021.8,56-614-135
2026-09-05 11:49:30,B,3874,745,2754184,4183,28.7,1021.8,56-614-135
2026-09-05 11:49:30,C,569,579,2754184,3073,28.7,1021.8,56-614-135
2026-09-05 11:49:30,T,3272,232,2754671,1963,28.7,1021.8,56-614-135
2026-09-05 11:49:30,B,3875,97,2754883,4183,28.7,1021.8,56-614-135
2026-09-05 11:49:31,B,3876,103,2755195,4189,28.7,1021.8,56-614-135
2026-09-05 11:49:31,T,3273,441,2755206,1965,28.7,1021.8,56-614-135
2026-09-05 11:49:31,B,3877,478,2755206,4189,28.7,1021.8,56-614-135
2026-09-05 11:49:31,C,570,459,2755206,3077,28.7,1021.8,56-614-135
2026-09-05 11:49:31,B,3878,440,2755339,4189,28.7,1021.8,56-614-135
2026-09-05 11:49:31,T,3274,136,2755448,1965,28.7,1021.8,56-614-135
2026-09-05 11:49:31,T,3275,121,2755711,1965,28.7,1021.8,56-614-135
2026-09-05 11:49:31,T,3276,430,2755873,1965,28.7,1021.8,56-614-135
2026-09-05 11:49:31,B,3879,634,2755873,4189,28.7,1021.8,56-614-135
2026-09-05 11:49:31,C,571,532,2755873,3077,28.7,1021.8,56-614-135
2026-09-05 11:49:32,T,3277,492,2756139,1966,28.7,1021.8,56-614-135
2026-09-05 11:49:32,B,3880,578,2756139,4192,28.7,1021.8,56-614-135
2026-09-05 11:49:32,C,572,535,2756139,3079,28.7,1021.8,56-614-135
2026-09-05 11:49:32,B,3881,502,2756313,4192,28.7,1021.8,56-614-135
2026-09-05 11:49:32,B,3882,72,2756708,4192,28.7,1021.8,56-614-135
2026-09-05 11:49:34,B,3883,61,2758215,4195,28.7,1021.8,56-614-135
2026-09-05 11:49:34,B,3884,180,2758297,4195,28.7,1021.8,56-614-135
2026-09-05 11:49:34,T,3278,517,2758297,1967,28.7,1021.8,56-614-135
2026-09-05 11:49:34,B,3885,165,2758339,4195,28.7,1021.8,56-614-135
2026-09-05 11:49:34,T,3279,76,2758870,1967,28.7,1021.8,56-614-135
2026-09-05 11:49:36,T,3280,436,2760594,1968,28.7,1021.8,56-614-135
2026-09-05 11:49:36,B,3886,340,2760658,4196,28.7,1021.8,56-614-135
2026-09-05 11:49:37,B,3887,82,2761494,4200,28.7,1021.8,56-614-135
2026-09-05 11:49:37,B,3888,96,2761672,4200,28.7,1021.8,56-614-135
2026-09-05 11:49:37,T,3281,356,2761910,1969,28.7,1021.8,56-614-135
2026-09-05 11:49:37,B,3889,744,2761910,4200,28.7,1021.8,56-614-135
2026-09-05 11:49:37,C,573,550,2761910,3084,28.7,1021.8,56-614-135
2026-09-05 11:49:38,B,3890,286,2762863,4201,28.7,1021.8,56-614-135
2026-09-05 11:49:39,T,3282,126,2763365,1970,28.7,1021.8,56-614-135
2026-09-05 11:49:39,B,3891,278,2763620,4203,28.7,1021.8,56-614-135
2026-09-05 11:49:39,T,3283,60,2763709,1970,28.7,1021.8,56-614-135
2026-09-05 11:49:39,B,3892,62,2763927,4203,28.7,1021.8,56-614-135
2026-09-05 11:49:40,T,3284,534,2764434,1971,28.7,1021.8,56-614-135
2026-09-05 11:49:40,B,3893,515,2764522,4205,28.7,1021.8,56-614-135
2026-09-05 11:49:40,T,3285,53,2764552,1971,28.7,1021.8,56-614-135
2026-09-05 11:49:40,B,3894,290,2765153,4205,28.7,1021.8,56-614-135
2026-09-05 11:49:41,T,3286,116,2765885,1971,28.7,1021.8,56-614-135
2026-09-05 11:49:42,T,3287,81,2766290,1971,28.7,1021.8,56-614-135
2026-09-05 11:49:43,T,3288,220,2767740,1972,28.7,1021.8,56-614-135
2026-09-05 11:49:43,B,3895,498,2768133,4207,28.7,1021.8,56-614-135
2026-09-05 11:49:44,T,3289,58,2769078,1972,28.7,1021.8,56-614-135
2026-09-05 11:49:45,B,3896,127,2769565,4208,28.7,1021.8,56-614-135
2026-09-05 11:49:46,B,3897,433,2770470,4209,28.7,1021.8,56-614-135
2026-09-05 11:49:46,T,3290,574,2770827,1973,28.7,1021.8,56-614-135
2026-09-05 11:49:47,B,3898,67,2771445,4211,28.7,1021.8,56-614-135
2026-09-05 11:49:47,B,3899,210,2771810,4211,28.7,1021.8,56-614-135
2026-09-05 11:49:47,T,3291,131,2771996,1973,28.7,1021.8,56-614-135
2026-09-05 11:49:48,B,3900,166,2772735,4212,28.7,1021.8,56-614-135
2026-09-05 11:49:49,B,3901,453,2773331,4213,28.7,1021.8,56-614-135
2026-09-05 11:49:49,T,3292,426,2773331,1976,28.7,1021.8,56-614-135
2026-09-05 11:49:49,T,3293,285,2773856,1976,28.7,1021.8,56-614-135
2026-09-05 11:49:49,T,3294,211,2773868,1976,28.7,1021.8,56-614-135
2026-09-05 11:49:50,B,3902,178,2774738,4215,28.7,1021.8,56-614-135
2026-09-05 11:49:51,T,3295,571,2775826,1978,28.7,1021.8,56-614-135
2026-09-05 11:49:51,T,3296,466,2775928,1978,28.7,1021.8,56-614-135
2026-09-05 11:49:51,B,3903,90,2776267,4216,28.7,1021.8,56-614-135
2026-09-05 11:49:51,B,3904,84,2776297,4216,28.7,1021.8,56-614-135
2026-09-05 11:49:52,T,3297,122,2776998,1978,28.7,1021.8,56-614-135
2026-09-05 11:49:52,B,3905,139,2777333,4217,28.7,1021.8,56-614-135
2026-09-05 11:49:53,T,3298,407,2777521,1980,28.7,1021.8,56-614-135
2026-09-05 11:49:53,B,3906,208,2778258,4218,28.7,1021.8,56-614-135
2026-09-05 11:49:53,T,3299,398,2778258,1980,28.7,1021.8,56-614-135
2026-09-05 11:49:54,B,3907,444,2778871,4220,28.7,1021.8,56-614-135
2026-09-05 11:49:54,B,3908,80,2779279,4220,28.7,1021.8,56-614-135
2026-09-05 11:49:55,B,3909,346,2780147,4222,28.7,1021.8,56-614-135
2026-09-05 11:49:56,T,3300,72,2781277,1980,28.7,1021.9,56-614-135
2026-09-05 11:49:57,B,3910,814,2781441,4224,28.7,1021.9,56-614-135
2026-09-05 11:49:57,T,3301,362,2781441,1981,28.7,1021.9,56-614-135
2026-09-05 11:49:57,B,3911,85,2781533,4224,28.7,1021.9,56-614-135
2026-09-05 11:49:58,T,3302,66,2782473,1983,28.7,1021.9,56-614-135
2026-09-05 11:49:58,T,3303,260,2782750,1983,28.7,1021.9,56-614-135
2026-09-05 11:49:58,T,3304,54,2782805,1983,28.7,1021.9,56-614-135
2026-09-05 11:49:58,B,3912,152,2782891,4225,28.7,1021.9,56-614-135
2026-09-05 11:49:58,T,3305,753,2782963,1983,28.7,1021.9,56-614-135
2026-09-05 11:49:59,T,3306,101,2783541,1984,28.7,1021.9,56-614-135
2026-09-05 11:49:59,B,3913,480,2783541,4227,28.7,1021.9,56-614-135
2026-09-05 11:49:59,C,574,290,2783541,3105,28.7,1021.9,56-614-135
2026-09-05 11:49:59,T,3307,284,2784020,1984,28.7,1021.9,56-614-135
2026-09-05 11:49:59,T,3308,58,2784302,1984,28.7,1021.9,56-614-135
2026-09-05 11:50:00,B,3914,396,2784503,4228,28.7,1021.9,56-614-135
2026-09-05 11:50:01,T,3309,234,2785587,1985,28.7,1021.8,56-614-135
2026-09-05 11:50:01,B,3915,159,2785957,4229,28.7,1021.8,56-614-135
2026-09-05 11:50:02,B,3916,290,2787101,4230,28.7,1021.8,56-614-135
2026-09-05 11:50:03,B,3917,163,2787859,4232,28.7,1021.8,56-614-135
2026-09-05 11:50:03,T,3310,174,2787905,1987,28.7,1021.8,56-614-135
2026-09-05 11:50:03,T,3311,458,2787925,1987,28.7,1021.8,56-614-135
2026-09-05 11:50:03,B,3918,87,2787927,4232,28.7,1021.8,56-614-135
2026-09-05 11:50:03,T,3312,52,2788068,1987,28.7,1021.8,56-614-135
2026-09-05 11:50:03,T,3313,168,2788353,1987,28.7,1021.8,56-614-135
2026-09-05 11:50:04,B,3919,322,2788681,4235,28.7,1021.8,56-614-135
2026-09-05 11:50:04,B,3920,341,2788689,4235,28.7,1021.8,56-614-135
2026-09-05 11:50:04,B,3921,55,2788863,4235,28.7,1021.8,56-614-135
2026-09-05 11:50:04,T,3314,141,2789227,1987,28.7,1021.8,56-614-135
2026-09-05 11:50:04,T,3315,122,2789305,1987,28.7,1021.8,56-614-135
2026-09-05 11:50:05,B,3922,570,2790339,4237,28.7,1021.8,56-614-135
2026-09-05 11:50:05,T,3316,452,2790339,1988,28.7,1021.8,56-614-135
2026-09-05 11:50:06,B,3923,160,2790943,4238,28.7,1021.8,56-614-135
2026-09-05 11:50:06,T,3317,142,2791335,1989,28.7,1021.8,56-614-135
2026-09-05 11:50:08,B,3924,103,2792733,4240,28.7,1021.8,56-614-135
2026-09-05 11:50:08,B,3925,723,2792839,4240,28.7,1021.8,56-614-135
2026-09-05 11:50:08,T,3318,379,2792958,1990,28.7,1021.8,56-614-135
2026-09-05 11:50:08,T,3319,184,2793149,1990,28.7,1021.8,56-614-135
2026-09-05 11:50:09,T,3320,56,2794155,1990,28.7,1021.8,56-614-135
2026-09-05 11:50:09,B,3926,116,2794362,4241,28.7,1021.8,56-614-135
2026-09-05 11:50:10,T,3321,85,2794667,1991,28.7,1021.8,56-614-135
2026-09-05 11:50:10,B,3927,69,2794675,4242,28.7,1021.8,56-614-135
2026-09-05 11:50:10,T,3322,308,2794994,1991,28.7,1021.8,56-614-135
2026-09-05 11:50:11,T,3323,188,2795707,1994,28.7,1021.9,56-614-135
2026-09-05 11:50:11,B,3928,407,2796053,4247,28.7,1021.9,56-614-135
2026-09-05 11:50:11,T,3324,453,2796316,1994,28.7,1021.9,56-614-135
2026-09-05 11:50:11,B,3929,456,2796316,4247,28.7,1021.9,56-614-135
2026-09-05 11:50:11,C,575,455,2796316,3120,28.7,1021.9,56-614-135
2026-09-05 11:50:11,T,3325,407,2796432,1994,28.7,1021.9,56-614-135
2026-09-05 11:50:11,B,3930,69,2796558,4247,28.7,1021.9,56-614-135
2026-09-05 11:50:11,B,3931,832,2796569,4247,28.7,1021.9,56-614-135
2026-09-05 11:50:12,B,3932,476,2797501,4249,28.7,1021.9,56-614-135
2026-09-05 11:50:13,T,3326,330,2797766,1995,28.7,1021.9,56-614-135
2026-09-05 11:50:13,T,3327,68,2797875,1995,28.7,1021.9,56-614-135
2026-09-05 11:50:13,B,3933,472,2798052,4252,28.7,1021.9,56-614-135
2026-09-05 11:50:13,T,3328,77,2798440,1995,28.7,1021.9,56-614-135
2026-09-05 11:50:13,B,3934,498,2798576,4252,28.7,1021.9,56-614-135
2026-09-05 11:50:14,B,3935,375,2798675,4254,28.7,1021.9,56-614-135
2026-09-05 11:50:14,B,3936,328,2799266,4254,28.7,1021.9,56-614-135
2026-09-05 11:50:15,B,3937,203,2800199,4256,28.7,1021.9,56-614-135
2026-09-05 11:50:15,B,3938,53,2800262,4256,28.7,1021.9,56-614-135
2026-09-05 11:50:16,T,3329,127,2800934,1996,28.7,1021.8,56-614-135
2026-09-05 11:50:16,B,3939,415,2800971,4261,28.7,1021.8,56-614-135
2026-09-05 11:50:16,B,3940,96,2801144,4261,28.7,1021.8,56-614-135
2026-09-05 11:50:16,T,3330,119,2801303,1996,28.7,1021.8,56-614-135
2026-09-05 11:50:16,B,3941,513,2801308,4261,28.7,1021.8,56-614-135
2026-09-05 11:50:16,B,3942,391,2801384,4261,28.7,1021.8,56-614-135
2026-09-05 11:50:17,T,3331,420,2802089,1997,28.7,1021.8,56-614-135
2026-09-05 11:50:17,B,3943,612,2802089,4263,28.7,1021.8,56-614-135
2026-09-05 11:50:17,C,576,516,2802089,3130,28.7,1021.8,56-614-135
2026-09-05 11:50:18,B,3944,61,2802700,4263,28.7,1021.8,56-614-135
2026-09-05 11:50:18,T,3332,94,2802999,1997,28.7,1021.8,56-614-135
2026-09-05 11:50:18,T,3333,66,2803373,1997,28.7,1021.8,56-614-135
2026-09-05 11:50:19,B,3945,134,2803973,4264,28.7,1021.8,56-614-135
2026-09-05 11:50:20,T,3334,522,2804787,1999,28.7,1021.8,56-614-135
2026-09-05 11:50:20,B,3946,452,2804787,4268,28.7,1021.8,56-614-135
2026-09-05 11:50:20,C,577,487,2804787,3133,28.7,1021.8,56-614-135
2026-09-05 11:50:20,T,3335,60,2805023,1999,28.7,1021.8,56-614-135
2026-09-05 11:50:20,T,3336,100,2805058,1999,28.7,1021.8,56-614-135
2026-09-05 11:50:20,B,3947,357,2805058,4268,28.7,1021.8,56-614-135
2026-09-05 11:50:20,C,578,228,2805058,3133,28.7,1021.8,56-614-135
2026-09-05 11:50:20,T,3337,142,2805099,1999,28.7,1021.8,56-614-135
2026-09-05 11:50:20,B,3948,68,2805332,4268,28.7,1021.8,56-614-135
2026-09-05 11:50:21,B,3949,363,2806165,4271,28.7,1021.8,56-614-135
2026-09-05 11:50:21,B,3950,258,2806188,4271,28.7,1021.8,56-614-135
2026-09-05 11:50:21,B,3951,176,2806689,4271,28.7,1021.8,56-614-135
2026-09-05 11:50:22,T,3338,566,2807078,2000,28.7,1021.8,56-614-135
2026-09-05 11:50:22,B,3952,304,2807078,4273,28.7,1021.8,56-614-135
2026-09-05 11:50:22,C,579,435,2807078,3136,28.7,1021.8,56-614-135
2026-09-05 11:50:23,T,3339,134,2808141,2000,28.7,1021.8,56-614-135
2026-09-05 11:50:24,B,3953,68,2809714,4273,28.7,1021.8,56-614-135
2026-09-05 11:50:25,B,3954,871,2809782,4276,28.7,1021.8,56-614-135
2026-09-05 11:50:25,T,3340,339,2809782,2002,28.7,1021.8,56-614-135
2026-09-05 11:50:25,T,3341,82,2810208,2002,28.7,1021.8,56-614-135
2026-09-05 11:50:25,T,3342,425,2810543,2002,28.7,1021.8,56-614-135
2026-09-05 11:50:25,B,3955,443,2810543,4276,28.7,1021.8,56-614-135
2026-09-05 11:50:25,C,580,434,2810543,3139,28.7,1021.8,56-614-135
2026-09-05 11:50:26,B,3956,576,2810990,4278,28.7,1021.9,56-614-135
2026-09-05 11:50:27,B,3957,289,2812435,4279,28.7,1021.9,56-614-135
2026-09-05 11:50:28,T,3343,214,2813482,2003,28.7,1021.9,56-614-135
2026-09-05 11:50:28,T,3344,50,2813674,2003,28.7,1021.9,56-614-135
2026-09-05 11:50:29,T,3345,165,2814459,2003,28.7,1021.9,56-614-135
2026-09-05 11:50:29,B,3958,88,2814635,4280,28.7,1021.9,56-614-135
2026-09-05 11:50:30,B,3959,470,2814921,4284,28.7,1021.9,56-614-135
2026-09-05 11:50:30,B,3960,169,2814929,4284,28.7,1021.9,56-614-135
2026-09-05 11:50:30,B,3961,571,2815700,4284,28.7,1021.9,56-614-135
2026-09-05 11:50:30,T,3346,126,2815808,2004,28.7,1021.9,56-614-135
2026-09-05 11:50:31,T,3347,541,2816419,2005,28.7,1021.8,56-614-135
2026-09-05 11:50:31,B,3962,72,2816698,4285,28.7,1021.8,56-614-135
2026-09-05 11:50:32,B,3963,76,2817244,4287,28.7,1021.8,56-614-135
2026-09-05 11:50:32,T,3348,73,2817619,2006,28.7,1021.8,56-614-135
2026-09-05 11:50:32,B,3964,552,2817619,4287,28.7,1021.8,56-614-135
2026-09-05 11:50:32,C,581,312,2817619,3147,28.7,1021.8,56-614-135
2026-09-05 11:50:32,T,3349,210,2817786,2006,28.7,1021.8,56-614-135
2026-09-05 11:50:33,T,3350,164,2817888,2008,28.7,1021.8,56-614-135
2026-09-05 11:50:33,T,3351,471,2818327,2008,28.7,1021.8,56-614-135
2026-09-05 11:50:33,B,3965,396,2818327,4288,28.7,1021.8,56-614-135
2026-09-05 11:50:33,C,582,434,2818327,3148,28.7,1021.8,56-614-135
2026-09-05 11:50:34,T,3352,91,2818885,2009,28.7,1021.8,56-614-135
2026-09-05 11:50:34,T,3353,237,2819221,2009,28.7,1021.8,56-614-135
2026-09-05 11:50:34,B,3966,124,2819273,4292,28.7,1021.8,56-614-135
2026-09-05 11:50:34,B,3967,515,2819559,4292,28.7,1021.8,56-614-135
2026-09-05 11:50:34,B,3968,73,2819704,4292,28.7,1021.8,56-614-135
2026-09-05 11:50:35,B,3969,305,2820225,4293,28.7,1021.8,56-614-135
2026-09-05 11:50:36,B,3970,270,2820916,4296,28.7,1021.8,56-614-135
2026-09-05 11:50:36,B,3971,117,2821060,4296,28.7,1021.8,56-614-135
2026-09-05 11:50:36,B,3972,68,2821637,4296,28.7,1021.8,56-614-135
2026-09-05 11:50:37,B,3973,251,2822552,4297,28.7,1021.8,56-614-135
2026-09-05 11:50:37,T,3354,409,2822727,2010,28.7,1021.8,56-614-135
2026-09-05 11:50:38,B,3974,69,2823647,4298,28.7,1021.8,56-614-135
2026-09-05 11:50:38,B,3975,94,2823898,4298,28.7,1021.8,56-614-135
2026-09-05 11:50:39,T,3355,60,2824324,2010,28.7,1021.8,56-614-135
2026-09-05 11:50:40,B,3976,105,2825002,4299,28.7,1021.8,56-614-135
2026-09-05 11:50:41,T,3356,66,2826794,2010,28.7,1021.8,56-614-135
2026-09-05 11:50:42,T,3357,74,2827263,2010,28.7,1021.8,56-614-135
2026-09-05 11:50:43,T,3358,212,2828157,2011,28.7,1021.8,56-614-135
2026-09-05 11:50:44,T,3359,342,2829092,2013,28.7,1021.8,56-614-135
2026-09-05 11:50:44,B,3977,184,2829184,4302,28.7,1021.8,56-614-135
2026-09-05 11:50:44,T,3360,443,2829331,2013,28.7,1021.8,56-614-135
2026-09-05 11:50:44,T,3361,411,2829347,2013,28.7,1021.8,56-614-135
2026-09-05 11:50:44,B,3978,806,2829347,4302,28.7,1021.8,56-614-135
2026-09-05 11:50:45,C,583,609,2829347,3158,28.7,1021.8,56-614-135
2026-09-05 11:50:45,T,3362,62,2829486,2013,28.7,1021.8,56-614-135
2026-09-05 11:50:46,T,3363,684,2830134,2015,28.7,1021.8,56-614-135
2026-09-05 11:50:46,T,3364,361,2830377,2015,28.7,1021.8,56-614-135
2026-09-05 11:50:46,B,3979,508,2830377,4304,28.7,1021.8,56-614-135
2026-09-05 11:50:46,C,584,434,2830377,3159,28.7,1021.8,56-614-135
2026-09-05 11:50:47,T,3365,120,2831100,2017,28.7,1021.8,56-614-135
2026-09-05 11:50:47,B,3980,131,2831410,4304,28.7,1021.8,56-614-135
2026-09-05 11:50:47,T,3366,724,2831469,2017,28.7,1021.8,56-614-135
2026-09-05 11:50:47,T,3367,152,2831754,2017,28.7,1021.8,56-614-135
2026-09-05 11:50:48,T,3368,52,2832092,2019,28.7,1021.8,56-614-135
2026-09-05 11:50:48,T,3369,347,2832166,2019,28.7,1021.8,56-614-135
2026-09-05 11:50:48,B,3981,573,2832166,4306,28.7,1021.8,56-614-135
2026-09-05 11:50:48,C,585,460,2832166,3163,28.7,1021.8,56-614-135
2026-09-05 11:50:48,T,3370,691,2832647,2019,28.7,1021.8,56-614-135
2026-09-05 11:50:49,B,3982,135,2833167,4309,28.7,1021.8,56-614-135
2026-09-05 11:50:49,B,3983,636,2833384,4309,28.7,1021.8,56-614-135
2026-09-05 11:50:50,B,3984,132,2834332,4310,28.7,1021.8,56-614-135
2026-09-05 11:50:50,T,3371,50,2834652,2019,28.7,1021.8,56-614-135
2026-09-05 11:50:51,T,3372,94,2835165,2020,28.7,1021.8,56-614-135
2026-09-05 11:50:51,B,3985,415,2835749,4312,28.7,1021.8,56-614-135
2026-09-05 11:50:51,B,3986,110,2836039,4312,28.7,1021.8,56-614-135
2026-09-05 11:50:52,T,3373,298,2836241,2021,28.7,1021.8,56-614-135
2026-09-05 11:50:52,T,3374,110,2836908,2021,28.7,1021.8,56-614-135
2026-09-05 11:50:53,T,3375,625,2837190,2022,28.7,1021.8,56-614-135
2026-09-05 11:50:53,B,3987,192,2837190,4314,28.7,1021.8,56-614-135
2026-09-05 11:50:53,C,586,408,2837190,3168,28.7,1021.8,56-614-135
2026-09-05 11:50:53,B,3988,105,2837508,4314,28.7,1021.8,56-614-135
2026-09-05 11:50:53,B,3989,52,2837981,4314,28.7,1021.8,56-614-135
2026-09-05 11:50:54,B,3990,212,2838385,4316,28.7,1021.8,56-614-135
2026-09-05 11:50:54,T,3376,364,2838708,2024,28.7,1021.8,56-614-135
2026-09-05 11:50:54,T,3377,432,2838954,2024,28.7,1021.8,56-614-135
2026-09-05 11:50:54,B,3991,107,2838954,4316,28.7,1021.8,56-614-135
2026-09-05 11:50:54,C,587,270,2838954,3170,28.7,1021.8,56-614-135
2026-09-05 11:50:55,T,3378,200,2839199,2025,28.7,1021.8,56-614-135
2026-09-05 11:50:55,T,3379,441,2839620,2025,28.7,1021.8,56-614-135
2026-09-05 11:50:55,B,3992,579,2839620,4318,28.7,1021.8,56-614-135
2026-09-05 11:50:55,C,588,510,2839620,3172,28.7,1021.8,56-614-135
2026-09-05 11:50:55,B,3993,51,2839891,4318,28.7,1021.8,56-614-135
2026-09-05 11:50:57,B,3994,507,2841173,4323,28.7,1021.8,56-614-135
2026-09-05 11:50:57,B,3995,232,2841639,4323,28.7,1021.8,56-614-135
2026-09-05 11:50:57,T,3380,126,2842082,2026,28.7,1021.8,56-614-135
2026-09-05 11:50:57,B,3996,458,2842082,4323,28.7,1021.8,56-614-135
2026-09-05 11:50:57,C,589,292,2842082,3174,28.7,1021.8,56-614-135
2026-09-05 11:50:58,B,3997,254,2842400,4325,28.7,1021.8,56-614-135
2026-09-05 11:50:58,T,3381,178,2842441,2026,28.7,1021.8,56-614-135
2026-09-05 11:50:58,B,3998,78,2842584,4325,28.7,1021.8,56-614-135
2026-09-05 11:50:59,T,3382,264,2843309,2028,28.7,1021.8,56-614-135
2026-09-05 11:50:59,T,3383,465,2843781,2028,28.7,1021.8,56-614-135
2026-09-05 11:50:59,B,3999,624,2844035,4326,28.7,1021.8,56-614-135
2026-09-05 11:51:00,B,4000,129,2844682,4328,28.7,1021.8,56-614-135
2026-09-05 11:51:00,T,3384,456,2844840,2029,28.7,1021.8,56-614-135
2026-09-05 11:51:00,B,4001,52,2844993,4328,28.7,1021.8,56-614-135
2026-09-05 11:51:01,B,4002,384,2845517,4329,28.7,1021.8,56-614-135
2026-09-05 11:51:02,T,3385,518,2846619,2030,28.7,1021.8,56-614-135
2026-09-05 11:51:02,B,4003,526,2846619,4331,28.7,1021.8,56-614-135
2026-09-05 11:51:02,C,590,522,2846619,3180,28.7,1021.8,56-614-135
2026-09-05 11:51:03,B,4004,224,2847197,4336,28.7,1021.8,56-614-135
2026-09-05 11:51:03,B,4005,555,2847694,4336,28.7,1021.8,56-614-135
2026-09-05 11:51:03,B,4006,434,2847700,4336,28.7,1021.8,56-614-135
2026-09-05 11:51:03,B,4007,521,2847897,4336,28.7,1021.8,56-614-135
2026-09-05 11:51:03,T,3386,261,2848075,2031,28.7,1021.8,56-614-135
2026-09-05 11:51:04,T,3387,633,2848296,2033,28.7,1021.8,56-614-135
2026-09-05 11:51:04,B,4008,91,2848637,4339,28.7,1021.8,56-614-135
2026-09-05 11:51:04,B,4009,641,2849181,4339,28.7,1021.8,56-614-135
2026-09-05 11:51:04,T,3388,379,2849181,2033,28.7,1021.8,56-614-135
2026-09-05 11:51:05,B,4010,226,2850029,4340,28.7,1021.8,56-614-135
2026-09-05 11:51:06,T,3389,72,2850439,2033,28.7,1021.8,56-614-135
2026-09-05 11:51:07,B,4011,440,2851511,4342,28.7,1021.8,56-614-135
2026-09-05 11:51:07,T,3390,218,2851645,2033,28.7,1021.8,56-614-135
2026-09-05 11:51:07,T,3391,54,2851720,2033,28.7,1021.8,56-614-135
2026-09-05 11:51:07,B,4012,78,2851758,4342,28.7,1021.8,56-614-135
2026-09-05 11:51:08,B,4013,108,2852727,4345,28.7,1021.8,56-614-135
2026-09-05 11:51:08,T,3392,398,2852817,2035,28.7,1021.8,56-614-135
2026-09-05 11:51:08,B,4014,535,2852817,4345,28.7,1021.8,56-614-135
2026-09-05 11:51:08,C,591,467,2852817,3190,28.7,1021.8,56-614-135
2026-09-05 11:51:08,T,3393,375,2852852,2035,28.7,1021.8,56-614-135
2026-09-05 11:51:08,B,4015,51,2852995,4345,28.7,1021.8,56-614-135
2026-09-05 11:51:09,T,3394,62,2853324,2036,28.7,1021.8,56-614-135
2026-09-05 11:51:09,T,3395,448,2853418,2036,28.7,1021.8,56-614-135
2026-09-05 11:51:09,B,4016,447,2853418,4348,28.7,1021.8,56-614-135
2026-09-05 11:51:09,C,592,447,2853418,3192,28.7,1021.8,56-614-135
2026-09-05 11:51:09,B,4017,72,2853723,4348,28.7,1021.8,56-614-135
2026-09-05 11:51:09,B,4018,149,2853872,4348,28.7,1021.8,56-614-135
2026-09-05 11:51:10,B,4019,328,2854778,4351,28.7,1021.8,56-614-135
2026-09-05 11:51:10,B,4020,261,2854819,4351,28.7,1021.8,56-614-135
2026-09-05 11:51:10,T,3396,170,2854921,2037,28.7,1021.8,56-614-135
2026-09-05 11:51:11,B,4021,114,2855333,4353,28.7,1021.8,56-614-135
2026-09-05 11:51:11,T,3397,309,2855989,2037,28.7,1021.8,56-614-135
2026-09-05 11:51:11,B,4022,424,2855989,4353,28.7,1021.8,56-614-135
2026-09-05 11:51:11,C,593,367,2855989,3195,28.7,1021.8,56-614-135
2026-09-05 11:51:11,B,4023,50,2856034,4353,28.7,1021.8,56-614-135
2026-09-05 11:51:12,B,4024,58,2856394,4356,28.7,1021.8,56-614-135
2026-09-05 11:51:12,B,4025,120,2856472,4356,28.7,1021.8,56-614-135
2026-09-05 11:51:12,B,4026,376,2856497,4356,28.7,1021.8,56-614-135
2026-09-05 11:51:12,T,3398,205,2857207,2038,28.7,1021.8,56-614-135
2026-09-05 11:51:13,T,3399,218,2857674,2039,28.7,1021.8,56-614-135
2026-09-05 11:51:14,B,4027,99,2858930,4359,28.7,1021.8,56-614-135
2026-09-05 11:51:14,B,4028,108,2859032,4359,28.7,1021.8,56-614-135
2026-09-05 11:51:14,T,3400,465,2859032,2040,28.7,1021.8,56-614-135
2026-09-05 11:51:15,B,4029,144,2860245,4360,28.7,1021.8,56-614-135
2026-09-05 11:51:15,B,4030,67,2860305,4360,28.7,1021.8,56-614-135
2026-09-05 11:51:16,B,4031,75,2860994,4361,28.7,1021.8,56-614-135
2026-09-05 11:51:18,B,4032,72,2862433,4366,28.7,1021.8,56-614-135
2026-09-05 11:51:18,T,3401,477,2862438,2042,28.7,1021.8,56-614-135
2026-09-05 11:51:18,B,4033,461,2862438,4366,28.7,1021.8,56-614-135
2026-09-05 11:51:18,C,594,469,2862438,3204,28.7,1021.8,56-614-135
2026-09-05 11:51:18,B,4034,229,2862579,4366,28.7,1021.8,56-614-135
2026-09-05 11:51:18,T,3402,359,2862699,2042,28.7,1021.8,56-614-135
2026-09-05 11:51:18,B,4035,304,2863118,4366,28.7,1021.8,56-614-135
2026-09-05 11:51:18,T,3403,131,2863213,2042,28.7,1021.8,56-614-135
2026-09-05 11:51:18,T,3404,60,2863232,2042,28.7,1021.8,56-614-135
2026-09-05 11:51:19,T,3405,82,2863505,2042,28.7,1021.8,56-614-135
2026-09-05 11:51:20,T,3406,204,2864402,2043,28.7,1021.8,56-614-135
2026-09-05 11:51:20,T,3407,69,2864682,2043,28.7,1021.8,56-614-135
2026-09-05 11:51:21,B,4036,100,2865584,4368,28.7,1021.8,56-614-135
2026-09-05 11:51:21,T,3408,411,2866116,2045,28.7,1021.8,56-614-135
2026-09-05 11:51:21,B,4037,550,2866116,4368,28.7,1021.8,56-614-135
2026-09-05 11:51:21,C,595,480,2866116,3206,28.7,1021.8,56-614-135
2026-09-05 11:51:21,T,3409,309,2866377,2045,28.7,1021.8,56-614-135
2026-09-05 11:51:22,B,4038,170,2866704,4369,28.7,1021.8,56-614-135
2026-09-05 11:51:22,T,3410,55,2867126,2045,28.7,1021.8,56-614-135
2026-09-05 11:51:23,B,4039,372,2867881,4370,28.7,1021.8,56-614-135
2026-09-05 11:51:23,T,3411,133,2868415,2045,28.7,1021.8,56-614-135
2026-09-05 11:51:24,B,4040,53,2868657,4371,28.7,1021.8,56-614-135
2026-09-05 11:51:24,T,3412,428,2868812,2046,28.7,1021.8,56-614-135
2026-09-05 11:51:25,B,4041,140,2869894,4372,28.7,1021.8,56-614-135
2026-09-05 11:51:26,B,4042,128,2870591,4373,28.7,1021.8,56-614-135
2026-09-05 11:51:27,B,4043,51,2872358,4373,28.7,1021.8,56-614-135
2026-09-05 11:51:28,B,4044,227,2872726,4376,28.7,1021.8,56-614-135
2026-09-05 11:51:28,B,4045,396,2872972,4376,28.7,1021.8,56-614-135
2026-09-05 11:51:28,T,3413,407,2873272,2047,28.7,1021.8,56-614-135
2026-09-05 11:51:29,T,3414,116,2874288,2047,28.7,1021.8,56-614-135
2026-09-05 11:51:30,T,3415,560,2874799,2048,28.7,1021.8,56-614-135
2026-09-05 11:51:30,B,4046,130,2875049,4378,28.7,1021.8,56-614-135
2026-09-05 11:51:30,B,4047,105,2875061,4378,28.7,1021.8,56-614-135
2026-09-05 11:51:31,B,4048,347,2876181,4379,28.7,1021.8,56-614-135
2026-09-05 11:51:31,T,3416,95,2876480,2049,28.7,1021.8,56-614-135
2026-09-05 11:51:33,T,3417,379,2877853,2051,28.7,1021.8,56-614-135
2026-09-05 11:51:33,B,4049,400,2877853,4381,28.7,1021.8,56-614-135
2026-09-05 11:51:33,C,596,390,2877853,3216,28.7,1021.8,56-614-135
2026-09-05 11:51:33,T,3418,797,2878025,2051,28.7,1021.8,56-614-135
2026-09-05 11:51:33,T,3419,71,2878546,2051,28.7,1021.8,56-614-135
2026-09-05 11:51:34,T,3420,94,2878892,2051,28.7,1021.8,56-614-135
2026-09-05 11:51:34,B,4050,146,2879042,4382,28.7,1021.8,56-614-135
2026-09-05 11:51:35,T,3421,249,2879861,2052,28.7,1021.8,56-614-135
2026-09-05 11:51:36,B,4051,223,2880635,4385,28.7,1021.8,56-614-135
2026-09-05 11:51:36,B,4052,171,2880831,4385,28.7,1021.8,56-614-135
2026-09-05 11:51:36,B,4053,120,2881575,4385,28.7,1021.8,56-614-135
2026-09-05 11:51:37,T,3422,81,2881714,2052,28.7,1021.9,56-614-135
2026-09-05 11:51:37,T,3423,82,2882223,2052,28.7,1021.9,56-614-135
2026-09-05 11:51:37,T,3424,78,2882290,2052,28.7,1021.9,56-614-135
2026-09-05 11:51:38,B,4054,68,2882686,4385,28.7,1021.9,56-614-135
2026-09-05 11:51:38,T,3425,146,2882854,2053,28.7,1021.9,56-614-135
2026-09-05 11:51:38,T,3426,60,2883272,2053,28.7,1021.9,56-614-135
2026-09-05 11:51:39,T,3427,79,2883778,2054,28.7,1021.9,56-614-135
2026-09-05 11:51:39,T,3428,213,2884083,2054,28.7,1021.9,56-614-135
2026-09-05 11:51:39,T,3429,145,2884401,2054,28.7,1021.9,56-614-135
2026-09-05 11:51:39,B,4055,185,2884615,4386,28.7,1021.9,56-614-135
2026-09-05 11:51:40,B,4056,153,2884704,4390,28.7,1021.9,56-614-135
2026-09-05 11:51:40,T,3430,108,2884780,2055,28.7,1021.9,56-614-135
2026-09-05 11:51:40,B,4057,354,2884878,4390,28.7,1021.9,56-614-135
2026-09-05 11:51:40,B,4058,168,2884902,4390,28.7,1021.9,56-614-135
2026-09-05 11:51:40,T,3431,319,2885523,2055,28.7,1021.9,56-614-135
2026-09-05 11:51:41,B,4059,223,2885663,4394,28.7,1021.9,56-614-135
2026-09-05 11:51:41,B,4060,70,2885763,4394,28.7,1021.9,56-614-135
2026-09-05 11:51:41,T,3432,723,2886116,2057,28.7,1021.9,56-614-135
2026-09-05 11:51:41,B,4061,301,2886116,4394,28.7,1021.9,56-614-135
2026-09-05 11:51:41,C,597,512,2886116,3225,28.7,1021.9,56-614-135
2026-09-05 11:51:41,B,4062,310,2886296,4394,28.7,1021.9,56-614-135
2026-09-05 11:51:42,B,4063,113,2886790,4395,28.7,1021.8,56-614-135
2026-09-05 11:51:42,T,3433,98,2886941,2057,28.7,1021.8,56-614-135
2026-09-05 11:51:43,T,3434,100,2887695,2057,28.7,1021.8,56-614-135
2026-09-05 11:51:43,B,4064,214,2888189,4396,28.7,1021.8,56-614-135
2026-09-05 11:51:44,T,3435,127,2888708,2058,28.7,1021.8,56-614-135
2026-09-05 11:51:45,T,3436,128,2890498,2058,28.7,1021.8,56-614-135
2026-09-05 11:51:46,T,3437,221,2890919,2060,28.7,1021.8,56-614-135
2026-09-05 11:51:46,B,4065,62,2891141,4398,28.7,1021.8,56-614-135
2026-09-05 11:51:46,T,3438,116,2891244,2060,28.7,1021.8,56-614-135
2026-09-05 11:51:46,B,4066,625,2891244,4398,28.7,1021.8,56-614-135
2026-09-05 11:51:46,C,598,370,2891244,3229,28.7,1021.8,56-614-135
2026-09-05 11:51:46,T,3439,230,2891498,2060,28.7,1021.8,56-614-135
2026-09-05 11:51:47,B,4067,117,2891862,4400,28.7,1021.8,56-614-135
2026-09-05 11:51:47,T,3440,174,2892333,2060,28.7,1021.8,56-614-135
2026-09-05 11:51:47,B,4068,61,2892457,4400,28.7,1021.8,56-614-135
2026-09-05 11:51:48,B,4069,75,2892772,4402,28.7,1021.8,56-614-135
2026-09-05 11:51:48,B,4070,93,2893081,4402,28.7,1021.8,56-614-135
2026-09-05 11:51:48,B,4071,98,2893259,4402,28.7,1021.8,56-614-135
2026-09-05 11:51:49,B,4072,318,2894280,4405,28.7,1021.8,56-614-135
2026-09-05 11:51:49,B,4073,149,2894604,4405,28.7,1021.8,56-614-135
2026-09-05 11:51:49,T,3441,95,2894622,2060,28.7,1021.8,56-614-135
2026-09-05 11:51:50,B,4074,87,2894746,4408,28.7,1021.8,56-614-135
2026-09-05 11:51:50,T,3442,178,2894893,2065,28.7,1021.8,56-614-135
2026-09-05 11:51:50,T,3443,451,2895081,2065,28.7,1021.8,56-614-135
2026-09-05 11:51:50,B,4075,68,2895081,4408,28.7,1021.8,56-614-135
2026-09-05 11:51:50,C,599,260,2895081,3236,28.7,1021.8,56-614-135
2026-09-05 11:51:50,B,4076,75,2895136,4408,28.7,1021.8,56-614-135
2026-09-05 11:51:50,T,3444,98,2895158,2065,28.7,1021.8,56-614-135
2026-09-05 11:51:50,B,4077,148,2895311,4408,28.7,1021.8,56-614-135
2026-09-05 11:51:50,T,3445,579,2895320,2065,28.7,1021.8,56-614-135
2026-09-05 11:51:50,T,3446,512,2895479,2065,28.7,1021.8,56-614-135
2026-09-05 11:51:50,T,3447,168,2895638,2065,28.7,1021.8,56-614-135
2026-09-05 11:51:53,B,4078,126,2898600,4409,28.7,1021.8,56-614-135
2026-09-05 11:51:54,B,4079,126,2898961,4415,28.7,1021.8,56-614-135
2026-09-05 11:51:54,T,3448,469,2899023,2067,28.7,1021.8,56-614-135
2026-09-05 11:51:54,B,4080,370,2899023,4415,28.7,1021.8,56-614-135
2026-09-05 11:51:54,C,600,419,2899023,3241,28.7,1021.8,56-614-135
2026-09-05 11:51:54,B,4081,232,2899342,4415,28.7,1021.8,56-614-135
2026-09-05 11:51:54,B,4082,142,2899350,4415,28.7,1021.8,56-614-135
2026-09-05 11:51:54,T,3449,358,2899359,2067,28.7,1021.8,56-614-135
2026-09-05 11:51:54,B,4083,360,2899359,4415,28.7,1021.8,56-614-135
2026-09-05 11:51:54,C,601,359,2899359,3241,28.7,1021.8,56-614-135
2026-09-05 11:51:54,B,4084,102,2899431,4415,28.7,1021.8,56-614-135
2026-09-05 11:51:55,T,3450,187,2900595,2067,28.7,1021.8,56-614-135
2026-09-05 11:51:56,T,3451,166,2901132,2068,28.7,1021.8,56-614-135
2026-09-05 11:51:56,T,3452,122,2901151,2068,28.7,1021.8,56-614-135
2026-09-05 11:51:56,T,3453,75,2901172,2068,28.7,1021.8,56-614-135
2026-09-05 11:51:56,B,4085,88,2901224,4419,28.7,1021.8,56-614-135
2026-09-05 11:51:56,B,4086,133,2901535,4419,28.7,1021.8,56-614-135
2026-09-05 11:51:56,B,4087,360,2901674,4419,28.7,1021.8,56-614-135
2026-09-05 11:51:56,B,4088,93,2901741,4419,28.7,1021.8,56-614-135
2026-09-05 11:51:57,T,3454,62,2902036,2068,28.7,1021.8,56-614-135
2026-09-05 11:51:57,B,4089,317,2902055,4421,28.7,1021.8,56-614-135
2026-09-05 11:52:01,B,4090,151,2906220,4423,28.7,1021.8,56-614-135
2026-09-05 11:52:01,B,4091,136,2906876,4423,28.7,1021.8,56-614-135
2026-09-05 11:52:02,B,4092,289,2906993,4426,28.7,1021.8,56-614-135
2026-09-05 11:52:02,B,4093,432,2907515,4426,28.7,1021.8,56-614-135
2026-09-05 11:52:02,B,4094,64,2907549,4426,28.7,1021.8,56-614-135
2026-09-05 11:52:03,B,4095,574,2907968,4429,28.7,1021.8,56-614-135
2026-09-05 11:52:03,T,3455,170,2908294,2069,28.7,1021.8,56-614-135
2026-09-05 11:52:03,T,3456,162,2908412,2069,28.7,1021.8,56-614-135
2026-09-05 11:52:03,B,4096,322,2908510,4429,28.7,1021.8,56-614-135
2026-09-05 11:52:04,B,4097,135,2909119,4430,28.7,1021.8,56-614-135
2026-09-05 11:52:04,T,3457,234,2909274,2070,28.7,1021.8,56-614-135
2026-09-05 11:52:05,T,3458,309,2910270,2071,28.7,1021.8,56-614-135
2026-09-05 11:52:05,T,3459,268,2910364,2071,28.7,1021.8,56-614-135
2026-09-05 11:52:05,B,4098,379,2910868,4431,28.7,1021.8,56-614-135
2026-09-05 11:52:06,T,3460,118,2911330,2073,28.7,1021.8,56-614-135
2026-09-05 11:52:06,T,3461,432,2911567,2073,28.7,1021.8,56-614-135
2026-09-05 11:52:06,B,4099,563,2911567,4434,28.7,1021.8,56-614-135
2026-09-05 11:52:06,C,602,497,2911567,3253,28.7,1021.8,56-614-135
2026-09-05 11:52:06,B,4100,553,2911707,4434,28.7,1021.8,56-614-135
2026-09-05 11:52:08,B,4101,62,2913112,4438,28.7,1021.9,56-614-135
2026-09-05 11:52:08,B,4102,508,2913114,4438,28.7,1021.9,56-614-135
2026-09-05 11:52:08,B,4103,119,2913666,4438,28.7,1021.9,56-614-135
2026-09-05 11:52:08,B,4104,86,2913764,4438,28.7,1021.9,56-614-135
2026-09-05 11:52:08,B,4105,57,2913861,4438,28.7,1021.9,56-614-135
2026-09-05 11:52:09,T,3462,508,2914253,2074,28.7,1021.9,56-614-135
2026-09-05 11:52:09,B,4106,143,2914253,4439,28.7,1021.9,56-614-135
2026-09-05 11:52:09,C,603,325,2914253,3257,28.7,1021.9,56-614-135
2026-09-05 11:52:11,T,3463,555,2915266,2075,28.7,1021.9,56-614-135
2026-09-05 11:52:12,B,4107,234,2916110,4442,28.7,1021.9,56-614-135
2026-09-05 11:52:12,B,4108,301,2916127,4442,28.7,1021.9,56-614-135
2026-09-05 11:52:12,T,3464,178,2916458,2075,28.7,1021.9,56-614-135
2026-09-05 11:52:13,B,4109,52,2917148,4443,28.7,1021.9,56-614-135
2026-09-05 11:52:13,B,4110,58,2917618,4443,28.7,1021.9,56-614-135
2026-09-05 11:52:14,T,3465,58,2918116,2075,28.7,1021.9,56-614-135
2026-09-05 11:52:14,B,4111,65,2918148,4444,28.7,1021.9,56-614-135
2026-09-05 11:52:15,B,4112,91,2919078,4445,28.7,1021.9,56-614-135
2026-09-05 11:52:16,T,3466,320,2920330,2076,28.7,1021.9,56-614-135
2026-09-05 11:52:16,B,4113,352,2920330,4447,28.7,1021.9,56-614-135
2026-09-05 11:52:16,C,604,336,2920330,3262,28.7,1021.9,56-614-135
2026-09-05 11:52:16,B,4114,146,2920992,4447,28.7,1021.9,56-614-135
2026-09-05 11:52:17,T,3467,402,2921087,2079,28.7,1021.9,56-614-135
2026-09-05 11:52:17,B,4115,82,2921087,4449,28.7,1021.9,56-614-135
2026-09-05 11:52:17,C,605,242,2921087,3264,28.7,1021.9,56-614-135
2026-09-05 11:52:17,T,3468,469,2921104,2079,28.7,1021.9,56-614-135
2026-09-05 11:52:17,T,3469,764,2921407,2079,28.7,1021.9,56-614-135
2026-09-05 11:52:17,B,4116,389,2921539,4449,28.7,1021.9,56-614-135
2026-09-05 11:52:17,T,3470,79,2921620,2079,28.7,1021.9,56-614-135
2026-09-05 11:52:20,T,3471,276,2924139,2081,28.7,1021.8,56-614-135
2026-09-05 11:52:20,T,3472,497,2924747,2081,28.7,1021.8,56-614-135
2026-09-05 11:52:21,B,4117,200,2925188,4452,28.7,1021.8,56-614-135
2026-09-05 11:52:21,T,3473,288,2925507,2082,28.7,1021.8,56-614-135
2026-09-05 11:52:21,B,4118,67,2925687,4452,28.7,1021.8,56-614-135
2026-09-05 11:52:21,B,4119,498,2925791,4452,28.7,1021.8,56-614-135
2026-09-05 11:52:22,T,3474,388,2926257,2083,28.7,1021.8,56-614-135
2026-09-05 11:52:22,B,4120,370,2926257,4454,28.7,1021.8,56-614-135
2026-09-05 11:52:22,C,606,379,2926257,3268,28.7,1021.8,56-614-135
2026-09-05 11:52:23,T,3475,547,2927140,2084,28.7,1021.9,56-614-135
2026-09-05 11:52:23,B,4121,806,2927300,4455,28.7,1021.9,56-614-135
2026-09-05 11:52:23,T,3476,56,2927905,2084,28.7,1021.9,56-614-135
2026-09-05 11:52:24,B,4122,83,2928633,4457,28.7,1021.9,56-614-135
2026-09-05 11:52:24,B,4123,96,2928658,4457,28.7,1021.9,56-614-135
2026-09-05 11:52:26,B,4124,75,2930274,4458,28.7,1021.9,56-614-135
2026-09-05 11:52:27,T,3477,149,2931828,2086,28.7,1021.9,56-614-135
2026-09-05 11:52:27,T,3478,135,2931845,2086,28.7,1021.9,56-614-135
2026-09-05 11:52:27,T,3479,542,2932114,2086,28.7,1021.9,56-614-135
2026-09-05 11:52:28,B,4125,332,2932854,4459,28.7,1021.9,56-614-135
2026-09-05 11:52:29,B,4126,324,2933849,4461,28.7,1021.9,56-614-135
2026-09-05 11:52:29,T,3480,396,2933957,2087,28.7,1021.9,56-614-135
2026-09-05 11:52:29,B,4127,57,2933979,4461,28.7,1021.9,56-614-135
2026-09-05 11:52:30,B,4128,418,2934283,4462,28.7,1021.9,56-614-135
2026-09-05 11:52:31,T,3481,138,2935476,2088,28.7,1021.9,56-614-135
2026-09-05 11:52:31,T,3482,605,2935780,2088,28.7,1021.9,56-614-135
2026-09-05 11:52:31,B,4129,614,2935780,4466,28.7,1021.9,56-614-135
2026-09-05 11:52:31,C,607,609,2935780,3277,28.7,1021.9,56-614-135
2026-09-05 11:52:31,B,4130,110,2935807,4466,28.7,1021.9,56-614-135
2026-09-05 11:52:31,B,4131,272,2936131,4466,28.7,1021.9,56-614-135
2026-09-05 11:52:32,T,3483,243,2936543,2089,28.7,1021.9,56-614-135
2026-09-05 11:52:32,B,4132,86,2936660,4468,28.7,1021.9,56-614-135
2026-09-05 11:52:32,B,4133,169,2936993,4468,28.7,1021.9,56-614-135
2026-09-05 11:52:33,T,3484,242,2937691,2089,28.7,1021.9,56-614-135
2026-09-05 11:52:34,T,3485,136,2938545,2091,28.7,1021.9,56-614-135
2026-09-05 11:52:34,B,4134,190,2938681,4471,28.7,1021.9,56-614-135
2026-09-05 11:52:34,B,4135,495,2938827,4471,28.7,1021.9,56-614-135
2026-09-05 11:52:34,T,3486,287,2938827,2091,28.7,1021.9,56-614-135
2026-09-05 11:52:34,B,4136,142,2939091,4471,28.7,1021.9,56-614-135
2026-09-05 11:52:35,T,3487,94,2939310,2092,28.7,1021.9,56-614-135
2026-09-05 11:52:35,B,4137,151,2939333,4472,28.7,1021.9,56-614-135
2026-09-05 11:52:35,T,3488,186,2939483,2092,28.7,1021.9,56-614-135
2026-09-05 11:52:35,T,3489,442,2939636,2092,28.7,1021.9,56-614-135
2026-09-05 11:52:36,B,4138,454,2940490,4475,28.7,1021.9,56-614-135
2026-09-05 11:52:36,T,3490,169,2940876,2093,28.7,1021.9,56-614-135
2026-09-05 11:52:36,B,4139,227,2940959,4475,28.7,1021.9,56-614-135
2026-09-05 11:52:37,T,3491,142,2941334,2093,28.7,1021.9,56-614-135
2026-09-05 11:52:38,B,4140,261,2942326,4478,28.7,1021.9,56-614-135
2026-09-05 11:52:38,T,3492,326,2942371,2095,28.7,1021.9,56-614-135
2026-09-05 11:52:38,B,4141,516,2942371,4478,28.7,1021.9,56-614-135
2026-09-05 11:52:38,C,608,421,2942371,3286,28.7,1021.9,56-614-135
2026-09-05 11:52:38,T,3493,182,2942798,2095,28.7,1021.9,56-614-135
2026-09-05 11:52:39,B,4142,175,2943901,4479,28.7,1021.9,56-614-135
2026-09-05 11:52:40,T,3494,118,2944485,2095,28.7,1021.9,56-614-135
2026-09-05 11:52:41,B,4143,64,2945637,4485,28.7,1021.9,56-614-135
2026-09-05 11:52:41,T,3495,317,2945874,2099,28.7,1021.9,56-614-135
2026-09-05 11:52:41,B,4144,369,2945874,4485,28.7,1021.9,56-614-135
2026-09-05 11:52:41,C,609,343,2945874,3292,28.7,1021.9,56-614-135
2026-09-05 11:52:41,T,3496,531,2946162,2099,28.7,1021.9,56-614-135
2026-09-05 11:52:41,B,4145,553,2946162,4485,28.7,1021.9,56-614-135
2026-09-05 11:52:41,C,610,542,2946162,3292,28.7,1021.9,56-614-135
2026-09-05 11:52:41,T,3497,388,2946232,2099,28.7,1021.9,56-614-135
2026-09-05 11:52:41,B,4146,410,2946232,4485,28.7,1021.9,56-614-135
2026-09-05 11:52:41,C,611,399,2946232,3292,28.7,1021.9,56-614-135
2026-09-05 11:52:41,T,3498,510,2946258,2099,28.7,1021.9,56-614-135
2026-09-05 11:52:41,B,4147,486,2946258,4485,28.7,1021.9,56-614-135
2026-09-05 11:52:41,C,612,498,2946258,3292,28.7,1021.9,56-614-135
2026-09-05 11:52:41,T,3499,159,2946278,2099,28.7,1021.9,56-614-135
2026-09-05 11:52:42,T,3500,336,2946445,2103,28.7,1021.9,56-614-135
2026-09-05 11:52:42,T,3501,478,2946832,2103,28.7,1021.9,56-614-135
2026-09-05 11:52:42,B,4148,561,2946832,4490,28.7,1021.9,56-614-135
2026-09-05 11:52:42,C,613,519,2946832,3297,28.7,1021.9,56-614-135
2026-09-05 11:52:42,T,3502,400,2947220,2103,28.7,1021.9,56-614-135
2026-09-05 11:52:42,B,4149,428,2947220,4490,28.7,1021.9,56-614-135
2026-09-05 11:52:42,C,614,414,2947220,3297,28.7,1021.9,56-614-135
2026-09-05 11:52:42,T,3503,406,2947329,2103,28.7,1021.9,56-614-135
2026-09-05 11:52:42,B,4150,621,2947329,4490,28.7,1021.9,56-614-135
2026-09-05 11:52:42,C,615,513,2947329,3297,28.7,1021.9,56-614-135
2026-09-05 11:52:42,T,3504,152,2947348,2103,28.7,1021.9,56-614-135
2026-09-05 11:52:43,T,3505,94,2947458,2104,28.7,1021.8,56-614-135
2026-09-05 11:52:43,T,3506,421,2948133,2104,28.7,1021.8,56-614-135
2026-09-05 11:52:44,B,4151,284,2948748,4493,28.7,1021.8,56-614-135
2026-09-05 11:52:44,T,3507,158,2949086,2105,28.7,1021.8,56-614-135
2026-09-05 11:52:44,B,4152,424,2949086,4493,28.7,1021.8,56-614-135
2026-09-05 11:52:44,C,616,291,2949086,3299,28.7,1021.8,56-614-135
2026-09-05 11:52:45,T,3508,212,2949389,2108,28.7,1021.8,56-614-135
2026-09-05 11:52:45,T,3509,470,2949634,2108,28.7,1021.8,56-614-135
2026-09-05 11:52:45,B,4153,513,2949634,4497,28.7,1021.8,56-614-135
2026-09-05 11:52:45,C,617,491,2949634,3302,28.7,1021.8,56-614-135
2026-09-05 11:52:45,B,4154,82,2949754,4497,28.7,1021.8,56-614-135
2026-09-05 11:52:45,T,3510,116,2949773,2108,28.7,1021.8,56-614-135
2026-09-05 11:52:45,B,4155,287,2949993,4497,28.7,1021.8,56-614-135
2026-09-05 11:52:45,T,3511,60,2950177,2108,28.7,1021.8,56-614-135
2026-09-05 11:52:45,B,4156,79,2950281,4497,28.7,1021.8,56-614-135
2026-09-05 11:52:45,T,3512,292,2950375,2108,28.7,1021.8,56-614-135
2026-09-05 11:52:46,B,4157,60,2950786,4500,28.7,1021.8,56-614-135
2026-09-05 11:52:46,B,4158,364,2950921,4500,28.7,1021.8,56-614-135
2026-09-05 11:52:46,B,4159,148,2951166,4500,28.7,1021.8,56-614-135
2026-09-05 11:52:47,B,4160,512,2951624,4501,28.7,1021.8,56-614-135
2026-09-05 11:52:47,T,3513,84,2951935,2108,28.7,1021.8,56-614-135
2026-09-05 11:52:49,T,3514,411,2953741,2110,28.7,1021.9,56-614-135
2026-09-05 11:52:49,B,4161,389,2953741,4508,28.7,1021.9,56-614-135
2026-09-05 11:52:49,C,618,400,2953741,3309,28.7,1021.9,56-614-135
2026-09-05 11:52:49,B,4162,136,2953821,4508,28.7,1021.9,56-614-135
2026-09-05 11:52:49,B,4163,87,2953903,4508,28.7,1021.9,56-614-135
2026-09-05 11:52:49,T,3515,90,2954034,2110,28.7,1021.9,56-614-135
2026-09-05 11:52:49,T,3516,714,2954191,2110,28.7,1021.9,56-614-135
2026-09-05 11:52:49,B,4164,556,2954191,4508,28.7,1021.9,56-614-135
2026-09-05 11:52:49,C,619,635,2954191,3309,28.7,1021.9,56-614-135
2026-09-05 11:52:49,B,4165,88,2954212,4508,28.7,1021.9,56-614-135
2026-09-05 11:52:49,B,4166,473,2954228,4508,28.7,1021.9,56-614-135
2026-09-05 11:52:50,T,3517,572,2954465,2112,28.7,1021.9,56-614-135
2026-09-05 11:52:50,T,3518,565,2954513,2112,28.7,1021.9,56-614-135
2026-09-05 11:52:50,B,4167,50,2954513,4511,28.7,1021.9,56-614-135
2026-09-05 11:52:50,C,620,308,2954513,3311,28.7,1021.9,56-614-135
2026-09-05 11:52:50,B,4168,163,2954768,4511,28.7,1021.9,56-614-135
2026-09-05 11:52:50,B,4169,189,2954814,4511,28.7,1021.9,56-614-135
2026-09-05 11:52:51,B,4170,69,2956388,4511,28.7,1021.9,56-614-135
2026-09-05 11:52:52,T,3519,329,2956556,2115,28.7,1021.9,56-614-135
2026-09-05 11:52:52,T,3520,240,2956786,2115,28.7,1021.9,56-614-135
2026-09-05 11:52:52,B,4171,355,2957280,4513,28.7,1021.9,56-614-135
2026-09-05 11:52:52,T,3521,678,2957389,2115,28.7,1021.9,56-614-135
2026-09-05 11:52:53,T,3522,133,2957964,2116,28.7,1021.9,56-614-135
2026-09-05 11:52:53,T,3523,66,2958325,2116,28.7,1021.9,56-614-135
2026-09-05 11:52:53,T,3524,163,2958342,2116,28.7,1021.9,56-614-135
2026-09-05 11:52:53,B,4172,53,2958431,4513,28.7,1021.9,56-614-135
2026-09-05 11:52:54,T,3525,330,2958708,2118,28.7,1021.9,56-614-135
2026-09-05 11:52:54,B,4173,437,2958708,4517,28.7,1021.9,56-614-135
2026-09-05 11:52:54,C,621,383,2958708,3317,28.7,1021.9,56-614-135
2026-09-05 11:52:54,B,4174,98,2958845,4517,28.7,1021.9,56-614-135
2026-09-05 11:52:54,T,3526,122,2959138,2118,28.7,1021.9,56-614-135
2026-09-05 11:52:54,T,3527,387,2959417,2118,28.7,1021.9,56-614-135
2026-09-05 11:52:54,B,4175,500,2959417,4517,28.7,1021.9,56-614-135
2026-09-05 11:52:54,C,622,443,2959417,3317,28.7,1021.9,56-614-135
2026-09-05 11:52:55,T,3528,161,2960229,2119,28.7,1021.9,56-614-135
2026-09-05 11:52:55,T,3529,83,2960370,2119,28.7,1021.9,56-614-135
2026-09-05 11:52:56,B,4176,866,2960576,4522,28.7,1021.9,56-614-135
2026-09-05 11:52:56,B,4177,398,2960598,4522,28.7,1021.9,56-614-135
2026-09-05 11:52:56,B,4178,535,2960966,4522,28.7,1021.9,56-614-135
2026-09-05 11:52:56,T,3530,100,2961239,2119,28.7,1021.9,56-614-135
2026-09-05 11:52:57,B,4179,68,2961917,4523,28.7,1021.9,56-614-135
2026-09-05 11:52:57,T,3531,503,2962216,2120,28.7,1021.9,56-614-135
2026-09-05 11:52:57,B,4180,141,2962418,4523,28.7,1021.9,56-614-135
2026-09-05 11:52:58,B,4181,422,2962596,4529,28.7,1021.9,56-614-135
2026-09-05 11:52:58,B,4182,65,2962613,4529,28.7,1021.9,56-614-135
2026-09-05 11:52:58,B,4183,178,2962759,4529,28.7,1021.9,56-614-135
2026-09-05 11:52:58,T,3532,455,2963048,2124,28.7,1021.9,56-614-135
2026-09-05 11:52:58,B,4184,296,2963145,4529,28.7,1021.9,56-614-135
2026-09-05 11:52:58,T,3533,533,2963145,2124,28.7,1021.9,56-614-135
2026-09-05 11:52:58,T,3534,298,2963279,2124,28.7,1021.9,56-614-135
2026-09-05 11:52:58,T,3535,68,2963307,2124,28.7,1021.9,56-614-135
2026-09-05 11:52:58,T,3536,135,2963352,2124,28.7,1021.9,56-614-135
2026-09-05 11:52:58,B,4185,116,2963352,4529,28.7,1021.9,56-614-135
2026-09-05 11:52:58,C,623,118,2963352,3326,28.7,1021.9,56-614-135
2026-09-05 11:52:58,T,3537,79,2963370,2124,28.7,1021.9,56-614-135
2026-09-05 11:52:59,T,3538,55,2963640,2124,28.7,1021.9,56-614-135
2026-09-05 11:52:59,B,4186,529,2964490,4530,28.7,1021.9,56-614-135
2026-09-05 11:53:00,B,4187,365,2964734,4532,28.7,1021.9,56-614-135
2026-09-05 11:53:01,T,3539,342,2965617,2124,28.7,1021.9,56-614-135
2026-09-05 11:53:01,B,4188,280,2966500,4533,28.7,1021.9,56-614-135
2026-09-05 11:53:02,B,4189,159,2967130,4534,28.7,1021.9,56-614-135
2026-09-05 11:53:03,T,3540,416,2967751,2126,28.7,1021.9,56-614-135
2026-09-05 11:53:03,T,3541,68,2967835,2126,28.7,1021.9,56-614-135
2026-09-05 11:53:03,T,3542,525,2968536,2126,28.7,1021.9,56-614-135
2026-09-05 11:53:04,B,4190,273,2968695,4535,28.7,1021.9,56-614-135
2026-09-05 11:53:06,T,3543,726,2970848,2129,28.7,1021.9,56-614-135
2026-09-05 11:53:06,T,3544,500,2970976,2129,28.7,1021.9,56-614-135
2026-09-05 11:53:06,B,4191,79,2971203,4536,28.7,1021.9,56-614-135
2026-09-05 11:53:06,T,3545,63,2971226,2129,28.7,1021.9,56-614-135
2026-09-05 11:53:07,T,3546,82,2971897,2129,28.7,1021.9,56-614-135
2026-09-05 11:53:07,B,4192,251,2972429,4537,28.7,1021.9,56-614-135
2026-09-05 11:53:08,B,4193,490,2973267,4540,28.7,1021.9,56-614-135
2026-09-05 11:53:08,B,4194,270,2973570,4540,28.7,1021.9,56-614-135
2026-09-05 11:53:08,T,3547,354,2973576,2130,28.7,1021.9,56-614-135
2026-09-05 11:53:09,T,3548,188,2974471,2130,28.7,1021.9,56-614-135
2026-09-05 11:53:09,B,4195,185,2974606,4541,28.7,1021.9,56-614-135
2026-09-05 11:53:10,B,4196,320,2975065,4542,28.7,1021.9,56-614-135
2026-09-05 11:53:10,T,3549,128,2975701,2131,28.7,1021.9,56-614-135
2026-09-05 11:53:11,B,4197,533,2975731,4545,28.7,1021.9,56-614-135
2026-09-05 11:53:11,T,3550,353,2976053,2132,28.7,1021.9,56-614-135
2026-09-05 11:53:11,B,4198,152,2976053,4545,28.7,1021.9,56-614-135
2026-09-05 11:53:11,C,624,252,2976053,3338,28.7,1021.9,56-614-135
2026-09-05 11:53:12,B,4199,248,2977059,4546,28.7,1021.9,56-614-135
2026-09-05 11:53:14,B,4200,217,2979230,4547,28.7,1021.9,56-614-135
2026-09-05 11:53:14,T,3551,64,2979447,2132,28.7,1021.9,56-614-135
2026-09-05 11:53:15,B,4201,154,2979794,4549,28.7,1021.9,56-614-135
2026-09-05 11:53:15,B,4202,494,2980078,4549,28.7,1021.9,56-614-135
2026-09-05 11:53:16,B,4203,377,2980813,4553,28.7,1021.9,56-614-135
2026-09-05 11:53:16,T,3552,490,2980842,2133,28.7,1021.9,56-614-135
2026-09-05 11:53:16,B,4204,244,2981174,4553,28.7,1021.9,56-614-135
2026-09-05 11:53:16,B,4205,151,2981275,4553,28.7,1021.9,56-614-135
2026-09-05 11:53:17,T,3553,536,2981908,2134,28.7,1021.9,56-614-135
2026-09-05 11:53:18,T,3554,331,2983229,2134,28.7,1021.9,56-614-135
2026-09-05 11:53:18,B,4206,510,2983229,4554,28.7,1021.9,56-614-135
2026-09-05 11:53:18,C,625,421,2983229,3344,28.7,1021.9,56-614-135
2026-09-05 11:53:19,B,4207,93,2984219,4556,28.7,1021.9,56-614-135
2026-09-05 11:53:19,B,4208,95,2984466,4556,28.7,1021.9,56-614-135
2026-09-05 11:53:20,B,4209,173,2984874,4562,28.7,1021.9,56-614-135
2026-09-05 11:53:20,T,3555,442,2985000,2139,28.7,1021.9,56-614-135
2026-09-05 11:53:20,B,4210,417,2985000,4562,28.7,1021.9,56-614-135
2026-09-05 11:53:20,C,626,430,2985000,3350,28.7,1021.9,56-614-135
2026-09-05 11:53:20,T,3556,67,2985372,2139,28.7,1021.9,56-614-135
2026-09-05 11:53:20,B,4211,442,2985372,4562,28.7,1021.9,56-614-135
2026-09-05 11:53:20,C,627,254,2985372,3350,28.7,1021.9,56-614-135
2026-09-05 11:53:20,T,3557,298,2985415,2139,28.7,1021.9,56-614-135
2026-09-05 11:53:20,T,3558,466,2985618,2139,28.7,1021.9,56-614-135
2026-09-05 11:53:20,B,4212,572,2985618,4562,28.7,1021.9,56-614-135
2026-09-05 11:53:20,C,628,519,2985618,3350,28.7,1021.9,56-614-135
2026-09-05 11:53:20,T,3559,281,2985638,2139,28.7,1021.9,56-614-135
2026-09-05 11:53:20,T,3560,432,2985780,2139,28.7,1021.9,56-614-135
2026-09-05 11:53:20,B,4213,69,2985780,4562,28.7,1021.9,56-614-135
2026-09-05 11:53:20,C,629,251,2985780,3350,28.7,1021.9,56-614-135
2026-09-05 11:53:21,T,3561,333,2986011,2140,28.7,1021.9,56-614-135
2026-09-05 11:53:21,B,4214,126,2986342,4563,28.7,1021.9,56-614-135
2026-09-05 11:53:22,B,4215,88,2987099,4565,28.7,1021.9,56-614-135
2026-09-05 11:53:22,B,4216,244,2987763,4565,28.7,1021.9,56-614-135
2026-09-05 11:53:23,T,3562,87,2988343,2141,28.7,1021.9,56-614-135
2026-09-05 11:53:23,T,3563,549,2988423,2141,28.7,1021.9,56-614-135
2026-09-05 11:53:23,B,4217,66,2988782,4566,28.7,1021.9,56-614-135
2026-09-05 11:53:23,T,3564,129,2988861,2141,28.7,1021.9,56-614-135
2026-09-05 11:53:24,T,3565,139,2989156,2143,28.7,1021.9,56-614-135
2026-09-05 11:53:24,B,4218,275,2989379,4568,28.7,1021.9,56-614-135
2026-09-05 11:53:24,T,3566,664,2989485,2143,28.7,1021.9,56-614-135
2026-09-05 11:53:24,B,4219,112,2989744,4568,28.7,1021.9,56-614-135
2026-09-05 11:53:25,T,3567,413,2989895,2144,28.7,1021.9,56-614-135
2026-09-05 11:53:25,T,3568,51,2990151,2144,28.7,1021.9,56-614-135
2026-09-05 11:53:26,B,4220,227,2991022,4570,28.7,1021.9,56-614-135
2026-09-05 11:53:26,T,3569,176,2991123,2144,28.7,1021.9,56-614-135
2026-09-05 11:53:26,B,4221,307,2991542,4570,28.7,1021.9,56-614-135
2026-09-05 11:53:27,T,3570,394,2992244,2146,28.7,1021.9,56-614-135
2026-09-05 11:53:27,B,4222,366,2992244,4572,28.7,1021.9,56-614-135
2026-09-05 11:53:27,C,630,380,2992244,3359,28.7,1021.9,56-614-135
2026-09-05 11:53:27,T,3571,178,2992292,2146,28.7,1021.9,56-614-135
2026-09-05 11:53:28,T,3572,102,2993072,2147,28.7,1021.9,56-614-135
2026-09-05 11:53:28,T,3573,68,2993368,2147,28.7,1021.9,56-614-135
2026-09-05 11:53:28,T,3574,85,2993617,2147,28.7,1021.9,56-614-135
2026-09-05 11:53:28,T,3575,496,2993728,2147,28.7,1021.9,56-614-135
2026-09-05 11:53:29,T,3576,78,2994134,2148,28.7,1021.9,56-614-135
2026-09-05 11:53:29,B,4223,71,2994489,4572,28.7,1021.9,56-614-135
2026-09-05 11:53:29,T,3577,52,2994540,2148,28.7,1021.9,56-614-135
2026-09-05 11:53:29,T,3578,107,2994839,2148,28.7,1021.9,56-614-135
2026-09-05 11:53:30,B,4224,121,2995111,4573,28.7,1021.9,56-614-135
2026-09-05 11:53:30,T,3579,612,2995429,2149,28.7,1021.9,56-614-135
2026-09-05 11:53:30,T,3580,86,2995591,2149,28.7,1021.9,56-614-135
2026-09-05 11:53:32,T,3581,237,2997272,2150,28.7,1021.9,56-614-135
2026-09-05 11:53:32,T,3582,70,2997652,2150,28.7,1021.9,56-614-135
2026-09-05 11:53:33,T,3583,412,2998349,2151,28.7,1021.9,56-614-135
2026-09-05 11:53:33,B,4225,444,2998371,4575,28.7,1021.9,56-614-135
2026-09-05 11:53:33,T,3584,52,2998571,2151,28.7,1021.9,56-614-135
2026-09-05 11:53:35,B,4226,86,2999095,4577,28.7,1021.9,56-614-135
2026-09-05 11:53:35,B,4227,177,2999145,4577,28.7,1021.9,56-614-135
2026-09-05 11:53:35,B,4228,137,2999173,4577,28.7,1021.9,56-614-135
2026-09-05 11:53:35,T,3585,57,2999479,2151,28.7,1021.9,56-614-135
2026-09-05 11:53:36,T,3586,598,3000085,2153,28.7,1021.9,56-614-135
2026-09-05 11:53:36,T,3587,157,3000117,2153,28.7,1021.9,56-614-135
2026-09-05 11:53:36,B,4229,194,3000365,4583,28.7,1021.9,56-614-135
2026-09-05 11:53:36,B,4230,120,3000392,4583,28.7,1021.9,56-614-135
2026-09-05 11:53:36,T,3588,308,3000405,2153,28.7,1021.9,56-614-135
2026-09-05 11:53:36,B,4231,57,3000559,4583,28.7,1021.9,56-614-135
2026-09-05 11:53:36,B,4232,135,3000594,4583,28.7,1021.9,56-614-135
2026-09-05 11:53:36,B,4233,512,3000965,4583,28.7,1021.9,56-614-135
2026-09-05 11:53:38,B,4234,460,3002434,4584,28.7,1021.9,56-614-135
2026-09-05 11:53:39,B,4235,126,3003080,4586,28.7,1021.9,56-614-135
2026-09-05 11:53:39,B,4236,104,3003282,4586,28.7,1021.9,56-614-135
2026-09-05 11:53:39,T,3589,254,3003360,2154,28.7,1021.9,56-614-135
2026-09-05 11:53:40,T,3590,482,3004245,2156,28.7,1021.9,56-614-135
2026-09-05 11:53:40,B,4237,417,3004245,4588,28.7,1021.9,56-614-135
2026-09-05 11:53:40,C,631,450,3004245,3372,28.7,1021.9,56-614-135
2026-09-05 11:53:40,B,4238,99,3004473,4588,28.7,1021.9,56-614-135
2026-09-05 11:53:40,T,3591,215,3004832,2156,28.7,1021.9,56-614-135
2026-09-05 11:53:41,B,4239,537,3005189,4591,28.7,1021.9,56-614-135
2026-09-05 11:53:41,B,4240,110,3005601,4591,28.7,1021.9,56-614-135
2026-09-05 11:53:42,T,3592,284,3006194,2156,28.7,1021.9,56-614-135
2026-09-05 11:53:43,T,3593,437,3007282,2158,28.7,1021.9,56-614-135
2026-09-05 11:53:43,T,3594,168,3007867,2158,28.7,1021.9,56-614-135
2026-09-05 11:53:43,B,4241,85,3007982,4593,28.7,1021.9,56-614-135
2026-09-05 11:53:43,B,4242,571,3008032,4593,28.7,1021.9,56-614-135
2026-09-05 11:53:44,T,3595,427,3008736,2159,28.7,1021.9,56-614-135
2026-09-05 11:53:44,B,4243,263,3008815,4594,28.7,1021.9,56-614-135
2026-09-05 11:53:45,T,3596,79,3009523,2159,28.7,1021.9,56-614-135
2026-09-05 11:53:46,B,4244,695,3010163,4598,28.7,1021.9,56-614-135
2026-09-05 11:53:46,T,3597,61,3010196,2160,28.7,1021.9,56-614-135
2026-09-05 11:53:46,B,4245,609,3010212,4598,28.7,1021.9,56-614-135
2026-09-05 11:53:46,B,4246,149,3010777,4598,28.7,1021.9,56-614-135
2026-09-05 11:53:46,T,3598,371,3010801,2160,28.7,1021.9,56-614-135
2026-09-05 11:53:47,B,4247,589,3012089,4600,28.7,1021.9,56-614-135
2026-09-05 11:53:48,B,4248,195,3012183,4602,28.7,1021.9,56-614-135
2026-09-05 11:53:48,B,4249,267,3012514,4602,28.7,1021.9,56-614-135
2026-09-05 11:53:48,T,3599,576,3012558,2161,28.7,1021.9,56-614-135
2026-09-05 11:53:48,T,3600,78,3012678,2161,28.7,1021.9,56-614-135
2026-09-05 11:53:49,B,4250,119,3013153,4603,28.7,1021.9,56-614-135
2026-09-05 11:53:50,T,3601,393,3015077,2162,28.7,1021.9,56-614-135
2026-09-05 11:53:50,B,4251,391,3015077,4604,28.7,1021.9,56-614-135
2026-09-05 11:53:50,C,632,392,3015077,3383,28.7,1021.9,56-614-135
2026-09-05 11:53:51,T,3602,93,3015661,2164,28.7,1021.9,56-614-135
2026-09-05 11:53:51,T,3603,332,3015856,2164,28.7,1021.9,56-614-135
2026-09-05 11:53:51,T,3604,184,3015951,2164,28.7,1021.9,56-614-135
2026-09-05 11:53:51,B,4252,195,3015952,4606,28.7,1021.9,56-614-135
2026-09-05 11:53:51,C,633,151,3015952,3385,28.7,1021.9,56-614-135
2026-09-05 11:53:52,T,3605,66,3017012,2164,28.7,1021.9,56-614-135
2026-09-05 11:53:53,T,3606,91,3017729,2165,28.7,1021.9,56-614-135
2026-09-05 11:53:53,T,3607,295,3017774,2165,28.7,1021.9,56-614-135
2026-09-05 11:53:54,T,3608,151,3018890,2165,28.7,1021.9,56-614-135
2026-09-05 11:53:55,B,4253,100,3020042,4606,28.7,1021.9,56-614-135
2026-09-05 11:53:56,T,3609,322,3020321,2167,28.7,1021.9,56-614-135
2026-09-05 11:53:56,B,4254,250,3020668,4608,28.7,1021.9,56-614-135
2026-09-05 11:53:56,T,3610,134,3020832,2167,28.7,1021.9,56-614-135
2026-09-05 11:53:57,B,4255,228,3021332,4611,28.7,1021.9,56-614-135
2026-09-05 11:53:57,T,3611,140,3021434,2167,28.7,1021.9,56-614-135
2026-09-05 11:53:57,B,4256,103,3022163,4611,28.7,1021.9,56-614-135
2026-09-05 11:53:57,B,4257,152,3022228,4611,28.7,1021.9,56-614-135
2026-09-05 11:53:58,T,3612,54,3022857,2168,28.7,1021.9,56-614-135
2026-09-05 11:53:58,T,3613,343,3022956,2168,28.7,1021.9,56-614-135
2026-09-05 11:53:58,B,4258,431,3022956,4612,28.7,1021.9,56-614-135
2026-09-05 11:53:58,C,634,387,3022956,3390,28.7,1021.9,56-614-135
2026-09-05 11:53:59,B,4259,204,3023929,4614,28.7,1021.8,56-614-135
2026-09-05 11:53:59,T,3614,340,3023930,2170,28.7,1021.8,56-614-135
2026-09-05 11:53:59,T,3615,606,3024093,2170,28.7,1021.8,56-614-135
2026-09-05 11:54:00,T,3616,71,3024506,2170,28.7,1021.8,56-614-135
2026-09-05 11:54:00,T,3617,179,3024958,2170,28.7,1021.8,56-614-135
2026-09-05 11:54:01,B,4260,584,3025953,4618,28.7,1021.8,56-614-135
2026-09-05 11:54:01,B,4261,187,3026030,4618,28.7,1021.8,56-614-135
2026-09-05 11:54:01,B,4262,112,3026195,4618,28.7,1021.8,56-614-135
2026-09-05 11:54:02,B,4263,149,3026763,4619,28.7,1021.8,56-614-135
2026-09-05 11:54:03,T,3618,433,3027475,2172,28.7,1021.8,56-614-135
2026-09-05 11:54:03,B,4264,509,3027475,4622,28.7,1021.8,56-614-135
2026-09-05 11:54:03,C,635,471,3027475,3397,28.7,1021.8,56-614-135
2026-09-05 11:54:03,B,4265,124,3027658,4622,28.7,1021.8,56-614-135
2026-09-05 11:54:03,B,4266,146,3027803,4622,28.7,1021.8,56-614-135
2026-09-05 11:54:03,T,3619,88,3028146,2172,28.7,1021.8,56-614-135
2026-09-05 11:54:04,T,3620,60,3028543,2172,28.7,1021.9,56-614-135
2026-09-05 11:54:04,T,3621,138,3028869,2172,28.7,1021.9,56-614-135
2026-09-05 11:54:04,B,4267,148,3028917,4623,28.7,1021.9,56-614-135
2026-09-05 11:54:05,B,4268,77,3029428,4626,28.7,1021.9,56-614-135
2026-09-05 11:54:05,B,4269,164,3029443,4626,28.7,1021.9,56-614-135
2026-09-05 11:54:05,B,4270,386,3029666,4626,28.7,1021.9,56-614-135
2026-09-05 11:54:06,B,4271,676,3030446,4628,28.7,1021.9,56-614-135
2026-09-05 11:54:06,T,3622,117,3030991,2173,28.7,1021.9,56-614-135
2026-09-05 11:54:07,B,4272,440,3032050,4631,28.7,1021.9,56-614-135
2026-09-05 11:54:07,T,3623,351,3032094,2173,28.7,1021.9,56-614-135
2026-09-05 11:54:07,B,4273,373,3032334,4631,28.7,1021.9,56-614-135
2026-09-05 11:54:08,T,3624,373,3032850,2175,28.7,1021.9,56-614-135
2026-09-05 11:54:08,T,3625,162,3033070,2175,28.7,1021.9,56-614-135
2026-09-05 11:54:08,T,3626,59,3033304,2175,28.7,1021.9,56-614-135
2026-09-05 11:54:09,T,3627,608,3033557,2177,28.7,1021.9,56-614-135
2026-09-05 11:54:09,B,4274,397,3033557,4633,28.7,1021.9,56-614-135
2026-09-05 11:54:09,C,636,502,3033557,3405,28.7,1021.9,56-614-135
2026-09-05 11:54:09,T,3628,881,3033780,2177,28.7,1021.9,56-614-135
2026-09-05 11:54:09,B,4275,58,3033786,4633,28.7,1021.9,56-614-135
2026-09-05 11:54:11,T,3629,490,3035978,2178,28.7,1021.9,56-614-135
2026-09-05 11:54:12,B,4276,78,3036493,4638,28.7,1021.9,56-614-135
2026-09-05 11:54:12,B,4277,65,3036519,4638,28.7,1021.9,56-614-135
2026-09-05 11:54:12,B,4278,96,3036553,4638,28.7,1021.9,56-614-135
2026-09-05 11:54:12,T,3630,55,3036599,2182,28.7,1021.9,56-614-135
2026-09-05 11:54:12,B,4279,51,3036774,4638,28.7,1021.9,56-614-135
2026-09-05 11:54:12,T,3631,280,3036927,2182,28.7,1021.9,56-614-135
2026-09-05 11:54:12,B,4280,483,3037011,4638,28.7,1021.9,56-614-135
2026-09-05 11:54:12,T,3632,442,3037011,2182,28.7,1021.9,56-614-135
2026-09-05 11:54:12,T,3633,470,3037113,2182,28.7,1021.9,56-614-135
2026-09-05 11:54:12,T,3634,465,3037163,2182,28.7,1021.9,56-614-135
2026-09-05 11:54:12,B,4281,208,3037163,4638,28.7,1021.9,56-614-135
2026-09-05 11:54:12,C,637,336,3037163,3410,28.7,1021.9,56-614-135
2026-09-05 11:54:13,B,4282,106,3038335,4639,28.7,1021.9,56-614-135
2026-09-05 11:54:14,B,4283,97,3038543,4641,28.7,1021.9,56-614-135
2026-09-05 11:54:14,B,4284,90,3038974,4641,28.7,1021.9,56-614-135
2026-09-05 11:54:14,B,4285,91,3039124,4641,28.7,1021.9,56-614-135
2026-09-05 11:54:15,T,3635,350,3039485,2183,28.7,1021.9,56-614-135
2026-09-05 11:54:15,B,4286,399,3039580,4644,28.7,1021.9,56-614-135
2026-09-05 11:54:15,B,4287,159,3039635,4644,28.7,1021.9,56-614-135
2026-09-05 11:54:16,T,3636,431,3040726,2183,28.7,1021.9,56-614-135
2026-09-05 11:54:17,T,3637,122,3042263,2186,28.7,1021.9,56-614-135
2026-09-05 11:54:17,T,3638,426,3042288,2186,28.7,1021.9,56-614-135
2026-09-05 11:54:17,T,3639,394,3042291,2186,28.7,1021.9,56-614-135
2026-09-05 11:54:17,B,4288,274,3042291,4645,28.7,1021.9,56-614-135
2026-09-05 11:54:17,C,638,334,3042291,3415,28.7,1021.9,56-614-135
2026-09-05 11:54:18,T,3640,94,3042731,2187,28.7,1021.9,56-614-135
2026-09-05 11:54:18,T,3641,583,3043071,2187,28.7,1021.9,56-614-135
2026-09-05 11:54:18,B,4289,495,3043071,4646,28.7,1021.9,56-614-135
2026-09-05 11:54:18,C,639,539,3043071,3417,28.7,1021.9,56-614-135
2026-09-05 11:54:20,B,4290,589,3045464,4648,28.7,1021.8,56-614-135
2026-09-05 11:54:21,T,3642,161,3045987,2188,28.7,1021.8,56-614-135
2026-09-05 11:54:21,T,3643,351,3046159,2188,28.7,1021.8,56-614-135
2026-09-05 11:54:21,B,4291,454,3046159,4649,28.7,1021.8,56-614-135
2026-09-05 11:54:21,C,640,402,3046159,3419,28.7,1021.8,56-614-135
2026-09-05 11:54:22,B,4292,469,3046570,4652,28.7,1021.8,56-614-135
2026-09-05 11:54:22,T,3644,157,3046570,2191,28.7,1021.8,56-614-135
2026-09-05 11:54:22,B,4293,356,3046660,4652,28.7,1021.8,56-614-135
2026-09-05 11:54:22,T,3645,530,3046785,2191,28.7,1021.8,56-614-135
2026-09-05 11:54:22,T,3646,324,3047212,2191,28.7,1021.8,56-614-135
2026-09-05 11:54:23,T,3647,550,3047842,2192,28.7,1021.8,56-614-135
2026-09-05 11:54:23,B,4294,353,3047980,4654,28.7,1021.8,56-614-135
2026-09-05 11:54:23,B,4295,69,3048273,4654,28.7,1021.8,56-614-135
2026-09-05 11:54:23,T,3648,55,3048312,2192,28.7,1021.8,56-614-135
2026-09-05 11:54:24,T,3649,213,3048826,2193,28.7,1021.9,56-614-135
2026-09-05 11:54:24,B,4296,53,3049210,4657,28.7,1021.9,56-614-135
2026-09-05 11:54:24,B,4297,88,3049232,4657,28.7,1021.9,56-614-135
2026-09-05 11:54:24,B,4298,72,3049260,4657,28.7,1021.9,56-614-135
2026-09-05 11:54:24,T,3650,216,3049318,2193,28.7,1021.9,56-614-135
2026-09-05 11:54:24,B,4299,209,3049461,4657,28.7,1021.9,56-614-135
2026-09-05 11:54:25,B,4300,172,3049627,4660,28.7,1021.9,56-614-135
2026-09-05 11:54:25,B,4301,66,3049804,4660,28.7,1021.9,56-614-135
2026-09-05 11:54:25,B,4302,59,3049978,4660,28.7,1021.9,56-614-135
2026-09-05 11:54:26,B,4303,534,3051359,4661,28.7,1021.9,56-614-135
2026-09-05 11:54:26,T,3651,70,3051359,2193,28.7,1021.9,56-614-135
2026-09-05 11:54:27,T,3652,141,3051805,2194,28.7,1021.9,56-614-135
2026-09-05 11:54:27,T,3653,215,3052103,2194,28.7,1021.9,56-614-135
2026-09-05 11:54:28,T,3654,686,3053074,2195,28.7,1021.9,56-614-135
2026-09-05 11:54:28,B,4304,550,3053587,4663,28.7,1021.9,56-614-135
2026-09-05 11:54:29,T,3655,381,3053656,2198,28.7,1021.9,56-614-135
2026-09-05 11:54:29,T,3656,148,3053967,2198,28.7,1021.9,56-614-135
2026-09-05 11:54:29,B,4305,218,3053991,4665,28.7,1021.9,56-614-135
2026-09-05 11:54:29,T,3657,365,3054214,2198,28.7,1021.9,56-614-135
2026-09-05 11:54:29,B,4306,344,3054214,4665,28.7,1021.9,56-614-135
2026-09-05 11:54:29,C,641,354,3054214,3431,28.7,1021.9,56-614-135
2026-09-05 11:54:29,T,3658,76,3054233,2198,28.7,1021.9,56-614-135
2026-09-05 11:54:30,T,3659,328,3054871,2198,28.7,1021.9,56-614-135
2026-09-05 11:54:31,T,3660,287,3055995,2199,28.7,1021.9,56-614-135
2026-09-05 11:54:31,B,4307,53,3056263,4666,28.7,1021.9,56-614-135
2026-09-05 11:54:32,B,4308,607,3056824,4668,28.7,1021.9,56-614-135
2026-09-05 11:54:32,T,3661,80,3056852,2200,28.7,1021.9,56-614-135
2026-09-05 11:54:32,T,3662,494,3057068,2200,28.7,1021.9,56-614-135
2026-09-05 11:54:32,B,4309,110,3057068,4668,28.7,1021.9,56-614-135
2026-09-05 11:54:32,C,642,302,3057068,3434,28.7,1021.9,56-614-135
2026-09-05 11:54:33,T,3663,465,3058038,2202,28.7,1021.9,56-614-135
2026-09-05 11:54:33,B,4310,117,3058311,4669,28.7,1021.9,56-614-135
2026-09-05 11:54:33,T,3664,630,3058470,2202,28.7,1021.9,56-614-135
2026-09-05 11:54:34,T,3665,52,3058956,2202,28.7,1021.9,56-614-135
2026-09-05 11:54:35,B,4311,91,3059732,4671,28.7,1021.9,56-614-135
2026-09-05 11:54:35,B,4312,53,3059854,4671,28.7,1021.9,56-614-135
2026-09-05 11:54:35,B,4313,100,3060500,4671,28.7,1021.9,56-614-135
2026-09-05 11:54:36,T,3666,278,3060952,2205,28.7,1021.9,56-614-135
2026-09-05 11:54:36,T,3667,252,3061429,2205,28.7,1021.9,56-614-135
2026-09-05 11:54:36,T,3668,142,3061584,2205,28.7,1021.9,56-614-135
2026-09-05 11:54:36,T,3669,578,3061631,2205,28.7,1021.9,56-614-135
2026-09-05 11:54:36,B,4314,382,3061631,4673,28.7,1021.9,56-614-135
2026-09-05 11:54:36,C,643,480,3061631,3439,28.7,1021.9,56-614-135
2026-09-05 11:54:37,T,3670,384,3061919,2207,28.7,1021.9,56-614-135
2026-09-05 11:54:37,B,4315,400,3061919,4675,28.7,1021.9,56-614-135
2026-09-05 11:54:37,C,644,392,3061919,3441,28.7,1021.9,56-614-135
2026-09-05 11:54:37,B,4316,74,3061935,4675,28.7,1021.9,56-614-135
2026-09-05 11:54:37,T,3671,86,3061986,2207,28.7,1021.9,56-614-135
2026-09-05 11:54:37,T,3672,69,3062109,2207,28.7,1021.9,56-614-135
2026-09-05 11:54:37,T,3673,117,3062270,2207,28.7,1021.9,56-614-135
2026-09-05 11:54:38,T,3674,86,3063284,2208,28.7,1021.9,56-614-135
2026-09-05 11:54:38,T,3675,138,3063468,2208,28.7,1021.9,56-614-135
2026-09-05 11:54:38,B,4317,582,3063468,4676,28.7,1021.9,56-614-135
2026-09-05 11:54:38,C,645,360,3063468,3442,28.7,1021.9,56-614-135
2026-09-05 11:54:39,B,4318,108,3064176,4678,28.7,1021.9,56-614-135
2026-09-05 11:54:39,B,4319,121,3064763,4678,28.7,1021.9,56-614-135
2026-09-05 11:54:40,T,3676,110,3064868,2210,28.7,1021.9,56-614-135
2026-09-05 11:54:40,T,3677,427,3065108,2210,28.7,1021.9,56-614-135
2026-09-05 11:54:40,T,3678,436,3065468,2210,28.7,1021.9,56-614-135
2026-09-05 11:54:40,B,4320,424,3065468,4680,28.7,1021.9,56-614-135
2026-09-05 11:54:40,C,646,430,3065468,3445,28.7,1021.9,56-614-135
2026-09-05 11:54:41,T,3679,365,3065854,2211,28.7,1021.9,56-614-135
2026-09-05 11:54:41,B,4321,502,3065854,4685,28.7,1021.9,56-614-135
2026-09-05 11:54:41,C,647,433,3065854,3448,28.7,1021.9,56-614-135
2026-09-05 11:54:41,T,3680,66,3065877,2211,28.7,1021.9,56-614-135
2026-09-05 11:54:41,B,4322,99,3066031,4685,28.7,1021.9,56-614-135
2026-09-05 11:54:41,T,3681,231,3066169,2211,28.7,1021.9,56-614-135
2026-09-05 11:54:41,B,4323,112,3066542,4685,28.7,1021.9,56-614-135
2026-09-05 11:54:41,B,4324,205,3066584,4685,28.7,1021.9,56-614-135
2026-09-05 11:54:41,B,4325,136,3066710,4685,28.7,1021.9,56-614-135
2026-09-05 11:54:42,T,3682,381,3067530,2213,28.7,1021.9,56-614-135
2026-09-05 11:54:42,B,4326,347,3067600,4686,28.7,1021.9,56-614-135
2026-09-05 11:54:42,T,3683,137,3067698,2213,28.7,1021.9,56-614-135
2026-09-05 11:54:43,T,3684,542,3067913,2216,28.7,1021.9,56-614-135
2026-09-05 11:54:43,B,4327,51,3067913,4690,28.7,1021.9,56-614-135
2026-09-05 11:54:43,C,648,296,3067913,3453,28.7,1021.9,56-614-135
2026-09-05 11:54:43,B,4328,116,3068031,4690,28.7,1021.9,56-614-135
2026-09-05 11:54:43,T,3685,394,3068070,2216,28.7,1021.9,56-614-135
2026-09-05 11:54:43,T,3686,551,3068187,2216,28.7,1021.9,56-614-135
2026-09-05 11:54:43,B,4329,522,3068244,4690,28.7,1021.9,56-614-135
2026-09-05 11:54:43,B,4330,270,3068729,4690,28.7,1021.9,56-614-135
2026-09-05 11:54:44,B,4331,108,3069605,4692,28.7,1021.9,56-614-135
2026-09-05 11:54:44,B,4332,64,3069607,4692,28.7,1021.9,56-614-135
2026-09-05 11:54:45,B,4333,50,3070714,4692,28.7,1021.9,56-614-135
2026-09-05 11:54:45,T,3687,291,3070788,2216,28.7,1021.9,56-614-135
2026-09-05 11:54:46,T,3688,86,3071323,2217,28.7,1021.9,56-614-135
2026-09-05 11:54:47,T,3689,432,3071940,2219,28.7,1021.9,56-614-135
2026-09-05 11:54:47,B,4334,563,3071940,4699,28.7,1021.9,56-614-135
2026-09-05 11:54:47,C,649,497,3071940,3459,28.7,1021.9,56-614-135
2026-09-05 11:54:47,B,4335,516,3072101,4699,28.7,1021.9,56-614-135
2026-09-05 11:54:47,T,3690,85,3072209,2219,28.7,1021.9,56-614-135
2026-09-05 11:54:47,T,3691,314,3072324,2219,28.7,1021.9,56-614-135
2026-09-05 11:54:47,B,4336,436,3072385,4699,28.7,1021.9,56-614-135
2026-09-05 11:54:47,T,3692,442,3072565,2219,28.7,1021.9,56-614-135
2026-09-05 11:54:47,B,4337,180,3072565,4699,28.7,1021.9,56-614-135
2026-09-05 11:54:47,C,650,293,3072565,3459,28.7,1021.9,56-614-135
2026-09-05 11:54:47,T,3693,59,3072691,2219,28.7,1021.9,56-614-135
2026-09-05 11:54:47,B,4338,110,3072726,4699,28.7,1021.9,56-614-135
2026-09-05 11:54:49,B,4339,404,3074149,4702,28.7,1021.9,56-614-135
2026-09-05 11:54:49,T,3694,578,3074394,2221,28.7,1021.9,56-614-135
2026-09-05 11:54:49,B,4340,517,3074394,4702,28.7,1021.9,56-614-135
2026-09-05 11:54:49,C,651,547,3074394,3461,28.7,1021.9,56-614-135
2026-09-05 11:54:50,B,4341,129,3075749,4704,28.7,1021.9,56-614-135
2026-09-05 11:54:50,B,4342,121,3075895,4704,28.7,1021.9,56-614-135
2026-09-05 11:54:51,T,3695,309,3076052,2222,28.7,1021.9,56-614-135
2026-09-05 11:54:51,B,4343,453,3076052,4709,28.7,1021.9,56-614-135
2026-09-05 11:54:51,C,652,381,3076052,3465,28.7,1021.9,56-614-135
2026-09-05 11:54:51,B,4344,247,3076483,4709,28.7,1021.9,56-614-135
2026-09-05 11:54:51,B,4345,75,3076544,4709,28.7,1021.9,56-614-135
2026-09-05 11:54:51,T,3696,57,3076582,2222,28.7,1021.9,56-614-135
2026-09-05 11:54:51,T,3697,354,3076723,2222,28.7,1021.9,56-614-135
2026-09-05 11:54:51,B,4346,463,3076723,4709,28.7,1021.9,56-614-135
2026-09-05 11:54:51,C,653,408,3076723,3465,28.7,1021.9,56-614-135
2026-09-05 11:54:53,B,4347,164,3078100,4712,28.7,1021.9,56-614-135
2026-09-05 11:54:53,T,3698,57,3078568,2223,28.7,1021.9,56-614-135
2026-09-05 11:54:53,B,4348,109,3078639,4712,28.7,1021.9,56-614-135
2026-09-05 11:54:53,T,3699,225,3078661,2223,28.7,1021.9,56-614-135
2026-09-05 11:54:53,T,3700,134,3078783,2223,28.7,1021.9,56-614-135
2026-09-05 11:54:53,B,4349,317,3078795,4712,28.7,1021.9,56-614-135
2026-09-05 11:54:55,B,4350,359,3080342,4716,28.7,1021.8,56-614-135
2026-09-05 11:54:55,B,4351,138,3080484,4716,28.7,1021.8,56-614-135
2026-09-05 11:54:55,B,4352,492,3080707,4716,28.7,1021.8,56-614-135
2026-09-05 11:54:55,T,3701,583,3080707,2224,28.7,1021.8,56-614-135
2026-09-05 11:54:56,B,4353,156,3081731,4718,28.7,1021.8,56-614-135
2026-09-05 11:54:56,B,4354,314,3081918,4718,28.7,1021.8,56-614-135
2026-09-05 11:54:57,B,4355,138,3082233,4721,28.7,1021.8,56-614-135
2026-09-05 11:54:57,T,3702,130,3082341,2226,28.7,1021.8,56-614-135
2026-09-05 11:54:57,T,3703,121,3082373,2226,28.7,1021.8,56-614-135
2026-09-05 11:54:58,T,3704,439,3082462,2226,28.7,1021.8,56-614-135
2026-09-05 11:54:58,B,4356,290,3082462,4721,28.7,1021.8,56-614-135
2026-09-05 11:54:58,C,654,365,3082462,3474,28.7,1021.8,56-614-135
2026-09-05 11:54:58,B,4357,207,3082709,4721,28.7,1021.8,56-614-135
2026-09-05 11:54:59,B,4358,289,3083648,4722,28.7,1021.8,56-614-135
2026-09-05 11:54:59,T,3705,231,3083881,2227,28.7,1021.8,56-614-135
2026-09-05 11:55:01,T,3706,367,3085124,2228,28.7,1021.8,56-614-135
2026-09-05 11:55:01,B,4359,281,3085589,4725,28.7,1021.8,56-614-135
2026-09-05 11:55:01,T,3707,167,3085972,2228,28.7,1021.8,56-614-135
2026-09-05 11:55:01,B,4360,676,3085972,4725,28.7,1021.8,56-614-135
2026-09-05 11:55:01,C,655,421,3085972,3477,28.7,1021.8,56-614-135
2026-09-05 11:55:02,B,4361,358,3086042,4729,28.7,1021.8,56-614-135
2026-09-05 11:55:02,B,4362,74,3086305,4730,28.7,1021.8,56-614-135
2026-09-05 11:55:02,T,3708,428,3086916,2229,28.7,1021.8,56-614-135
2026-09-05 11:55:02,B,4363,647,3086916,4730,28.7,1021.8,56-614-135
2026-09-05 11:55:02,C,656,537,3086916,3480,28.7,1021.8,56-614-135
2026-09-05 11:55:02,T,3709,64,3086998,2229,28.7,1021.8,56-614-135
2026-09-05 11:55:02,B,4364,134,3087042,4730,28.7,1021.8,56-614-135
2026-09-05 11:55:03,B,4365,359,3087396,4732,28.7,1021.8,56-614-135
2026-09-05 11:55:03,T,3710,98,3087434,2230,28.7,1021.8,56-614-135
2026-09-05 11:55:03,T,3711,66,3087642,2230,28.7,1021.8,56-614-135
2026-09-05 11:55:03,B,4366,200,3087861,4732,28.7,1021.8,56-614-135
2026-09-05 11:55:04,B,4367,422,3088705,4734,28.7,1021.8,56-614-135
2026-09-05 11:55:04,B,4368,71,3088771,4734,28.7,1021.8,56-614-135
2026-09-05 11:55:04,T,3712,130,3088791,2230,28.7,1021.8,56-614-135
2026-09-05 11:55:05,T,3713,464,3089169,2232,28.7,1021.9,56-614-135
2026-09-05 11:55:05,B,4369,62,3089287,4738,28.7,1021.9,56-614-135
2026-09-05 11:55:05,B,4370,131,3089534,4738,28.7,1021.9,56-614-135
2026-09-05 11:55:05,T,3714,450,3089613,2232,28.7,1021.9,56-614-135
2026-09-05 11:55:05,B,4371,473,3089613,4738,28.7,1021.9,56-614-135
2026-09-05 11:55:05,C,657,461,3089613,3485,28.7,1021.9,56-614-135
2026-09-05 11:55:06,B,4372,166,3090459,4741,28.7,1021.9,56-614-135
2026-09-05 11:55:06,B,4373,97,3090719,4741,28.7,1021.9,56-614-135
2026-09-05 11:55:06,T,3715,356,3090903,2233,28.7,1021.9,56-614-135
2026-09-05 11:55:06,B,4374,588,3090903,4741,28.7,1021.9,56-614-135
2026-09-05 11:55:06,C,658,472,3090903,3487,28.7,1021.9,56-614-135
2026-09-05 11:55:07,T,3716,272,3091694,2235,28.7,1021.9,56-614-135
2026-09-05 11:55:07,T,3717,452,3091823,2235,28.7,1021.9,56-614-135
2026-09-05 11:55:07,T,3718,72,3092038,2235,28.7,1021.9,56-614-135
2026-09-05 11:55:07,T,3719,110,3092085,2235,28.7,1021.9,56-614-135
2026-09-05 11:55:09,T,3720,74,3093812,2237,28.7,1021.9,56-614-135
2026-09-05 11:55:09,T,3721,512,3093983,2237,28.7,1021.9,56-614-135
2026-09-05 11:55:09,T,3722,236,3093992,2237,28.7,1021.9,56-614-135
2026-09-05 11:55:10,T,3723,78,3094563,2238,28.7,1021.8,56-614-135
2026-09-05 11:55:10,B,4375,76,3094626,4744,28.7,1021.8,56-614-135
2026-09-05 11:55:10,T,3724,246,3094821,2238,28.7,1021.8,56-614-135
2026-09-05 11:55:10,B,4376,369,3094821,4744,28.7,1021.8,56-614-135
2026-09-05 11:55:10,C,659,308,3094821,3491,28.7,1021.8,56-614-135
2026-09-05 11:55:10,B,4377,310,3094958,4744,28.7,1021.8,56-614-135
2026-09-05 11:55:10,T,3725,370,3094958,2238,28.7,1021.8,56-614-135
2026-09-05 11:55:11,T,3726,109,3095353,2241,28.7,1021.8,56-614-135
2026-09-05 11:55:11,T,3727,406,3095426,2241,28.7,1021.8,56-614-135
2026-09-05 11:55:11,T,3728,557,3095479,2241,28.7,1021.8,56-614-135
2026-09-05 11:55:11,B,4378,458,3095479,4747,28.7,1021.8,56-614-135
2026-09-05 11:55:11,C,660,508,3095479,3494,28.7,1021.8,56-614-135
2026-09-05 11:55:11,B,4379,260,3095887,4747,28.7,1021.8,56-614-135
2026-09-05 11:55:13,B,4380,241,3097395,4748,28.7,1021.8,56-614-135
2026-09-05 11:55:14,T,3729,82,3098216,2242,28.7,1021.8,56-614-135
2026-09-05 11:55:14,B,4381,448,3098384,4751,28.7,1021.8,56-614-135
2026-09-05 11:55:14,B,4382,188,3098844,4751,28.7,1021.8,56-614-135
2026-09-05 11:55:14,T,3730,279,3098890,2242,28.7,1021.8,56-614-135
2026-09-05 11:55:14,T,3731,247,3099018,2242,28.7,1021.8,56-614-135
2026-09-05 11:55:15,B,4383,279,3100153,4752,28.7,1021.9,56-614-135
2026-09-05 11:55:17,T,3732,506,3101306,2245,28.7,1021.9,56-614-135
2026-09-05 11:55:17,T,3733,186,3101414,2245,28.7,1021.9,56-614-135
2026-09-05 11:55:17,B,4384,116,3101521,4755,28.7,1021.9,56-614-135
2026-09-05 11:55:17,B,4385,54,3101569,4755,28.7,1021.9,56-614-135
2026-09-05 11:55:17,B,4386,410,3101628,4755,28.7,1021.9,56-614-135
2026-09-05 11:55:17,B,4387,64,3101667,4755,28.7,1021.9,56-614-135
2026-09-05 11:55:17,T,3734,264,3102217,2245,28.7,1021.9,56-614-135
2026-09-05 11:55:19,B,4388,117,3104213,4756,28.7,1021.9,56-614-135
2026-09-05 11:55:20,T,3735,67,3104356,2245,28.7,1021.9,56-614-135
2026-09-05 11:55:20,B,4389,98,3104542,4757,28.7,1021.9,56-614-135
2026-09-05 11:55:22,B,4390,69,3107157,4758,28.7,1021.9,56-614-135
2026-09-05 11:55:23,B,4391,144,3107649,4760,28.7,1021.9,56-614-135
2026-09-05 11:55:23,B,4392,52,3107650,4760,28.7,1021.9,56-614-135
2026-09-05 11:55:23,B,4393,60,3107942,4760,28.7,1021.9,56-614-135
2026-09-05 11:55:24,T,3736,115,3109076,2245,28.7,1021.9,56-614-135
2026-09-05 11:55:24,B,4394,88,3109308,4761,28.7,1021.9,56-614-135
2026-09-05 11:55:25,T,3737,131,3109465,2246,28.7,1021.8,56-614-135
2026-09-05 11:55:25,T,3738,93,3109604,2246,28.7,1021.8,56-614-135
2026-09-05 11:55:27,T,3739,555,3112273,2247,28.7,1021.8,56-614-135
2026-09-05 11:55:28,B,4395,497,3112924,4764,28.7,1021.8,56-614-135
2026-09-05 11:55:28,B,4396,482,3113220,4764,28.7,1021.8,56-614-135
2026-09-05 11:55:28,T,3740,60,3113332,2247,28.7,1021.8,56-614-135
2026-09-05 11:55:29,B,4397,626,3113658,4768,28.7,1021.8,56-614-135
2026-09-05 11:55:29,B,4398,127,3113782,4768,28.7,1021.8,56-614-135
2026-09-05 11:55:29,T,3741,447,3114345,2248,28.7,1021.8,56-614-135
2026-09-05 11:55:29,B,4399,618,3114345,4768,28.7,1021.8,56-614-135
2026-09-05 11:55:29,C,661,532,3114345,3508,28.7,1021.8,56-614-135
2026-09-05 11:55:30,T,3742,633,3114770,2250,28.7,1021.8,56-614-135
2026-09-05 11:55:30,B,4400,255,3114770,4770,28.7,1021.8,56-614-135
2026-09-05 11:55:30,C,662,444,3114770,3510,28.7,1021.8,56-614-135
2026-09-05 11:55:30,T,3743,395,3114845,2250,28.7,1021.8,56-614-135
2026-09-05 11:55:30,T,3744,94,3114908,2250,28.7,1021.8,56-614-135
2026-09-05 11:55:30,B,4401,440,3115117,4770,28.7,1021.8,56-614-135
2026-09-05 11:55:31,B,4402,412,3115666,4774,28.7,1021.8,56-614-135
2026-09-05 11:55:31,B,4403,160,3115779,4774,28.7,1021.8,56-614-135
2026-09-05 11:55:31,B,4404,140,3116310,4774,28.7,1021.8,56-614-135
2026-09-05 11:55:32,T,3745,350,3116476,2251,28.7,1021.8,56-614-135
2026-09-05 11:55:32,B,4405,473,3116476,4776,28.7,1021.8,56-614-135
2026-09-05 11:55:32,C,663,412,3116476,3514,28.7,1021.8,56-614-135
2026-09-05 11:55:32,B,4406,181,3116857,4776,28.7,1021.8,56-614-135
2026-09-05 11:55:33,B,4407,94,3117924,4777,28.7,1021.8,56-614-135
2026-09-05 11:55:35,B,4408,487,3119516,4780,28.7,1021.8,56-614-135
2026-09-05 11:55:35,T,3746,379,3120022,2252,28.7,1021.8,56-614-135
2026-09-05 11:55:35,B,4409,216,3120174,4780,28.7,1021.8,56-614-135
2026-09-05 11:55:36,B,4410,246,3120766,4781,28.7,1021.8,56-614-135
2026-09-05 11:55:36,T,3747,435,3120920,2253,28.7,1021.8,56-614-135
2026-09-05 11:55:37,T,3748,147,3121950,2253,28.7,1021.8,56-614-135
2026-09-05 11:55:37,B,4411,157,3122124,4782,28.7,1021.8,56-614-135
2026-09-05 11:55:37,T,3749,66,3122361,2253,28.7,1021.8,56-614-135
2026-09-05 11:55:38,B,4412,370,3122480,4785,28.7,1021.8,56-614-135
2026-09-05 11:55:38,B,4413,491,3122895,4785,28.7,1021.8,56-614-135
2026-09-05 11:55:38,T,3750,320,3122895,2254,28.7,1021.8,56-614-135
2026-09-05 11:55:39,T,3751,51,3123496,2256,28.7,1021.8,56-614-135
2026-09-05 11:55:39,B,4414,455,3123844,4789,28.7,1021.8,56-614-135
2026-09-05 11:55:39,B,4415,454,3123949,4789,28.7,1021.8,56-614-135
2026-09-05 11:55:39,T,3752,767,3124016,2256,28.7,1021.8,56-614-135
2026-09-05 11:55:39,T,3753,521,3124022,2256,28.7,1021.8,56-614-135
2026-09-05 11:55:39,B,4416,490,3124328,4789,28.7,1021.8,56-614-135
2026-09-05 11:55:41,T,3754,93,3126373,2257,28.7,1021.9,56-614-135
2026-09-05 11:55:42,B,4417,153,3127009,4790,28.7,1021.9,56-614-135
2026-09-05 11:55:43,T,3755,71,3127543,2258,28.7,1021.9,56-614-135
2026-09-05 11:55:43,T,3756,422,3127581,2258,28.7,1021.9,56-614-135
2026-09-05 11:55:43,B,4418,761,3127581,4794,28.7,1021.9,56-614-135
2026-09-05 11:55:43,C,664,591,3127581,3526,28.7,1021.9,56-614-135
2026-09-05 11:55:43,B,4419,591,3127641,4794,28.7,1021.9,56-614-135
2026-09-05 11:55:43,T,3757,139,3128273,2258,28.7,1021.9,56-614-135
2026-09-05 11:55:43,B,4420,85,3128406,4794,28.7,1021.9,56-614-135
2026-09-05 11:55:44,T,3758,112,3128574,2258,28.7,1021.9,56-614-135
2026-09-05 11:55:44,B,4421,75,3128599,4795,28.7,1021.9,56-614-135
2026-09-05 11:55:45,T,3759,80,3129981,2259,28.7,1021.9,56-614-135
2026-09-05 11:55:46,B,4422,216,3131141,4797,28.7,1021.9,56-614-135
2026-09-05 11:55:46,B,4423,52,3131236,4797,28.7,1021.9,56-614-135
2026-09-05 11:55:46,T,3760,474,3131550,2260,28.7,1021.9,56-614-135
2026-09-05 11:55:47,B,4424,130,3131609,4798,28.7,1021.9,56-614-135
2026-09-05 11:55:47,B,4425,82,3132492,4798,28.7,1021.9,56-614-135
2026-09-05 11:55:48,B,4426,271,3132595,4801,28.7,1021.9,56-614-135
2026-09-05 11:55:48,B,4427,146,3133503,4801,28.7,1021.9,56-614-135
2026-09-05 11:55:48,B,4428,70,3133581,4801,28.7,1021.9,56-614-135
2026-09-05 11:55:49,T,3761,76,3134553,2260,28.7,1021.9,56-614-135
2026-09-05 11:55:50,B,4429,101,3135389,4802,28.7,1021.9,56-614-135
2026-09-05 11:55:51,T,3762,87,3135676,2260,28.7,1021.9,56-614-135
2026-09-05 11:55:52,B,4430,76,3136971,4804,28.7,1021.9,56-614-135
2026-09-05 11:55:52,B,4431,402,3137440,4804,28.7,1021.9,56-614-135
2026-09-05 11:55:53,B,4432,130,3138379,4806,28.7,1021.9,56-614-135
2026-09-05 11:55:53,B,4433,282,3138433,4806,28.7,1021.9,56-614-135
2026-09-05 11:55:54,T,3763,317,3138641,2262,28.7,1021.9,56-614-135
2026-09-05 11:55:54,B,4434,63,3138647,4808,28.7,1021.9,56-614-135
2026-09-05 11:55:54,B,4435,242,3138742,4808,28.7,1021.9,56-614-135
2026-09-05 11:55:54,T,3764,651,3138746,2262,28.7,1021.9,56-614-135
2026-09-05 11:55:55,T,3765,415,3140576,2263,28.7,1021.9,56-614-135
2026-09-05 11:55:56,T,3766,95,3140772,2264,28.7,1021.9,56-614-135
2026-09-05 11:55:56,T,3767,626,3141647,2264,28.7,1021.9,56-614-135
2026-09-05 11:55:57,T,3768,140,3141817,2265,28.7,1021.9,56-614-135
2026-09-05 11:55:57,B,4436,175,3142178,4809,28.7,1021.9,56-614-135
2026-09-05 11:55:58,B,4437,76,3142788,4813,28.7,1021.9,56-614-135
2026-09-05 11:55:58,T,3769,597,3143062,2266,28.7,1021.9,56-614-135
2026-09-05 11:55:58,B,4438,462,3143062,4813,28.7,1021.9,56-614-135
2026-09-05 11:55:58,C,665,530,3143062,3539,28.7,1021.9,56-614-135
2026-09-05 11:55:58,B,4439,256,3143505,4813,28.7,1021.9,56-614-135
2026-09-05 11:55:59,B,4440,287,3143781,4814,28.7,1021.9,56-614-135
2026-09-05 11:55:59,T,3770,138,3144003,2266,28.7,1021.9,56-614-135
2026-09-05 11:56:00,T,3771,604,3145047,2268,28.7,1021.9,56-614-135
2026-09-05 11:56:00,T,3772,502,3145314,2268,28.7,1021.9,56-614-135
2026-09-05 11:56:01,B,4441,50,3145751,4816,28.7,1021.9,56-614-135
2026-09-05 11:56:01,B,4442,669,3146482,4816,28.7,1021.9,56-614-135
2026-09-05 11:56:02,T,3773,97,3147159,2268,28.7,1021.9,56-614-135
2026-09-05 11:56:03,B,4443,630,3148179,4820,28.7,1021.9,56-614-135
2026-09-05 11:56:03,B,4444,290,3148212,4820,28.7,1021.9,56-614-135
2026-09-05 11:56:03,T,3774,162,3148340,2269,28.7,1021.9,56-614-135
2026-09-05 11:56:03,B,4445,142,3148665,4820,28.7,1021.9,56-614-135
2026-09-05 11:56:04,T,3775,175,3149259,2271,28.7,1021.9,56-614-135
2026-09-05 11:56:04,T,3776,425,3149290,2271,28.7,1021.9,56-614-135
2026-09-05 11:56:04,T,3777,309,3149382,2271,28.7,1021.9,56-614-135
2026-09-05 11:56:04,B,4446,208,3149501,4821,28.7,1021.9,56-614-135
2026-09-05 11:56:05,T,3778,67,3150095,2272,28.7,1021.9,56-614-135
2026-09-05 11:56:05,T,3779,695,3150665,2272,28.7,1021.9,56-614-135
2026-09-05 11:56:06,T,3780,379,3151000,2274,28.7,1021.9,56-614-135
2026-09-05 11:56:06,T,3781,191,3151121,2274,28.7,1021.9,56-614-135
2026-09-05 11:56:07,B,4447,375,3152243,4822,28.7,1021.9,56-614-135
2026-09-05 11:56:07,T,3782,51,3152732,2274,28.7,1021.9,56-614-135
2026-09-05 11:56:08,B,4448,62,3152977,4823,28.7,1021.9,56-614-135
2026-09-05 11:56:09,T,3783,105,3153911,2274,28.7,1021.9,56-614-135
2026-09-05 11:56:09,B,4449,136,3154447,4825,28.7,1021.9,56-614-135
2026-09-05 11:56:09,B,4450,101,3154528,4825,28.7,1021.9,56-614-135
2026-09-05 11:56:09,T,3784,51,3154697,2274,28.7,1021.9,56-614-135
2026-09-05 11:56:10,B,4451,585,3155331,4828,28.7,1021.9,56-614-135
2026-09-05 11:56:10,T,3785,367,3155465,2275,28.7,1021.9,56-614-135
2026-09-05 11:56:10,B,4452,497,3155465,4828,28.7,1021.9,56-614-135
2026-09-05 11:56:10,C,666,432,3155465,3552,28.7,1021.9,56-614-135
2026-09-05 11:56:10,T,3786,93,3155752,2275,28.7,1021.9,56-614-135
2026-09-05 11:56:12,B,4453,197,3157133,4833,28.7,1021.9,56-614-135
2026-09-05 11:56:12,B,4454,504,3157329,4833,28.7,1021.9,56-614-135
2026-09-05 11:56:12,T,3787,394,3157415,2277,28.7,1021.9,56-614-135
2026-09-05 11:56:12,B,4455,380,3157415,4833,28.7,1021.9,56-614-135
2026-09-05 11:56:12,C,667,387,3157415,3555,28.7,1021.9,56-614-135
2026-09-05 11:56:12,T,3788,354,3157565,2277,28.7,1021.9,56-614-135
2026-09-05 11:56:12,B,4456,462,3157565,4833,28.7,1021.9,56-614-135
2026-09-05 11:56:12,C,668,408,3157565,3555,28.7,1021.9,56-614-135
2026-09-05 11:56:13,T,3789,381,3158342,2278,28.7,1021.9,56-614-135
2026-09-05 11:56:14,B,4457,313,3159775,4835,28.7,1021.9,56-614-135
2026-09-05 11:56:15,B,4458,123,3159992,4838,28.7,1021.9,56-614-135
2026-09-05 11:56:15,T,3790,240,3160106,2279,28.7,1021.9,56-614-135
2026-09-05 11:56:15,B,4459,121,3160544,4838,28.7,1021.9,56-614-135
2026-09-05 11:56:15,B,4460,278,3160700,4838,28.7,1021.9,56-614-135
2026-09-05 11:56:15,T,3791,92,3160802,2279,28.7,1021.9,56-614-135
2026-09-05 11:56:16,B,4461,139,3161452,4839,28.7,1021.9,56-614-135
2026-09-05 11:56:16,T,3792,157,3161655,2280,28.7,1021.9,56-614-135
2026-09-05 11:56:16,T,3793,142,3161745,2280,28.7,1021.9,56-614-135
2026-09-05 11:56:18,T,3794,111,3163407,2280,28.7,1021.9,56-614-135
2026-09-05 11:56:18,B,4462,84,3163704,4839,28.7,1021.9,56-614-135
2026-09-05 11:56:19,B,4463,54,3164117,4841,28.7,1021.9,56-614-135
2026-09-05 11:56:19,B,4464,228,3164885,4841,28.7,1021.9,56-614-135
2026-09-05 11:56:20,T,3795,356,3165046,2281,28.7,1021.8,56-614-135
2026-09-05 11:56:20,B,4465,436,3165542,4843,28.7,1021.8,56-614-135
2026-09-05 11:56:22,T,3796,450,3167842,2282,28.7,1021.8,56-614-135
2026-09-05 11:56:22,B,4466,512,3167842,4844,28.7,1021.8,56-614-135
2026-09-05 11:56:22,C,669,481,3167842,3563,28.7,1021.8,56-614-135
2026-09-05 11:56:23,B,4467,174,3168448,4845,28.7,1021.8,56-614-135
2026-09-05 11:56:24,B,4468,599,3169115,4850,28.7,1021.8,56-614-135
2026-09-05 11:56:24,T,3797,407,3169117,2284,28.7,1021.8,56-614-135
2026-09-05 11:56:24,B,4469,432,3169117,4850,28.7,1021.8,56-614-135
2026-09-05 11:56:24,C,670,420,3169117,3567,28.7,1021.8,56-614-135
2026-09-05 11:56:24,T,3798,401,3169175,2284,28.7,1021.8,56-614-135
2026-09-05 11:56:24,B,4470,443,3169175,4850,28.7,1021.8,56-614-135
2026-09-05 11:56:24,C,671,422,3169175,3567,28.7,1021.8,56-614-135
2026-09-05 11:56:25,T,3799,408,3170077,2287,28.7,1021.9,56-614-135
2026-09-05 11:56:26,B,4471,506,3170077,4857,28.7,1021.9,56-614-135
2026-09-05 11:56:26,C,672,457,3170077,3572,28.7,1021.9,56-614-135
2026-09-05 11:56:26,B,4472,89,3170104,4857,28.7,1021.9,56-614-135
2026-09-05 11:56:26,T,3800,193,3170156,2287,28.7,1021.9,56-614-135
2026-09-05 11:56:26,T,3801,157,3170234,2287,28.7,1021.9,56-614-135
2026-09-05 11:56:26,T,3802,308,3170384,2287,28.7,1021.9,56-614-135
2026-09-05 11:56:26,B,4473,480,3170384,4857,28.7,1021.9,56-614-135
2026-09-05 11:56:26,C,673,394,3170384,3572,28.7,1021.9,56-614-135
2026-09-05 11:56:26,B,4474,182,3170414,4857,28.7,1021.9,56-614-135
2026-09-05 11:56:26,B,4475,172,3170444,4857,28.7,1021.9,56-614-135
2026-09-05 11:56:26,T,3803,66,3170580,2287,28.7,1021.9,56-614-135
2026-09-05 11:56:26,B,4476,541,3170599,4857,28.7,1021.9,56-614-135
2026-09-05 11:56:27,T,3804,356,3171385,2287,28.7,1021.9,56-614-135
2026-09-05 11:56:27,B,4477,473,3171385,4858,28.7,1021.9,56-614-135
2026-09-05 11:56:27,C,674,414,3171385,3573,28.7,1021.9,56-614-135
2026-09-05 11:56:28,B,4478,61,3172142,4859,28.7,1021.9,56-614-135
2026-09-05 11:56:28,T,3805,780,3172287,2289,28.7,1021.9,56-614-135
2026-09-05 11:56:28,T,3806,102,3172861,2289,28.7,1021.9,56-614-135
2026-09-05 11:56:29,B,4479,241,3173113,4860,28.7,1021.9,56-614-135
2026-09-05 11:56:29,T,3807,924,3173138,2290,28.7,1021.9,56-614-135
2026-09-05 11:56:30,T,3808,570,3174372,2293,28.7,1021.9,56-614-135
2026-09-05 11:56:30,T,3809,80,3174612,2293,28.7,1021.9,56-614-135
2026-09-05 11:56:30,T,3810,456,3174687,2293,28.7,1021.9,56-614-135
2026-09-05 11:56:30,B,4480,504,3174687,4862,28.7,1021.9,56-614-135
2026-09-05 11:56:30,C,675,480,3174687,3577,28.7,1021.9,56-614-135
2026-09-05 11:56:30,T,3811,90,3174883,2293,28.7,1021.9,56-614-135
2026-09-05 11:56:32,B,4481,54,3176130,4863,28.7,1021.9,56-614-135
2026-09-05 11:56:32,T,3812,451,3176226,2293,28.7,1021.9,56-614-135
2026-09-05 11:56:32,B,4482,54,3176359,4863,28.7,1021.9,56-614-135
2026-09-05 11:56:34,B,4483,239,3178139,4866,28.7,1021.9,56-614-135
2026-09-05 11:56:34,B,4484,403,3178169,4866,28.7,1021.9,56-614-135
2026-09-05 11:56:34,B,4485,105,3178355,4866,28.7,1021.9,56-614-135
2026-09-05 11:56:34,T,3813,50,3178691,2294,28.7,1021.9,56-614-135
2026-09-05 11:56:34,T,3814,91,3178767,2294,28.7,1021.9,56-614-135
2026-09-05 11:56:35,B,4486,245,3179660,4871,28.7,1021.9,56-614-135
2026-09-05 11:56:35,B,4487,278,3179784,4871,28.7,1021.9,56-614-135
2026-09-05 11:56:35,B,4488,722,3179847,4871,28.7,1021.9,56-614-135
2026-09-05 11:56:35,B,4489,104,3180058,4871,28.7,1021.9,56-614-135
2026-09-05 11:56:36,B,4490,407,3180643,4873,28.7,1021.9,56-614-135
2026-09-05 11:56:36,T,3815,350,3180643,2295,28.7,1021.9,56-614-135
2026-09-05 11:56:36,T,3816,53,3180894,2295,28.7,1021.9,56-614-135
2026-09-05 11:56:37,T,3817,142,3181222,2295,28.7,1021.9,56-614-135
2026-09-05 11:56:37,B,4491,218,3181295,4875,28.7,1021.9,56-614-135
2026-09-05 11:56:37,B,4492,132,3181714,4875,28.7,1021.9,56-614-135
2026-09-05 11:56:38,B,4493,139,3182353,4877,28.7,1021.9,56-614-135
2026-09-05 11:56:38,B,4494,567,3182475,4877,28.7,1021.9,56-614-135
2026-09-05 11:56:39,T,3818,567,3183896,2297,28.7,1021.9,56-614-135
2026-09-05 11:56:39,B,4495,85,3183899,4878,28.7,1021.9,56-614-135
2026-09-05 11:56:39,T,3819,349,3184082,2297,28.7,1021.9,56-614-135
2026-09-05 11:56:40,T,3820,75,3184388,2298,28.7,1021.9,56-614-135
2026-09-05 11:56:40,T,3821,348,3184463,2298,28.7,1021.9,56-614-135
2026-09-05 11:56:40,B,4496,504,3184463,4882,28.7,1021.9,56-614-135
2026-09-05 11:56:40,C,676,426,3184463,3590,28.7,1021.9,56-614-135
2026-09-05 11:56:40,B,4497,54,3184728,4882,28.7,1021.9,56-614-135
2026-09-05 11:56:40,B,4498,395,3185130,4882,28.7,1021.9,56-614-135
2026-09-05 11:56:41,B,4499,480,3185247,4885,28.7,1021.9,56-614-135
2026-09-05 11:56:41,T,3822,440,3185247,2300,28.7,1021.9,56-614-135
2026-09-05 11:56:41,T,3823,285,3185401,2300,28.7,1021.9,56-614-135
2026-09-05 11:56:41,B,4500,796,3185401,4885,28.7,1021.9,56-614-135
2026-09-05 11:56:41,C,677,541,3185401,3592,28.7,1021.9,56-614-135
2026-09-05 11:56:41,T,3824,202,3185687,2300,28.7,1021.9,56-614-135
2026-09-05 11:56:42,B,4501,60,3186746,4887,28.7,1021.9,56-614-135
2026-09-05 11:56:42,B,4502,263,3186809,4887,28.7,1021.9,56-614-135
2026-09-05 11:56:43,T,3825,81,3187479,2300,28.7,1021.9,56-614-135
2026-09-05 11:56:43,B,4503,193,3187644,4889,28.7,1021.9,56-614-135
2026-09-05 11:56:43,B,4504,105,3187719,4889,28.7,1021.9,56-614-135
2026-09-05 11:56:44,T,3826,462,3188259,2302,28.7,1021.9,56-614-135
2026-09-05 11:56:44,T,3827,86,3188708,2302,28.7,1021.9,56-614-135
2026-09-05 11:56:44,B,4505,144,3188840,4890,28.7,1021.9,56-614-135
2026-09-05 11:56:44,T,3828,58,3188847,2302,28.7,1021.9,56-614-135
2026-09-05 11:56:45,T,3829,468,3189557,2303,28.7,1021.9,56-614-135
2026-09-05 11:56:45,B,4506,499,3189557,4891,28.7,1021.9,56-614-135
2026-09-05 11:56:45,C,678,484,3189557,3597,28.7,1021.9,56-614-135
2026-09-05 11:56:46,T,3830,316,3190602,2303,28.7,1021.9,56-614-135
2026-09-05 11:56:48,B,4507,264,3192612,4895,28.7,1021.9,56-614-135
2026-09-05 11:56:48,B,4508,54,3192637,4895,28.7,1021.9,56-614-135
2026-09-05 11:56:48,B,4509,391,3192803,4895,28.7,1021.9,56-614-135
2026-09-05 11:56:48,T,3831,794,3193183,2305,28.7,1021.9,56-614-135
2026-09-05 11:56:48,B,4510,63,3193183,4895,28.7,1021.9,56-614-135
2026-09-05 11:56:48,C,679,429,3193183,3600,28.7,1021.9,56-614-135
2026-09-05 11:56:49,B,4511,186,3193355,4896,28.7,1021.9,56-614-135
2026-09-05 11:56:49,T,3832,297,3193639,2306,28.7,1021.9,56-614-135
2026-09-05 11:56:49,T,3833,111,3193864,2306,28.7,1021.9,56-614-135
2026-09-05 11:56:49,T,3834,334,3193924,2306,28.7,1021.9,56-614-135
2026-09-05 11:56:50,B,4512,215,3194833,4897,28.7,1021.9,56-614-135
2026-09-05 11:56:51,T,3835,485,3195338,2309,28.7,1021.9,56-614-135
2026-09-05 11:56:51,T,3836,61,3195618,2309,28.7,1021.9,56-614-135
2026-09-05 11:56:51,T,3837,75,3195724,2309,28.7,1021.9,56-614-135
2026-09-05 11:56:51,T,3838,547,3196204,2309,28.7,1021.9,56-614-135
2026-09-05 11:56:52,T,3839,106,3196492,2309,28.7,1021.9,56-614-135
2026-09-05 11:56:52,B,4513,60,3196914,4898,28.7,1021.9,56-614-135
2026-09-05 11:56:52,B,4514,56,3197260,4898,28.7,1021.9,56-614-135
2026-09-05 11:56:53,B,4515,476,3197735,4902,28.7,1021.9,56-614-135
2026-09-05 11:56:53,B,4516,59,3197761,4902,28.7,1021.9,56-614-135
2026-09-05 11:56:53,B,4517,191,3198228,4902,28.7,1021.9,56-614-135
2026-09-05 11:56:54,T,3840,643,3198657,2310,28.7,1021.9,56-614-135
2026-09-05 11:56:54,B,4518,282,3198657,4903,28.7,1021.9,56-614-135
2026-09-05 11:56:54,C,680,462,3198657,3606,28.7,1021.9,56-614-135
2026-09-05 11:56:55,B,4519,614,3199698,4904,28.7,1021.9,56-614-135
2026-09-05 11:56:56,B,4520,130,3201178,4905,28.7,1021.8,56-614-135
2026-09-05 11:56:56,T,3841,252,3201319,2311,28.7,1021.8,56-614-135
2026-09-05 11:56:57,B,4521,66,3201588,4908,28.7,1021.8,56-614-135
2026-09-05 11:56:57,B,4522,173,3201799,4908,28.7,1021.8,56-614-135
2026-09-05 11:56:57,B,4523,176,3202036,4908,28.7,1021.8,56-614-135
2026-09-05 11:56:58,B,4524,115,3202664,4909,28.7,1021.8,56-614-135
2026-09-05 11:56:59,T,3842,81,3204400,2311,28.7,1021.8,56-614-135
2026-09-05 11:57:00,B,4525,220,3205005,4912,28.7,1021.8,56-614-135
2026-09-05 11:57:00,B,4526,398,3205171,4912,28.7,1021.8,56-614-135
2026-09-05 11:57:00,B,4527,56,3205276,4912,28.7,1021.8,56-614-135
2026-09-05 11:57:01,B,4528,56,3205579,4915,28.7,1021.9,56-614-135
2026-09-05 11:57:01,B,4529,196,3205650,4915,28.7,1021.9,56-614-135
2026-09-05 11:57:01,B,4530,201,3205966,4915,28.7,1021.9,56-614-135
2026-09-05 11:57:02,T,3843,555,3206783,2312,28.7,1021.9,56-614-135
2026-09-05 11:57:02,B,4531,446,3206783,4917,28.7,1021.9,56-614-135
2026-09-05 11:57:02,C,681,500,3206783,3615,28.7,1021.9,56-614-135
2026-09-05 11:57:02,B,4532,82,3206820,4917,28.7,1021.9,56-614-135
2026-09-05 11:57:03,B,4533,72,3207507,4919,28.7,1021.9,56-614-135
2026-09-05 11:57:03,T,3844,445,3208299,2313,28.7,1021.9,56-614-135
2026-09-05 11:57:03,B,4534,408,3208299,4919,28.7,1021.9,56-614-135
2026-09-05 11:57:03,C,682,426,3208299,3616,28.7,1021.9,56-614-135
2026-09-05 11:57:04,B,4535,218,3209254,4921,28.7,1021.9,56-614-135
2026-09-05 11:57:05,T,3845,230,3209559,2314,28.7,1021.9,56-614-135
2026-09-05 11:57:05,B,4536,56,3209620,4922,28.7,1021.9,56-614-135
2026-09-05 11:57:05,B,4537,365,3210264,4922,28.7,1021.9,56-614-135
2026-09-05 11:57:06,B,4538,82,3210851,4923,28.7,1021.9,56-614-135
2026-09-05 11:57:06,T,3846,396,3211078,2315,28.7,1021.9,56-614-135
2026-09-05 11:57:06,T,3847,393,3211175,2315,28.7,1021.9,56-614-135
2026-09-05 11:57:07,B,4539,132,3211854,4924,28.7,1021.9,56-614-135
2026-09-05 11:57:07,T,3848,458,3211878,2316,28.7,1021.9,56-614-135
2026-09-05 11:57:08,B,4540,131,3212848,4929,28.7,1021.9,56-614-135
2026-09-05 11:57:08,B,4541,102,3213042,4929,28.7,1021.9,56-614-135
2026-09-05 11:57:08,B,4542,506,3213199,4929,28.7,1021.9,56-614-135
2026-09-05 11:57:08,B,4543,76,3213245,4929,28.7,1021.9,56-614-135
2026-09-05 11:57:08,B,4544,129,3213300,4929,28.7,1021.9,56-614-135
2026-09-05 11:57:08,T,3849,538,3213380,2317,28.7,1021.9,56-614-135
2026-09-05 11:57:09,B,4545,631,3213968,4932,28.7,1021.9,56-614-135
2026-09-05 11:57:09,B,4546,371,3214426,4932,28.7,1021.9,56-614-135
2026-09-05 11:57:10,T,3850,590,3214823,2318,28.7,1021.9,56-614-135
2026-09-05 11:57:10,B,4547,389,3214823,4935,28.7,1021.9,56-614-135
2026-09-05 11:57:10,C,683,489,3214823,3626,28.7,1021.9,56-614-135
2026-09-05 11:57:10,B,4548,134,3215481,4935,28.7,1021.9,56-614-135
2026-09-05 11:57:11,T,3851,645,3216373,2320,28.7,1021.8,56-614-135
2026-09-05 11:57:11,B,4549,739,3216373,4936,28.7,1021.8,56-614-135
2026-09-05 11:57:11,C,684,692,3216373,3628,28.7,1021.8,56-614-135
2026-09-05 11:57:11,T,3852,76,3216513,2320,28.7,1021.8,56-614-135
2026-09-05 11:57:12,T,3853,337,3216586,2321,28.7,1021.8,56-614-135
2026-09-05 11:57:12,B,4550,423,3216586,4941,28.7,1021.8,56-614-135
2026-09-05 11:57:12,C,685,380,3216586,3631,28.7,1021.8,56-614-135
2026-09-05 11:57:12,B,4551,247,3216718,4941,28.7,1021.8,56-614-135
2026-09-05 11:57:12,T,3854,64,3216984,2321,28.7,1021.8,56-614-135
2026-09-05 11:57:12,B,4552,831,3217161,4941,28.7,1021.8,56-614-135
2026-09-05 11:57:12,T,3855,409,3217161,2321,28.7,1021.8,56-614-135
2026-09-05 11:57:13,T,3856,105,3217946,2323,28.7,1021.8,56-614-135
2026-09-05 11:57:13,B,4553,140,3218142,4942,28.7,1021.8,56-614-135
2026-09-05 11:57:13,T,3857,153,3218163,2323,28.7,1021.8,56-614-135
2026-09-05 11:57:13,T,3858,121,3218321,2323,28.7,1021.8,56-614-135
2026-09-05 11:57:13,B,4554,71,3218552,4942,28.7,1021.8,56-614-135
2026-09-05 11:57:14,B,4555,279,3219159,4945,28.7,1021.8,56-614-135
2026-09-05 11:57:14,T,3859,688,3219361,2324,28.7,1021.8,56-614-135
2026-09-05 11:57:14,B,4556,471,3219361,4945,28.7,1021.8,56-614-135
2026-09-05 11:57:14,C,686,579,3219361,3634,28.7,1021.8,56-614-135
2026-09-05 11:57:16,B,4557,58,3220786,4951,28.7,1021.9,56-614-135
2026-09-05 11:57:16,B,4558,685,3220905,4951,28.7,1021.9,56-614-135
2026-09-05 11:57:16,B,4559,573,3220937,4951,28.7,1021.9,56-614-135
2026-09-05 11:57:16,B,4560,203,3221369,4951,28.7,1021.9,56-614-135
2026-09-05 11:57:16,B,4561,434,3221379,4951,28.7,1021.9,56-614-135
2026-09-05 11:57:17,T,3860,518,3221674,2326,28.7,1021.9,56-614-135
2026-09-05 11:57:17,B,4562,484,3221674,4953,28.7,1021.9,56-614-135
2026-09-05 11:57:17,C,687,501,3221674,3639,28.7,1021.9,56-614-135
2026-09-05 11:57:17,T,3861,101,3222117,2326,28.7,1021.9,56-614-135
2026-09-05 11:57:17,T,3862,487,3222137,2326,28.7,1021.9,56-614-135
2026-09-05 11:57:18,B,4563,806,3222976,4955,28.7,1021.9,56-614-135
2026-09-05 11:57:18,T,3863,153,3223132,2327,28.7,1021.9,56-614-135
2026-09-05 11:57:19,T,3864,409,3224018,2328,28.7,1021.9,56-614-135
2026-09-05 11:57:19,B,4564,431,3224018,4957,28.7,1021.9,56-614-135
2026-09-05 11:57:19,C,688,420,3224018,3643,28.7,1021.9,56-614-135
2026-09-05 11:57:19,T,3865,510,3224205,2328,28.7,1021.9,56-614-135
2026-09-05 11:57:19,B,4565,472,3224205,4957,28.7,1021.9,56-614-135
2026-09-05 11:57:19,C,689,491,3224205,3643,28.7,1021.9,56-614-135
2026-09-05 11:57:20,T,3866,66,3225272,2329,28.7,1021.9,56-614-135
2026-09-05 11:57:21,B,4566,222,3226022,4960,28.7,1021.8,56-614-135
2026-09-05 11:57:21,T,3867,417,3226557,2329,28.7,1021.8,56-614-135
2026-09-05 11:57:21,B,4567,337,3226557,4960,28.7,1021.8,56-614-135
2026-09-05 11:57:21,C,690,377,3226557,3645,28.7,1021.8,56-614-135
2026-09-05 11:57:22,B,4568,171,3226991,4965,28.7,1021.8,56-614-135
2026-09-05 11:57:22,T,3868,632,3226994,2330,28.7,1021.8,56-614-135
2026-09-05 11:57:22,B,4569,120,3227114,4965,28.7,1021.8,56-614-135
2026-09-05 11:57:22,B,4570,606,3227476,4965,28.7,1021.8,56-614-135
2026-09-05 11:57:22,B,4571,315,3227565,4965,28.7,1021.8,56-614-135
2026-09-05 11:57:23,T,3869,111,3227805,2331,28.7,1021.8,56-614-135
2026-09-05 11:57:23,B,4572,163,3228420,4967,28.7,1021.8,56-614-135
2026-09-05 11:57:23,B,4573,624,3228654,4967,28.7,1021.8,56-614-135
2026-09-05 11:57:24,B,4574,68,3229132,4968,28.7,1021.8,56-614-135
2026-09-05 11:57:25,B,4575,54,3229813,4970,28.7,1021.8,56-614-135
2026-09-05 11:57:25,B,4576,489,3230457,4970,28.7,1021.8,56-614-135
2026-09-05 11:57:25,T,3870,237,3230457,2331,28.7,1021.8,56-614-135
2026-09-05 11:57:26,T,3871,66,3231043,2333,28.7,1021.9,56-614-135
2026-09-05 11:57:26,T,3872,266,3231388,2333,28.7,1021.9,56-614-135
2026-09-05 11:57:26,B,4577,663,3231388,4974,28.7,1021.9,56-614-135
2026-09-05 11:57:26,C,691,465,3231388,3653,28.7,1021.9,56-614-135
2026-09-05 11:57:26,B,4578,56,3231512,4974,28.7,1021.9,56-614-135
2026-09-05 11:57:26,T,3873,419,3231665,2333,28.7,1021.9,56-614-135
2026-09-05 11:57:26,B,4579,433,3231665,4974,28.7,1021.9,56-614-135
2026-09-05 11:57:26,C,692,426,3231665,3653,28.7,1021.9,56-614-135
2026-09-05 11:57:27,T,3874,100,3231820,2334,28.7,1021.9,56-614-135
2026-09-05 11:57:27,T,3875,337,3232374,2334,28.7,1021.9,56-614-135
2026-09-05 11:57:27,B,4580,405,3232374,4975,28.7,1021.9,56-614-135
2026-09-05 11:57:27,C,693,371,3232374,3655,28.7,1021.9,56-614-135
2026-09-05 11:57:28,T,3876,357,3233657,2335,28.7,1021.9,56-614-135
2026-09-05 11:57:29,T,3877,258,3233890,2336,28.7,1021.9,56-614-135
2026-09-05 11:57:29,B,4581,63,3233910,4976,28.7,1021.9,56-614-135
2026-09-05 11:57:29,B,4582,69,3234700,4976,28.7,1021.9,56-614-135
2026-09-05 11:57:30,B,4583,53,3234800,4979,28.7,1021.9,56-614-135
2026-09-05 11:57:30,B,4584,373,3235187,4979,28.7,1021.9,56-614-135
2026-09-05 11:57:30,B,4585,56,3235264,4979,28.7,1021.9,56-614-135
2026-09-05 11:57:30,T,3878,132,3235395,2336,28.7,1021.9,56-614-135
2026-09-05 11:57:31,T,3879,81,3235865,2337,28.7,1021.9,56-614-135
2026-09-05 11:57:31,B,4586,296,3236468,4980,28.7,1021.9,56-614-135
2026-09-05 11:57:32,B,4587,103,3237185,4984,28.7,1021.9,56-614-135
2026-09-05 11:57:32,T,3880,127,3237294,2337,28.7,1021.9,56-614-135
2026-09-05 11:57:32,B,4588,472,3237333,4984,28.7,1021.9,56-614-135
2026-09-05 11:57:32,B,4589,682,3237611,4984,28.7,1021.9,56-614-135
2026-09-05 11:57:33,B,4590,296,3237988,4988,28.7,1021.9,56-614-135
2026-09-05 11:57:33,B,4591,487,3238271,4988,28.7,1021.9,56-614-135
2026-09-05 11:57:33,T,3881,357,3238276,2338,28.7,1021.9,56-614-135
2026-09-05 11:57:33,B,4592,505,3238511,4988,28.7,1021.9,56-614-135
2026-09-05 11:57:34,T,3882,127,3239454,2339,28.7,1021.9,56-614-135
2026-09-05 11:57:34,T,3883,196,3239551,2339,28.7,1021.9,56-614-135
2026-09-05 11:57:35,B,4593,382,3240483,4991,28.7,1021.9,56-614-135
2026-09-05 11:57:35,T,3884,314,3240764,2340,28.7,1021.9,56-614-135
2026-09-05 11:57:35,B,4594,112,3240764,4991,28.7,1021.9,56-614-135
2026-09-05 11:57:35,C,694,213,3240764,3665,28.7,1021.9,56-614-135
2026-09-05 11:57:36,B,4595,230,3240946,4995,28.7,1021.9,56-614-135
2026-09-05 11:57:36,B,4596,538,3241010,4995,28.7,1021.9,56-614-135
2026-09-05 11:57:36,B,4597,81,3241111,4995,28.7,1021.9,56-614-135
2026-09-05 11:57:36,B,4598,200,3241262,4995,28.7,1021.9,56-614-135
2026-09-05 11:57:37,T,3885,193,3242184,2341,28.7,1021.9,56-614-135
2026-09-05 11:57:37,T,3886,124,3242619,2341,28.7,1021.9,56-614-135
2026-09-05 11:57:38,T,3887,594,3243066,2342,28.7,1021.9,56-614-135
2026-09-05 11:57:39,B,4599,64,3244782,4997,28.7,1021.9,56-614-135
2026-09-05 11:57:39,B,4600,139,3244837,4997,28.7,1021.9,56-614-135
2026-09-05 11:57:40,T,3888,102,3245412,2342,28.7,1021.9,56-614-135
2026-09-05 11:57:41,T,3889,120,3245923,2343,28.7,1021.9,56-614-135
2026-09-05 11:57:41,T,3890,61,3245926,2343,28.7,1021.9,56-614-135
2026-09-05 11:57:41,T,3891,282,3246323,2343,28.7,1021.9,56-614-135
2026-09-05 11:57:42,T,3892,260,3247329,2344,28.7,1021.9,56-614-135
2026-09-05 11:57:43,B,4601,573,3248542,4998,28.7,1021.9,56-614-135
2026-09-05 11:57:44,T,3893,148,3249428,2344,28.7,1021.9,56-614-135
2026-09-05 11:57:45,B,4602,445,3250136,5001,28.7,1021.9,56-614-135
2026-09-05 11:57:45,B,4603,150,3250323,5001,28.7,1021.9,56-614-135
2026-09-05 11:57:46,B,4604,52,3251152,5002,28.7,1021.9,56-614-135
2026-09-05 11:57:46,B,4605,79,3251237,5002,28.7,1021.9,56-614-135
2026-09-05 11:57:46,T,3894,485,3251568,2346,28.7,1021.9,56-614-135
2026-09-05 11:57:46,T,3895,155,3251789,2346,28.7,1021.9,56-614-135
2026-09-05 11:57:46,T,3896,75,3251837,2346,28.7,1021.9,56-614-135
2026-09-05 11:57:47,B,4606,347,3252262,5006,28.7,1021.9,56-614-135
2026-09-05 11:57:47,B,4607,345,3252329,5006,28.7,1021.9,56-614-135
2026-09-05 11:57:47,B,4608,624,3252448,5006,28.7,1021.9,56-614-135
2026-09-05 11:57:47,T,3897,446,3252648,2347,28.7,1021.9,56-614-135
2026-09-05 11:57:48,B,4609,248,3252992,5008,28.7,1021.9,56-614-135
2026-09-05 11:57:51,T,3898,441,3255001,2348,28.7,1021.9,56-614-135
2026-09-05 11:57:51,B,4610,224,3255858,5009,28.7,1021.9,56-614-135
2026-09-05 11:57:51,B,4611,99,3255978,5009,28.7,1021.9,56-614-135
2026-09-05 11:57:52,T,3899,445,3256276,2350,28.7,1021.8,56-614-135
2026-09-05 11:57:52,B,4612,432,3256276,5012,28.7,1021.8,56-614-135
2026-09-05 11:57:52,C,695,438,3256276,3681,28.7,1021.8,56-614-135
2026-09-05 11:57:52,T,3900,69,3256795,2350,28.7,1021.8,56-614-135
2026-09-05 11:57:52,B,4613,520,3256899,5012,28.7,1021.8,56-614-135
2026-09-05 11:57:52,T,3901,506,3257003,2350,28.7,1021.8,56-614-135
2026-09-05 11:57:53,B,4614,338,3257690,5014,28.7,1021.8,56-614-135
2026-09-05 11:57:54,B,4615,124,3258470,5015,28.7,1021.8,56-614-135
2026-09-05 11:57:55,T,3902,466,3259181,2351,28.7,1021.8,56-614-135
2026-09-05 11:57:55,B,4616,997,3259977,5016,28.7,1021.8,56-614-135
2026-09-05 11:57:56,B,4617,293,3260782,5018,28.7,1021.8,56-614-135
2026-09-05 11:57:57,T,3903,401,3261113,2352,28.7,1021.9,56-614-135
2026-09-05 11:57:57,B,4618,494,3261113,5019,28.7,1021.9,56-614-135
2026-09-05 11:57:57,C,696,447,3261113,3685,28.7,1021.9,56-614-135
2026-09-05 11:57:58,T,3904,151,3262228,2353,28.7,1021.9,56-614-135
2026-09-05 11:57:58,B,4619,443,3262228,5022,28.7,1021.9,56-614-135
2026-09-05 11:57:58,C,697,297,3262228,3687,28.7,1021.9,56-614-135
2026-09-05 11:57:58,B,4620,148,3262624,5022,28.7,1021.9,56-614-135
2026-09-05 11:57:58,T,3905,540,3262723,2353,28.7,1021.9,56-614-135
2026-09-05 11:57:59,B,4621,51,3263291,5023,28.7,1021.9,56-614-135
2026-09-05 11:57:59,B,4622,256,3263582,5023,28.7,1021.9,56-614-135
2026-09-05 11:58:00,B,4623,465,3265017,5025,28.7,1021.9,56-614-135
2026-09-05 11:58:01,B,4624,500,3265195,5026,28.7,1021.9,56-614-135
2026-09-05 11:58:02,T,3906,92,3266185,2354,28.7,1021.9,56-614-135
2026-09-05 11:58:02,B,4625,226,3266191,5029,28.7,1021.9,56-614-135
2026-09-05 11:58:02,T,3907,345,3266191,2354,28.7,1021.9,56-614-135
2026-09-05 11:58:02,B,4626,241,3266247,5029,28.7,1021.9,56-614-135
2026-09-05 11:58:02,T,3908,56,3266796,2354,28.7,1021.9,56-614-135
2026-09-05 11:58:03,T,3909,101,3267693,2355,28.7,1021.9,56-614-135
2026-09-05 11:58:03,T,3910,64,3268129,2355,28.7,1021.9,56-614-135
2026-09-05 11:58:04,B,4627,607,3268522,5032,28.7,1021.9,56-614-135
2026-09-05 11:58:04,B,4628,586,3268907,5032,28.7,1021.9,56-614-135
2026-09-05 11:58:04,T,3911,310,3269165,2356,28.7,1021.9,56-614-135
2026-09-05 11:58:05,B,4629,54,3269510,5033,28.7,1021.9,56-614-135
2026-09-05 11:58:06,B,4630,54,3270441,5033,28.7,1021.9,56-614-135
2026-09-05 11:58:06,T,3912,79,3270675,2356,28.7,1021.9,56-614-135
2026-09-05 11:58:06,T,3913,73,3270727,2356,28.7,1021.9,56-614-135
2026-09-05 11:58:07,T,3914,80,3271413,2356,28.7,1021.9,56-614-135
2026-09-05 11:58:07,T,3915,73,3271974,2356,28.7,1021.9,56-614-135
2026-09-05 11:58:10,T,3916,170,3274810,2358,28.7,1021.9,56-614-135
2026-09-05 11:58:10,T,3917,379,3274926,2358,28.7,1021.9,56-614-135
2026-09-05 11:58:11,T,3918,108,3275952,2358,28.7,1021.9,56-614-135
2026-09-05 11:58:12,T,3919,559,3276457,2360,28.7,1021.9,56-614-135
2026-09-05 11:58:12,B,4631,508,3276675,5036,28.7,1021.9,56-614-135
2026-09-05 11:58:12,T,3920,454,3277043,2360,28.7,1021.9,56-614-135
2026-09-05 11:58:12,B,4632,222,3277043,5036,28.7,1021.9,56-614-135
2026-09-05 11:58:12,C,698,338,3277043,3698,28.7,1021.9,56-614-135
2026-09-05 11:58:13,T,3921,76,3277505,2360,28.7,1021.9,56-614-135
2026-09-05 11:58:13,B,4633,420,3277999,5037,28.7,1021.9,56-614-135
2026-09-05 11:58:14,T,3922,60,3278527,2361,28.7,1021.9,56-614-135
2026-09-05 11:58:14,B,4634,188,3278814,5038,28.7,1021.9,56-614-135
2026-09-05 11:58:14,T,3923,122,3278994,2361,28.7,1021.9,56-614-135
2026-09-05 11:58:15,T,3924,341,3280020,2362,28.7,1021.9,56-614-135
2026-09-05 11:58:16,B,4635,565,3280725,5042,28.7,1021.9,56-614-135
2026-09-05 11:58:16,B,4636,138,3280842,5042,28.7,1021.9,56-614-135
2026-09-05 11:58:16,B,4637,260,3280867,5042,28.7,1021.9,56-614-135
2026-09-05 11:58:17,B,4638,144,3281565,5044,28.7,1021.8,56-614-135
2026-09-05 11:58:17,T,3925,226,3281801,2364,28.7,1021.8,56-614-135
2026-09-05 11:58:17,B,4639,480,3281849,5044,28.7,1021.8,56-614-135
2026-09-05 11:58:17,T,3926,343,3282057,2364,28.7,1021.8,56-614-135
2026-09-05 11:58:17,T,3927,492,3282135,2364,28.7,1021.8,56-614-135
2026-09-05 11:58:18,B,4640,104,3282574,5049,28.7,1021.8,56-614-135
2026-09-05 11:58:18,T,3928,58,3282723,2365,28.7,1021.8,56-614-135
2026-09-05 11:58:18,B,4641,651,3282999,5049,28.7,1021.8,56-614-135
2026-09-05 11:58:18,T,3929,911,3283180,2365,28.7,1021.8,56-614-135
2026-09-05 11:58:18,B,4642,700,3283180,5049,28.7,1021.8,56-614-135
2026-09-05 11:58:18,C,699,805,3283180,3707,28.7,1021.8,56-614-135
2026-09-05 11:58:19,T,3930,237,3283404,2367,28.7,1021.8,56-614-135
2026-09-05 11:58:19,B,4643,220,3283952,5052,28.7,1021.8,56-614-135
2026-09-05 11:58:19,B,4644,706,3284021,5052,28.7,1021.8,56-614-135
2026-09-05 11:58:19,T,3931,536,3284183,2367,28.7,1021.8,56-614-135
2026-09-05 11:58:19,B,4645,174,3284248,5052,28.7,1021.8,56-614-135
2026-09-05 11:58:20,B,4646,55,3284516,5054,28.7,1021.8,56-614-135
2026-09-05 11:58:20,B,4647,144,3285073,5054,28.7,1021.8,56-614-135
2026-09-05 11:58:21,T,3932,487,3285726,2368,28.7,1021.8,56-614-135
2026-09-05 11:58:21,B,4648,56,3285746,5055,28.7,1021.8,56-614-135
2026-09-05 11:58:22,B,4649,540,3286367,5058,28.7,1021.8,56-614-135
2026-09-05 11:58:22,B,4650,86,3286627,5058,28.7,1021.8,56-614-135
2026-09-05 11:58:22,B,4651,279,3286824,5058,28.7,1021.8,56-614-135
2026-09-05 11:58:24,B,4652,59,3288630,5059,28.7,1021.8,56-614-135
2026-09-05 11:58:24,T,3933,434,3289393,2369,28.7,1021.8,56-614-135
2026-09-05 11:58:26,T,3934,427,3290996,2370,28.7,1021.8,56-614-135
2026-09-05 11:58:26,B,4653,426,3291072,5060,28.7,1021.8,56-614-135
2026-09-05 11:58:28,T,3935,153,3292787,2372,28.7,1021.8,56-614-135
2026-09-05 11:58:28,T,3936,360,3293207,2372,28.7,1021.8,56-614-135
2026-09-05 11:58:28,T,3937,542,3293384,2372,28.7,1021.8,56-614-135
2026-09-05 11:58:28,B,4654,726,3293384,5062,28.7,1021.8,56-614-135
2026-09-05 11:58:28,C,700,634,3293384,3717,28.7,1021.8,56-614-135
2026-09-05 11:58:29,T,3938,99,3293617,2373,28.7,1021.8,56-614-135
2026-09-05 11:58:29,T,3939,122,3293748,2373,28.7,1021.8,56-614-135
2026-09-05 11:58:29,T,3940,206,3294232,2373,28.7,1021.8,56-614-135
2026-09-05 11:58:30,T,3941,151,3294469,2375,28.7,1021.8,56-614-135
2026-09-05 11:58:30,B,4655,93,3294591,5067,28.7,1021.8,56-614-135
2026-09-05 11:58:30,B,4656,535,3294727,5067,28.7,1021.8,56-614-135
2026-09-05 11:58:30,T,3942,398,3294727,2375,28.7,1021.8,56-614-135
2026-09-05 11:58:30,B,4657,373,3294908,5067,28.7,1021.8,56-614-135
2026-09-05 11:58:30,B,4658,471,3294951,5067,28.7,1021.8,56-614-135
2026-09-05 11:58:31,B,4659,202,3295609,5073,28.7,1021.8,56-614-135
2026-09-05 11:58:31,B,4660,263,3295623,5073,28.7,1021.8,56-614-135
2026-09-05 11:58:31,B,4661,254,3295958,5073,28.7,1021.8,56-614-135
2026-09-05 11:58:31,B,4662,65,3295990,5073,28.7,1021.8,56-614-135
2026-09-05 11:58:31,B,4663,100,3296055,5073,28.7,1021.8,56-614-135
2026-09-05 11:58:31,B,4664,92,3296309,5073,28.7,1021.8,56-614-135
2026-09-05 11:58:31,T,3943,462,3296332,2376,28.7,1021.8,56-614-135
2026-09-05 11:58:32,T,3944,914,3296664,2377,28.7,1021.9,56-614-135
2026-09-05 11:58:32,B,4665,139,3296899,5076,28.7,1021.9,56-614-135
2026-09-05 11:58:32,B,4666,93,3297041,5076,28.7,1021.9,56-614-135
2026-09-05 11:58:32,B,4667,344,3297064,5076,28.7,1021.9,56-614-135
2026-09-05 11:58:32,T,3945,118,3297491,2377,28.7,1021.9,56-614-135
2026-09-05 11:58:33,T,3946,131,3298256,2378,28.7,1021.9,56-614-135
2026-09-05 11:58:34,B,4668,160,3298726,5077,28.7,1021.9,56-614-135
2026-09-05 11:58:35,T,3947,487,3299539,2380,28.7,1021.9,56-614-135
2026-09-05 11:58:35,T,3948,435,3299656,2380,28.7,1021.9,56-614-135
2026-09-05 11:58:35,B,4669,456,3299656,5078,28.7,1021.9,56-614-135
2026-09-05 11:58:35,C,701,445,3299656,3729,28.7,1021.9,56-614-135
2026-09-05 11:58:35,T,3949,120,3299738,2380,28.7,1021.9,56-614-135
2026-09-05 11:58:36,B,4670,173,3300559,5079,28.7,1021.9,56-614-135
2026-09-05 11:58:39,B,4671,317,3303679,5082,28.7,1021.8,56-614-135
2026-09-05 11:58:39,T,3950,405,3303976,2381,28.7,1021.8,56-614-135
2026-09-05 11:58:39,B,4672,569,3303976,5082,28.7,1021.8,56-614-135
2026-09-05 11:58:39,C,702,487,3303976,3731,28.7,1021.8,56-614-135
2026-09-05 11:58:40,B,4673,521,3304732,5086,28.7,1021.8,56-614-135
2026-09-05 11:58:40,B,4674,428,3304759,5086,28.7,1021.8,56-614-135
2026-09-05 11:58:40,T,3951,440,3304759,2383,28.7,1021.8,56-614-135
2026-09-05 11:58:40,T,3952,344,3304767,2383,28.7,1021.8,56-614-135
2026-09-05 11:58:40,B,4675,379,3304767,5086,28.7,1021.8,56-614-135
2026-09-05 11:58:40,C,703,361,3304767,3735,28.7,1021.8,56-614-135
2026-09-05 11:58:40,T,3953,88,3304996,2383,28.7,1021.8,56-614-135
2026-09-05 11:58:41,B,4676,189,3305710,5088,28.7,1021.8,56-614-135
2026-09-05 11:58:42,B,4677,578,3306980,5089,28.7,1021.9,56-614-135
2026-09-05 11:58:43,B,4678,74,3307646,5092,28.7,1021.9,56-614-135
2026-09-05 11:58:43,B,4679,79,3307789,5092,28.7,1021.9,56-614-135
2026-09-05 11:58:43,B,4680,206,3307797,5092,28.7,1021.9,56-614-135
2026-09-05 11:58:45,B,4681,52,3310067,5094,28.7,1021.9,56-614-135
2026-09-05 11:58:45,B,4682,273,3310081,5094,28.7,1021.9,56-614-135
2026-09-05 11:58:45,B,4683,77,3310122,5094,28.7,1021.9,56-614-135
2026-09-05 11:58:45,T,3954,568,3310398,2384,28.7,1021.9,56-614-135
2026-09-05 11:58:45,T,3955,178,3310607,2384,28.7,1021.9,56-614-135
2026-09-05 11:58:46,B,4684,72,3310899,5096,28.7,1021.9,56-614-135
2026-09-05 11:58:46,B,4685,217,3311073,5096,28.7,1021.9,56-614-135
2026-09-05 11:58:47,B,4686,100,3312039,5097,28.7,1021.9,56-614-135
2026-09-05 11:58:47,T,3956,204,3312283,2385,28.7,1021.9,56-614-135
2026-09-05 11:58:48,B,4687,428,3312672,5100,28.7,1021.9,56-614-135
2026-09-05 11:58:48,T,3957,426,3313234,2386,28.7,1021.9,56-614-135
2026-09-05 11:58:48,B,4688,305,3313234,5100,28.7,1021.9,56-614-135
2026-09-05 11:58:48,C,704,366,3313234,3743,28.7,1021.9,56-614-135
2026-09-05 11:58:49,B,4689,50,3314207,5101,28.7,1021.9,56-614-135
2026-09-05 11:58:49,B,4690,275,3314297,5101,28.7,1021.9,56-614-135
2026-09-05 11:58:50,T,3958,108,3314910,2386,28.7,1021.9,56-614-135
2026-09-05 11:58:50,B,4691,379,3314961,5104,28.7,1021.9,56-614-135
2026-09-05 11:58:50,B,4692,389,3314967,5104,28.7,1021.9,56-614-135
2026-09-05 11:58:51,B,4693,256,3315719,5109,28.7,1021.9,56-614-135
2026-09-05 11:58:51,B,4694,371,3315999,5109,28.7,1021.9,56-614-135
2026-09-05 11:58:51,B,4695,69,3316230,5109,28.7,1021.9,56-614-135
2026-09-05 11:58:51,T,3959,195,3316338,2388,28.7,1021.9,56-614-135
2026-09-05 11:58:51,T,3960,440,3316651,2388,28.7,1021.9,56-614-135
2026-09-05 11:58:51,B,4696,362,3316651,5109,28.7,1021.9,56-614-135
2026-09-05 11:58:51,C,705,401,3316651,3748,28.7,1021.9,56-614-135
2026-09-05 11:58:52,B,4697,55,3316949,5112,28.8,1021.8,56-614-135
2026-09-05 11:58:52,B,4698,182,3316974,5112,28.8,1021.8,56-614-135
2026-09-05 11:58:52,T,3961,300,3317342,2389,28.8,1021.8,56-614-135
2026-09-05 11:58:52,B,4699,541,3317689,5112,28.8,1021.8,56-614-135
2026-09-05 11:58:53,B,4700,112,3318583,5113,28.8,1021.8,56-614-135
2026-09-05 11:58:54,B,4701,66,3319168,5114,28.8,1021.8,56-614-135
2026-09-05 11:58:55,B,4702,204,3319741,5117,28.8,1021.8,56-614-135
2026-09-05 11:58:55,T,3962,256,3320033,2390,28.8,1021.8,56-614-135
2026-09-05 11:58:55,T,3963,534,3320182,2390,28.8,1021.8,56-614-135
2026-09-05 11:58:55,B,4703,497,3320182,5117,28.8,1021.8,56-614-135
2026-09-05 11:58:55,C,706,516,3320182,3754,28.8,1021.8,56-614-135
2026-09-05 11:58:55,B,4704,217,3320232,5117,28.8,1021.8,56-614-135
2026-09-05 11:58:56,T,3964,63,3321111,2391,28.8,1021.8,56-614-135
2026-09-05 11:58:56,T,3965,584,3321404,2391,28.8,1021.8,56-614-135
2026-09-05 11:58:56,T,3966,59,3321721,2391,28.8,1021.8,56-614-135
2026-09-05 11:58:57,T,3967,489,3322312,2393,28.8,1021.8,56-614-135
2026-09-05 11:58:57,T,3968,531,3322393,2393,28.8,1021.8,56-614-135
2026-09-05 11:58:57,B,4705,384,3322393,5119,28.8,1021.8,56-614-135
2026-09-05 11:58:57,C,707,457,3322393,3756,28.8,1021.8,56-614-135
2026-09-05 11:58:58,B,4706,51,3322965,5119,28.8,1021.8,56-614-135
2026-09-05 11:58:58,T,3969,63,3323026,2394,28.8,1021.8,56-614-135
2026-09-05 11:58:58,T,3970,88,3323399,2394,28.8,1021.8,56-614-135
2026-09-05 11:58:59,B,4707,307,3323994,5121,28.8,1021.8,56-614-135
2026-09-05 11:58:59,B,4708,101,3324516,5121,28.8,1021.8,56-614-135
2026-09-05 11:59:00,B,4709,410,3324865,5124,28.8,1021.8,56-614-135
2026-09-05 11:59:00,B,4710,116,3325014,5124,28.8,1021.8,56-614-135
2026-09-05 11:59:02,B,4711,548,3326942,5125,28.8,1021.8,56-614-135
2026-09-05 11:59:03,B,4712,158,3328424,5128,28.8,1021.8,56-614-135
2026-09-05 11:59:03,T,3971,528,3328755,2395,28.8,1021.8,56-614-135
2026-09-05 11:59:03,B,4713,586,3328755,5128,28.8,1021.8,56-614-135
2026-09-05 11:59:03,C,708,557,3328755,3761,28.8,1021.8,56-614-135
2026-09-05 11:59:04,B,4714,409,3329014,5129,28.8,1021.8,56-614-135
2026-09-05 11:59:05,T,3972,70,3330730,2395,28.8,1021.8,56-614-135
2026-09-05 11:59:05,B,4715,172,3330758,5130,28.8,1021.8,56-614-135
2026-09-05 11:59:06,T,3973,283,3330888,2397,28.8,1021.8,56-614-135
2026-09-05 11:59:06,T,3974,391,3330946,2397,28.8,1021.8,56-614-135
2026-09-05 11:59:06,T,3975,62,3331183,2397,28.8,1021.8,56-614-135
2026-09-05 11:59:06,B,4716,76,3331236,5131,28.8,1021.8,56-614-135
2026-09-05 11:59:07,B,4717,427,3332446,5133,28.8,1021.8,56-614-135
2026-09-05 11:59:07,B,4718,124,3332769,5133,28.8,1021.8,56-614-135
2026-09-05 11:59:08,B,4719,72,3333085,5134,28.8,1021.8,56-614-135
2026-09-05 11:59:08,T,3976,395,3333521,2398,28.8,1021.8,56-614-135
2026-09-05 11:59:09,B,4720,499,3333909,5136,28.8,1021.8,56-614-135
2026-09-05 11:59:09,T,3977,61,3334599,2398,28.8,1021.8,56-614-135
2026-09-05 11:59:09,T,3978,230,3334906,2398,28.8,1021.8,56-614-135
2026-09-05 11:59:10,B,4721,69,3334940,5141,28.8,1021.8,56-614-135
2026-09-05 11:59:10,B,4722,95,3335336,5141,28.8,1021.8,56-614-135
2026-09-05 11:59:10,T,3979,299,3335573,2399,28.8,1021.8,56-614-135
2026-09-05 11:59:10,B,4723,463,3335573,5141,28.8,1021.8,56-614-135
2026-09-05 11:59:10,C,709,381,3335573,3770,28.8,1021.8,56-614-135
2026-09-05 11:59:10,B,4724,180,3335633,5141,28.8,1021.8,56-614-135
2026-09-05 11:59:10,B,4725,198,3335691,5141,28.8,1021.8,56-614-135
2026-09-05 11:59:11,T,3980,354,3336237,2400,28.8,1021.8,56-614-135
2026-09-05 11:59:11,B,4726,464,3336237,5142,28.8,1021.8,56-614-135
2026-09-05 11:59:11,C,710,409,3336237,3771,28.8,1021.8,56-614-135
2026-09-05 11:59:14,B,4727,677,3339346,5144,28.8,1021.8,56-614-135
2026-09-05 11:59:14,T,3981,102,3339625,2400,28.8,1021.8,56-614-135
2026-09-05 11:59:15,T,3982,319,3340627,2401,28.8,1021.8,56-614-135
2026-09-05 11:59:15,B,4728,539,3340627,5145,28.8,1021.8,56-614-135
2026-09-05 11:59:15,C,711,429,3340627,3773,28.8,1021.8,56-614-135
2026-09-05 11:59:16,B,4729,117,3341130,5149,28.8,1021.8,56-614-135
2026-09-05 11:59:16,B,4730,88,3341420,5149,28.8,1021.8,56-614-135
2026-09-05 11:59:16,T,3983,498,3341683,2402,28.8,1021.8,56-614-135
2026-09-05 11:59:16,T,3984,146,3341755,2402,28.8,1021.8,56-614-135
2026-09-05 11:59:16,B,4731,575,3341755,5149,28.8,1021.8,56-614-135
2026-09-05 11:59:16,C,712,361,3341755,3776,28.8,1021.8,56-614-135
2026-09-05 11:59:18,T,3985,51,3342056,2403,28.8,1021.8,56-614-135
2026-09-05 11:59:18,T,3986,96,3342215,2403,28.8,1021.8,56-614-135
2026-09-05 11:59:18,B,4732,105,3342504,5150,28.8,1021.8,56-614-135
2026-09-05 11:59:18,B,4733,130,3342892,5150,28.8,1021.8,56-614-135
2026-09-05 11:59:18,T,3987,219,3342928,2403,28.8,1021.8,56-614-135
2026-09-05 11:59:19,T,3988,117,3343481,2404,28.8,1021.8,56-614-135
2026-09-05 11:59:20,T,3989,399,3344150,2406,28.8,1021.8,56-614-135
2026-09-05 11:59:20,B,4734,158,3344623,5152,28.8,1021.8,56-614-135
2026-09-05 11:59:20,B,4735,63,3344734,5152,28.8,1021.8,56-614-135
2026-09-05 11:59:20,T,3990,444,3344822,2406,28.8,1021.8,56-614-135
2026-09-05 11:59:21,T,3991,346,3345208,2407,28.8,1021.8,56-614-135
2026-09-05 11:59:21,B,4736,399,3345208,5157,28.8,1021.8,56-614-135
2026-09-05 11:59:21,C,713,372,3345208,3782,28.8,1021.8,56-614-135
2026-09-05 11:59:21,B,4737,195,3345430,5157,28.8,1021.8,56-614-135
2026-09-05 11:59:21,T,3992,378,3345622,2407,28.8,1021.8,56-614-135
2026-09-05 11:59:21,B,4738,305,3345695,5157,28.8,1021.8,56-614-135
2026-09-05 11:59:21,B,4739,404,3345801,5157,28.8,1021.8,56-614-135
2026-09-05 11:59:22,T,3993,395,3346121,2408,28.8,1021.8,56-614-135
2026-09-05 11:59:22,B,4740,558,3346121,5160,28.8,1021.8,56-614-135
2026-09-05 11:59:22,C,714,476,3346121,3784,28.8,1021.8,56-614-135
2026-09-05 11:59:22,B,4741,59,3346213,5160,28.8,1021.8,56-614-135
2026-09-05 11:59:23,T,3994,90,3347299,2408,28.8,1021.8,56-614-135
2026-09-05 11:59:23,B,4742,526,3347753,5161,28.8,1021.8,56-614-135
2026-09-05 11:59:24,B,4743,220,3348345,5162,28.8,1021.8,56-614-135
2026-09-05 11:59:24,T,3995,54,3348781,2409,28.8,1021.8,56-614-135
2026-09-05 11:59:24,T,3996,304,3348853,2409,28.8,1021.8,56-614-135
2026-09-05 11:59:25,T,3997,90,3349181,2410,28.8,1021.8,56-614-135
2026-09-05 11:59:25,B,4744,251,3349292,5166,28.8,1021.8,56-614-135
2026-09-05 11:59:25,B,4745,150,3349358,5166,28.8,1021.8,56-614-135
2026-09-05 11:59:25,B,4746,406,3349655,5166,28.8,1021.8,56-614-135
2026-09-05 11:59:25,T,3998,438,3349655,2410,28.8,1021.8,56-614-135
2026-09-05 11:59:26,T,3999,104,3350770,2412,28.8,1021.8,56-614-135
2026-09-05 11:59:26,B,4747,129,3350804,5167,28.8,1021.8,56-614-135
2026-09-05 11:59:26,T,4000,55,3350919,2412,28.8,1021.8,56-614-135
2026-09-05 11:59:26,T,4001,335,3351018,2412,28.8,1021.8,56-614-135
2026-09-05 11:59:27,B,4748,159,3351131,5170,28.8,1021.8,56-614-135
2026-09-05 11:59:27,B,4749,612,3351189,5170,28.8,1021.8,56-614-135
2026-09-05 11:59:27,B,4750,53,3351562,5170,28.8,1021.8,56-614-135
2026-09-05 11:59:28,T,4002,211,3352235,2413,28.8,1021.8,56-614-135
2026-09-05 11:59:28,B,4751,270,3352235,5173,28.8,1021.8,56-614-135
2026-09-05 11:59:28,C,715,240,3352235,3793,28.8,1021.8,56-614-135
2026-09-05 11:59:28,T,4003,558,3352498,2413,28.8,1021.8,56-614-135
2026-09-05 11:59:28,B,4752,417,3352978,5173,28.8,1021.8,56-614-135
2026-09-05 11:59:29,T,4004,54,3353531,2414,28.8,1021.8,56-614-135
2026-09-05 11:59:29,T,4005,416,3353538,2414,28.8,1021.8,56-614-135
2026-09-05 11:59:29,B,4753,385,3353538,5176,28.8,1021.8,56-614-135
2026-09-05 11:59:29,C,716,400,3353538,3795,28.8,1021.8,56-614-135
2026-09-05 11:59:29,B,4754,574,3353717,5176,28.8,1021.8,56-614-135
2026-09-05 11:59:30,B,4755,956,3355121,5177,28.8,1021.8,56-614-135
2026-09-05 11:59:31,B,4756,156,3355221,5178,28.8,1021.8,56-614-135
2026-09-05 11:59:32,T,4006,159,3356200,2415,28.8,1021.8,56-614-135
2026-09-05 11:59:32,B,4757,51,3356777,5179,28.8,1021.8,56-614-135
2026-09-05 11:59:33,T,4007,455,3357663,2416,28.8,1021.8,56-614-135
2026-09-05 11:59:33,B,4758,468,3357663,5182,28.8,1021.8,56-614-135
2026-09-05 11:59:33,C,717,462,3357663,3799,28.8,1021.8,56-614-135
2026-09-05 11:59:33,B,4759,229,3358161,5182,28.8,1021.8,56-614-135
2026-09-05 11:59:34,B,4760,162,3359209,5183,28.8,1021.8,56-614-135
2026-09-05 11:59:35,T,4008,263,3359424,2418,28.8,1021.8,56-614-135
2026-09-05 11:59:35,T,4009,275,3359510,2418,28.8,1021.8,56-614-135
2026-09-05 11:59:35,B,4761,469,3359761,5185,28.8,1021.8,56-614-135
2026-09-05 11:59:35,T,4010,457,3360124,2418,28.8,1021.8,56-614-135
2026-09-05 11:59:35,B,4762,60,3360181,5185,28.8,1021.8,56-614-135
2026-09-05 11:59:36,B,4763,98,3360754,5186,28.8,1021.8,56-614-135
2026-09-05 11:59:37,T,4011,55,3361678,2418,28.8,1021.8,56-614-135
2026-09-05 11:59:37,B,4764,109,3361834,5188,28.8,1021.8,56-614-135
2026-09-05 11:59:37,B,4765,358,3362122,5188,28.8,1021.8,56-614-135
2026-09-05 11:59:38,B,4766,461,3362820,5191,28.7,1021.8,56-614-135
2026-09-05 11:59:38,B,4767,273,3362988,5191,28.7,1021.8,56-614-135
2026-09-05 11:59:39,B,4768,57,3363433,5195,28.7,1021.8,56-614-135
2026-09-05 11:59:39,T,4012,389,3363517,2420,28.7,1021.8,56-614-135
2026-09-05 11:59:39,B,4769,690,3363558,5195,28.7,1021.8,56-614-135
2026-09-05 11:59:39,T,4013,102,3363687,2420,28.7,1021.8,56-614-135
2026-09-05 11:59:39,T,4014,134,3363751,2420,28.7,1021.8,56-614-135
2026-09-05 11:59:39,T,4015,119,3363779,2420,28.7,1021.8,56-614-135
2026-09-05 11:59:39,B,4770,70,3363924,5195,28.7,1021.8,56-614-135
2026-09-05 11:59:39,T,4016,120,3364076,2420,28.7,1021.8,56-614-135
2026-09-05 11:59:39,B,4771,473,3364076,5195,28.7,1021.8,56-614-135
2026-09-05 11:59:39,C,718,296,3364076,3808,28.7,1021.8,56-614-135
2026-09-05 11:59:40,T,4017,54,3364424,2422,28.7,1021.8,56-614-135
2026-09-05 11:59:40,T,4018,211,3364475,2422,28.7,1021.8,56-614-135
2026-09-05 11:59:40,T,4019,194,3364773,2422,28.7,1021.8,56-614-135
2026-09-05 11:59:41,T,4020,434,3365419,2423,28.7,1021.8,56-614-135
2026-09-05 11:59:41,B,4772,359,3365419,5197,28.7,1021.8,56-614-135
2026-09-05 11:59:41,C,719,397,3365419,3810,28.7,1021.8,56-614-135
2026-09-05 11:59:41,T,4021,184,3365802,2423,28.7,1021.8,56-614-135
2026-09-05 11:59:42,B,4773,244,3366346,5204,28.7,1021.8,56-614-135
2026-09-05 11:59:42,B,4774,115,3366353,5204,28.7,1021.8,56-614-135
2026-09-05 11:59:42,B,4775,213,3366405,5204,28.7,1021.8,56-614-135
2026-09-05 11:59:42,T,4022,450,3366920,2425,28.7,1021.8,56-614-135
2026-09-05 11:59:42,B,4776,362,3366920,5204,28.7,1021.8,56-614-135
2026-09-05 11:59:42,C,720,406,3366920,3814,28.7,1021.8,56-614-135
2026-09-05 11:59:42,B,4777,772,3367023,5204,28.7,1021.8,56-614-135
2026-09-05 11:59:42,T,4023,134,3367103,2425,28.7,1021.8,56-614-135
2026-09-05 11:59:42,B,4778,81,3367284,5204,28.7,1021.8,56-614-135
2026-09-05 11:59:45,T,4024,90,3369595,2426,28.8,1021.9,56-614-135
2026-09-05 11:59:45,B,4779,599,3369774,5207,28.8,1021.9,56-614-135
2026-09-05 11:59:45,T,4025,475,3369881,2426,28.8,1021.9,56-614-135
2026-09-05 11:59:45,B,4780,162,3369881,5207,28.8,1021.9,56-614-135
2026-09-05 11:59:45,C,721,318,3369881,3817,28.8,1021.9,56-614-135
2026-09-05 11:59:45,B,4781,108,3370152,5207,28.8,1021.9,56-614-135
2026-09-05 11:59:45,T,4026,72,3370199,2426,28.8,1021.9,56-614-135
2026-09-05 11:59:46,B,4782,55,3370575,5209,28.8,1021.9,56-614-135
2026-09-05 11:59:46,T,4027,212,3370662,2427,28.8,1021.9,56-614-135
2026-09-05 11:59:46,B,4783,466,3371210,5209,28.8,1021.9,56-614-135
2026-09-05 11:59:47,B,4784,393,3371822,5212,28.8,1021.9,56-614-135
2026-09-05 11:59:47,B,4785,123,3371937,5212,28.8,1021.9,56-614-135
2026-09-05 11:59:48,T,4028,87,3372785,2429,28.8,1021.9,56-614-135
2026-09-05 11:59:48,T,4029,438,3372920,2429,28.8,1021.9,56-614-135
2026-09-05 11:59:48,B,4786,290,3372920,5214,28.8,1021.9,56-614-135
2026-09-05 11:59:48,C,722,364,3372920,3821,28.8,1021.9,56-614-135
2026-09-05 11:59:48,T,4030,467,3372987,2429,28.8,1021.9,56-614-135
2026-09-05 11:59:48,B,4787,68,3373112,5214,28.8,1021.9,56-614-135
2026-09-05 11:59:49,T,4031,134,3373669,2430,28.8,1021.9,56-614-135
2026-09-05 11:59:49,B,4788,58,3373905,5216,28.8,1021.9,56-614-135
2026-09-05 11:59:49,T,4032,348,3373941,2430,28.8,1021.9,56-614-135
2026-09-05 11:59:49,B,4789,393,3373941,5216,28.8,1021.9,56-614-135
2026-09-05 11:59:49,C,723,371,3373941,3823,28.8,1021.9,56-614-135
2026-09-05 11:59:49,B,4790,59,3374345,5216,28.8,1021.9,56-614-135
2026-09-05 11:59:51,B,4791,287,3375826,5219,28.8,1021.9,56-614-135
2026-09-05 11:59:51,B,4792,516,3375831,5219,28.8,1021.9,56-614-135
2026-09-05 11:59:51,T,4033,55,3376155,2431,28.8,1021.9,56-614-135
2026-09-05 11:59:51,T,4034,467,3376282,2431,28.8,1021.9,56-614-135
2026-09-05 11:59:52,B,4793,132,3376651,5221,28.8,1021.9,56-614-135
2026-09-05 11:59:52,B,4794,124,3376691,5221,28.8,1021.9,56-614-135
2026-09-05 11:59:53,B,4795,496,3378288,5222,28.8,1021.8,56-614-135
2026-09-05 11:59:54,B,4796,90,3378889,5224,28.8,1021.8,56-614-135
2026-09-05 11:59:54,B,4797,262,3379302,5224,28.8,1021.8,56-614-135
2026-09-05 11:59:55,B,4798,431,3379559,5227,28.8,1021.8,56-614-135
2026-09-05 11:59:55,B,4799,72,3379834,5227,28.8,1021.8,56-614-135
2026-09-05 11:59:55,T,4035,209,3379981,2432,28.8,1021.8,56-614-135
2026-09-05 11:59:55,B,4800,94,3380181,5227,28.8,1021.8,56-614-135
2026-09-05 11:59:56,B,4801,80,3380877,5228,28.8,1021.8,56-614-135
2026-09-05 11:59:56,T,4036,61,3381250,2432,28.8,1021.8,56-614-135
2026-09-05 11:59:56,T,4037,52,3381352,2432,28.8,1021.8,56-614-135
2026-09-05 11:59:56,T,4038,318,3381402,2432,28.8,1021.8,56-614-135
2026-09-05 11:59:59,T,4039,108,3383622,2437,28.8,1021.8,56-614-135
2026-09-05 11:59:59,T,4040,127,3383684,2437,28.8,1021.8,56-614-135
2026-09-05 11:59:59,T,4041,281,3383870,2437,28.8,1021.8,56-614-135
2026-09-05 11:59:59,T,4042,524,3384020,2437,28.8,1021.8,56-614-135
2026-09-05 11:59:59,B,4802,502,3384020,5230,28.8,1021.8,56-614-135
2026-09-05 11:59:59,C,724,513,3384020,3833,28.8,1021.8,56-614-135
2026-09-05 11:59:59,T,4043,277,3384225,2437,28.8,1021.8,56-614-135
2026-09-05 11:59:59,T,4044,434,3384329,2437,28.8,1021.8,56-614-135
2026-09-05 12:00:01,B,4803,674,3385815,5231,28.8,1021.8,56-614-135
2026-09-05 12:00:02,T,4045,393,3387019,2437,28.8,1021.8,56-614-135
2026-09-05 12:00:02,B,4804,469,3387019,5233,28.8,1021.8,56-614-135
2026-09-05 12:00:02,C,725,431,3387019,3835,28.8,1021.8,56-614-135
2026-09-05 12:00:03,T,4046,218,3388132,2438,28.8,1021.9,56-614-135
2026-09-05 12:00:03,B,4805,496,3388132,5234,28.8,1021.9,56-614-135
2026-09-05 12:00:03,C,726,357,3388132,3836,28.8,1021.9,56-614-135
2026-09-05 12:00:04,T,4047,146,3388578,2439,28.8,1021.9,56-614-135
2026-09-05 12:00:04,B,4806,62,3388836,5237,28.8,1021.9,56-614-135
2026-09-05 12:00:04,B,4807,201,3388970,5237,28.8,1021.9,56-614-135
2026-09-05 12:00:04,B,4808,661,3389142,5237,28.8,1021.9,56-614-135
2026-09-05 12:00:04,T,4048,404,3389142,2439,28.8,1021.9,56-614-135
2026-09-05 12:00:05,T,4049,98,3389578,2441,28.8,1021.9,56-614-135
2026-09-05 12:00:05,T,4050,206,3389849,2441,28.8,1021.9,56-614-135
2026-09-05 12:00:05,T,4051,96,3390419,2441,28.8,1021.9,56-614-135
2026-09-05 12:00:06,T,4052,146,3391509,2441,28.8,1021.9,56-614-135
2026-09-05 12:00:07,T,4053,126,3391638,2442,28.8,1021.9,56-614-135
2026-09-05 12:00:07,T,4054,132,3391695,2442,28.8,1021.9,56-614-135
2026-09-05 12:00:08,T,4055,132,3392775,2442,28.8,1021.8,56-614-135
2026-09-05 12:00:09,B,4809,380,3394052,5239,28.8,1021.8,56-614-135
2026-09-05 12:00:09,T,4056,85,3394399,2443,28.8,1021.8,56-614-135
2026-09-05 12:00:10,B,4810,283,3395282,5240,28.8,1021.8,56-614-135
2026-09-05 12:00:11,B,4811,216,3396144,5243,28.8,1021.8,56-614-135
2026-09-05 12:00:11,B,4812,54,3396250,5243,28.8,1021.8,56-614-135
2026-09-05 12:00:11,B,4813,89,3396337,5243,28.8,1021.8,56-614-135
2026-09-05 12:00:12,B,4814,99,3397027,5246,28.8,1021.8,56-614-135
2026-09-05 12:00:12,T,4057,270,3397252,2443,28.8,1021.8,56-614-135
2026-09-05 12:00:12,B,4815,162,3397578,5246,28.8,1021.8,56-614-135
2026-09-05 12:00:12,B,4816,245,3397617,5246,28.8,1021.8,56-614-135
2026-09-05 12:00:13,T,4058,86,3397750,2444,28.8,1021.8,56-614-135
2026-09-05 12:00:13,B,4817,95,3398009,5246,28.8,1021.8,56-614-135
2026-09-05 12:00:13,T,4059,388,3398426,2444,28.8,1021.8,56-614-135
2026-09-05 12:00:14,T,4060,143,3399117,2446,28.8,1021.8,56-614-135
2026-09-05 12:00:14,T,4061,397,3399637,2446,28.8,1021.8,56-614-135
2026-09-05 12:00:15,B,4818,66,3400220,5249,28.8,1021.8,56-614-135
2026-09-05 12:00:15,B,4819,385,3400571,5249,28.8,1021.8,56-614-135
2026-09-05 12:00:15,B,4820,52,3400670,5249,28.8,1021.8,56-614-135
2026-09-05 12:00:16,B,4821,321,3400736,5250,28.8,1021.8,56-614-135
2026-09-05 12:00:16,T,4062,82,3401431,2446,28.8,1021.8,56-614-135
2026-09-05 12:00:16,T,4063,53,3401567,2446,28.8,1021.8,56-614-135
2026-09-05 12:00:17,T,4064,155,3401738,2448,28.8,1021.8,56-614-135
2026-09-05 12:00:17,B,4822,136,3401775,5252,28.8,1021.8,56-614-135
2026-09-05 12:00:17,T,4065,56,3402260,2448,28.8,1021.8,56-614-135
2026-09-05 12:00:17,T,4066,617,3402377,2448,28.8,1021.8,56-614-135
2026-09-05 12:00:17,B,4823,92,3402673,5252,28.8,1021.8,56-614-135
2026-09-05 12:00:18,T,4067,760,3402884,2450,28.8,1021.8,56-614-135
2026-09-05 12:00:18,B,4824,113,3403308,5253,28.8,1021.8,56-614-135
2026-09-05 12:00:18,T,4068,275,3403366,2450,28.8,1021.8,56-614-135
2026-09-05 12:00:19,B,4825,52,3404281,5255,28.8,1021.8,56-614-135
2026-09-05 12:00:19,B,4826,396,3404350,5255,28.8,1021.8,56-614-135
2026-09-05 12:00:20,T,4069,120,3404991,2451,28.8,1021.8,56-614-135
2026-09-05 12:00:20,B,4827,168,3405231,5257,28.8,1021.8,56-614-135
2026-09-05 12:00:20,T,4070,194,3405319,2451,28.8,1021.8,56-614-135
2026-09-05 12:00:20,T,4071,465,3405494,2451,28.8,1021.8,56-614-135
2026-09-05 12:00:20,B,4828,230,3405583,5257,28.8,1021.8,56-614-135
2026-09-05 12:00:21,B,4829,405,3406291,5259,28.8,1021.8,56-614-135
2026-09-05 12:00:22,B,4830,106,3406949,5261,28.8,1021.8,56-614-135
2026-09-05 12:00:22,T,4072,577,3407068,2452,28.8,1021.8,56-614-135
2026-09-05 12:00:22,B,4831,142,3407083,5261,28.8,1021.8,56-614-135
2026-09-05 12:00:22,B,4832,68,3407588,5261,28.8,1021.8,56-614-135
2026-09-05 12:00:23,B,4833,155,3407973,5265,28.8,1021.8,56-614-135
2026-09-05 12:00:23,B,4834,157,3408144,5265,28.8,1021.8,56-614-135
2026-09-05 12:00:23,T,4073,406,3408339,2453,28.8,1021.8,56-614-135
2026-09-05 12:00:23,T,4074,51,3408475,2453,28.8,1021.8,56-614-135
2026-09-05 12:00:23,B,4835,280,3408703,5265,28.8,1021.8,56-614-135
2026-09-05 12:00:24,T,4075,135,3409042,2454,28.8,1021.8,56-614-135
2026-09-05 12:00:24,T,4076,191,3409058,2454,28.8,1021.8,56-614-135
2026-09-05 12:00:25,B,4836,88,3409911,5267,28.8,1021.8,56-614-135
2026-09-05 12:00:25,T,4077,332,3410641,2455,28.8,1021.8,56-614-135
2026-09-05 12:00:25,B,4837,413,3410641,5267,28.8,1021.8,56-614-135
2026-09-05 12:00:25,C,727,373,3410641,3861,28.8,1021.8,56-614-135
2026-09-05 12:00:26,B,4838,208,3411254,5268,28.8,1021.8,56-614-135
2026-09-05 12:00:27,B,4839,107,3412160,5270,28.8,1021.8,56-614-135
2026-09-05 12:00:27,B,4840,308,3412704,5270,28.8,1021.8,56-614-135
2026-09-05 12:00:28,T,4078,403,3413431,2456,28.8,1021.8,56-614-135
2026-09-05 12:00:28,B,4841,508,3413431,5274,28.8,1021.8,56-614-135
2026-09-05 12:00:28,C,728,455,3413431,3865,28.8,1021.8,56-614-135
2026-09-05 12:00:28,B,4842,302,3413598,5274,28.8,1021.8,56-614-135
2026-09-05 12:00:28,B,4843,253,3413725,5274,28.8,1021.8,56-614-135
2026-09-05 12:00:29,B,4844,164,3414691,5275,28.8,1021.8,56-614-135
2026-09-05 12:00:30,T,4079,119,3414954,2458,28.8,1021.8,56-614-135
2026-09-05 12:00:30,T,4080,464,3415024,2458,28.8,1021.8,56-614-135
2026-09-05 12:00:30,B,4845,349,3415295,5277,28.8,1021.8,56-614-135
2026-09-05 12:00:30,T,4081,150,3415832,2458,28.8,1021.8,56-614-135
2026-09-05 12:00:30,T,4082,79,3415856,2458,28.8,1021.8,56-614-135
2026-09-05 12:00:31,T,4083,134,3416181,2459,28.8,1021.8,56-614-135
2026-09-05 12:00:31,B,4846,185,3416375,5278,28.8,1021.8,56-614-135
2026-09-05 12:00:31,B,4847,60,3416532,5278,28.8,1021.8,56-614-135
2026-09-05 12:00:31,T,4084,127,3416693,2459,28.8,1021.8,56-614-135
2026-09-05 12:00:33,T,4085,51,3418088,2459,28.8,1021.8,56-614-135
2026-09-05 12:00:33,B,4848,239,3418254,5280,28.8,1021.8,56-614-135
2026-09-05 12:00:33,B,4849,86,3418654,5280,28.8,1021.8,56-614-135
2026-09-05 12:00:34,B,4850,70,3419221,5282,28.8,1021.8,56-614-135
2026-09-05 12:00:34,B,4851,602,3419556,5282,28.8,1021.8,56-614-135
2026-09-05 12:00:35,T,4086,52,3420747,2459,28.8,1021.8,56-614-135
2026-09-05 12:00:36,B,4852,78,3421069,5283,28.8,1021.8,56-614-135
2026-09-05 12:00:37,B,4853,83,3421976,5286,28.8,1021.8,56-614-135
2026-09-05 12:00:37,B,4854,280,3422723,5286,28.8,1021.8,56-614-135
2026-09-05 12:00:37,B,4855,144,3422871,5286,28.8,1021.8,56-614-135
2026-09-05 12:00:38,T,4087,266,3423356,2460,28.8,1021.8,56-614-135
2026-09-05 12:00:38,B,4856,52,3423442,5288,28.8,1021.8,56-614-135
2026-09-05 12:00:38,B,4857,222,3423516,5288,28.8,1021.8,56-614-135
2026-09-05 12:00:39,B,4858,583,3424276,5290,28.8,1021.8,56-614-135
2026-09-05 12:00:39,T,4088,109,3424589,2462,28.8,1021.8,56-614-135
2026-09-05 12:00:39,T,4089,150,3424648,2462,28.8,1021.8,56-614-135
2026-09-05 12:00:39,T,4090,59,3424835,2462,28.8,1021.8,56-614-135
2026-09-05 12:00:39,B,4859,52,3424926,5290,28.8,1021.8,56-614-135
2026-09-05 12:00:39,T,4091,221,3424968,2462,28.8,1021.8,56-614-135
2026-09-05 12:00:40,B,4860,71,3424986,5291,28.8,1021.8,56-614-135
2026-09-05 12:00:40,T,4092,130,3425768,2462,28.8,1021.8,56-614-135
2026-09-05 12:00:41,T,4093,107,3426164,2462,28.8,1021.8,56-614-135
2026-09-05 12:00:41,B,4861,393,3426678,5292,28.8,1021.8,56-614-135
2026-09-05 12:00:42,B,4862,180,3427283,5293,28.8,1021.8,56-614-135
2026-09-05 12:00:42,T,4094,77,3427573,2463,28.8,1021.8,56-614-135
2026-09-05 12:00:42,T,4095,66,3427661,2463,28.8,1021.8,56-614-135
2026-09-05 12:00:43,T,4096,76,3428001,2463,28.8,1021.8,56-614-135
2026-09-05 12:00:44,T,4097,531,3428967,2464,28.8,1021.8,56-614-135
2026-09-05 12:00:44,B,4863,422,3428967,5295,28.8,1021.8,56-614-135
2026-09-05 12:00:44,C,729,476,3428967,3879,28.8,1021.8,56-614-135
2026-09-05 12:00:45,B,4864,317,3429080,5298,28.8,1021.8,56-614-135
2026-09-05 12:00:45,B,4865,71,3429200,5298,28.8,1021.8,56-614-135
2026-09-05 12:00:45,B,4866,120,3429428,5298,28.8,1021.8,56-614-135
2026-09-05 12:00:45,T,4098,141,3429704,2465,28.8,1021.8,56-614-135
2026-09-05 12:00:45,T,4099,110,3429797,2465,28.8,1021.8,56-614-135
2026-09-05 12:00:45,B,4867,57,3429812,5298,28.8,1021.8,56-614-135
2026-09-05 12:00:46,B,4868,94,3430213,5299,28.8,1021.8,56-614-135
2026-09-05 12:00:46,T,4100,109,3430714,2465,28.8,1021.8,56-614-135
2026-09-05 12:00:47,T,4101,396,3432052,2466,28.8,1021.8,56-614-135
2026-09-05 12:00:47,B,4869,572,3432052,5300,28.8,1021.8,56-614-135
2026-09-05 12:00:47,C,730,484,3432052,3883,28.8,1021.8,56-614-135
2026-09-05 12:00:47,T,4102,212,3432065,2466,28.8,1021.8,56-614-135
2026-09-05 12:00:48,T,4103,321,3432087,2468,28.8,1021.8,56-614-135
2026-09-05 12:00:48,B,4870,472,3432087,5304,28.8,1021.8,56-614-135
2026-09-05 12:00:48,C,731,397,3432087,3886,28.8,1021.8,56-614-135
2026-09-05 12:00:48,T,4104,146,3432382,2468,28.8,1021.8,56-614-135
2026-09-05 12:00:48,B,4871,124,3432526,5304,28.8,1021.8,56-614-135
2026-09-05 12:00:48,B,4872,594,3432793,5304,28.8,1021.8,56-614-135
2026-09-05 12:00:49,B,4873,319,3433914,5306,28.8,1021.8,56-614-135
2026-09-05 12:00:50,B,4874,110,3434427,5307,28.8,1021.8,56-614-135
2026-09-05 12:00:51,T,4105,143,3436025,2468,28.8,1021.8,56-614-135
2026-09-05 12:00:52,T,4106,575,3436238,2472,28.8,1021.8,56-614-135
2026-09-05 12:00:52,T,4107,377,3436285,2472,28.8,1021.8,56-614-135
2026-09-05 12:00:52,T,4108,549,3436531,2472,28.8,1021.8,56-614-135
2026-09-05 12:00:52,B,4875,378,3436531,5308,28.8,1021.8,56-614-135
2026-09-05 12:00:52,C,732,464,3436531,3890,28.8,1021.8,56-614-135
2026-09-05 12:00:52,T,4109,220,3436798,2472,28.8,1021.8,56-614-135
2026-09-05 12:00:53,T,4110,870,3437185,2474,28.8,1021.8,56-614-135
2026-09-05 12:00:53,T,4111,433,3437838,2474,28.8,1021.8,56-614-135
2026-09-05 12:00:53,B,4876,170,3437858,5309,28.8,1021.8,56-614-135
2026-09-05 12:00:54,T,4112,243,3438847,2474,28.8,1021.8,56-614-135
2026-09-05 12:00:54,B,4877,155,3438880,5311,28.8,1021.8,56-614-135
2026-09-05 12:00:54,B,4878,50,3438933,5311,28.8,1021.8,56-614-135
2026-09-05 12:00:55,T,4113,501,3439318,2476,28.8,1021.8,56-614-135
2026-09-05 12:00:55,T,4114,446,3439759,2476,28.8,1021.8,56-614-135
2026-09-05 12:00:56,T,4115,314,3440482,2478,28.8,1021.8,56-614-135
2026-09-05 12:00:56,T,4116,342,3440572,2478,28.8,1021.8,56-614-135
2026-09-05 12:00:56,B,4879,520,3441015,5312,28.8,1021.8,56-614-135
2026-09-05 12:00:57,B,4880,506,3441280,5315,28.8,1021.8,56-614-135
2026-09-05 12:00:57,B,4881,390,3441610,5315,28.8,1021.8,56-614-135
2026-09-05 12:00:58,T,4117,353,3442206,2479,28.8,1021.8,56-614-135
2026-09-05 12:00:58,B,4882,70,3442995,5316,28.8,1021.8,56-614-135
2026-09-05 12:00:59,T,4118,362,3443343,2480,28.8,1021.8,56-614-135
2026-09-05 12:00:59,B,4883,490,3443343,5320,28.8,1021.8,56-614-135
2026-09-05 12:00:59,C,733,426,3443343,3900,28.8,1021.8,56-614-135
2026-09-05 12:00:59,T,4119,148,3443511,2480,28.8,1021.8,56-614-135
2026-09-05 12:00:59,B,4884,539,3443919,5320,28.8,1021.8,56-614-135
2026-09-05 12:00:59,B,4885,101,3444098,5320,28.8,1021.8,56-614-135
2026-09-05 12:01:00,T,4120,68,3444303,2480,28.8,1021.8,56-614-135
2026-09-05 12:01:00,T,4121,72,3444790,2480,28.8,1021.8,56-614-135
2026-09-05 12:01:01,T,4122,493,3445328,2481,28.8,1021.8,56-614-135
2026-09-05 12:01:01,B,4886,92,3445379,5323,28.8,1021.8,56-614-135
2026-09-05 12:01:01,B,4887,728,3445448,5323,28.8,1021.8,56-614-135
2026-09-05 12:01:01,B,4888,58,3445694,5323,28.8,1021.8,56-614-135
2026-09-05 12:01:01,B,4889,53,3445959,5323,28.8,1021.8,56-614-135
2026-09-05 12:01:02,T,4123,100,3446423,2482,28.8,1021.8,56-614-135
2026-09-05 12:01:02,B,4890,274,3446766,5325,28.8,1021.8,56-614-135
2026-09-05 12:01:02,B,4891,110,3446973,5325,28.8,1021.8,56-614-135
2026-09-05 12:01:03,T,4124,136,3447274,2482,28.8,1021.8,56-614-135
2026-09-05 12:01:03,B,4892,97,3447334,5327,28.8,1021.8,56-614-135
2026-09-05 12:01:03,B,4893,99,3447952,5327,28.8,1021.8,56-614-135
2026-09-05 12:01:04,B,4894,510,3448331,5331,28.8,1021.8,56-614-135
2026-09-05 12:01:04,B,4895,91,3448608,5331,28.8,1021.8,56-614-135
2026-09-05 12:01:04,T,4125,253,3448710,2484,28.8,1021.8,56-614-135
2026-09-05 12:01:04,B,4896,556,3448801,5331,28.8,1021.8,56-614-135
2026-09-05 12:01:04,T,4126,597,3449033,2484,28.8,1021.8,56-614-135
2026-09-05 12:01:05,T,4127,203,3450127,2484,28.8,1021.8,56-614-135
2026-09-05 12:01:06,B,4897,176,3450686,5334,28.8,1021.8,56-614-135
2026-09-05 12:01:06,B,4898,141,3450830,5334,28.8,1021.8,56-614-135
2026-09-05 12:01:06,B,4899,138,3450980,5334,28.8,1021.8,56-614-135
2026-09-05 12:01:06,T,4128,669,3451108,2486,28.8,1021.8,56-614-135
2026-09-05 12:01:06,T,4129,217,3451239,2486,28.8,1021.8,56-614-135
2026-09-05 12:01:07,T,4130,387,3451855,2487,28.8,1021.8,56-614-135
2026-09-05 12:01:07,B,4900,644,3451855,5335,28.8,1021.8,56-614-135
2026-09-05 12:01:07,C,734,515,3451855,3911,28.8,1021.8,56-614-135
2026-09-05 12:01:09,T,4131,57,3453757,2488,28.8,1021.8,56-614-135
2026-09-05 12:01:09,B,4901,116,3454066,5338,28.8,1021.8,56-614-135
2026-09-05 12:01:09,T,4132,396,3454288,2488,28.8,1021.8,56-614-135
2026-09-05 12:01:09,B,4902,415,3454288,5338,28.8,1021.8,56-614-135
2026-09-05 12:01:09,C,735,406,3454288,3913,28.8,1021.8,56-614-135
2026-09-05 12:01:10,T,4133,118,3454560,2489,28.8,1021.8,56-614-135
2026-09-05 12:01:10,B,4903,249,3454576,5339,28.8,1021.8,56-614-135
2026-09-05 12:01:10,T,4134,270,3454607,2489,28.8,1021.8,56-614-135
2026-09-05 12:01:11,T,4135,93,3455623,2489,28.8,1021.8,56-614-135
2026-09-05 12:01:11,B,4904,775,3456147,5341,28.8,1021.8,56-614-135
2026-09-05 12:01:11,B,4905,62,3456268,5341,28.8,1021.8,56-614-135
2026-09-05 12:01:12,B,4906,135,3456449,5343,28.8,1021.8,56-614-135
2026-09-05 12:01:12,B,4907,122,3457070,5343,28.8,1021.8,56-614-135
2026-09-05 12:01:13,B,4908,118,3457755,5346,28.8,1021.8,56-614-135
2026-09-05 12:01:13,T,4136,716,3457768,2491,28.8,1021.8,56-614-135
2026-09-05 12:01:13,T,4137,183,3457818,2491,28.8,1021.8,56-614-135
2026-09-05 12:01:13,B,4909,119,3458270,5346,28.8,1021.8,56-614-135
2026-09-05 12:01:13,B,4910,172,3458346,5346,28.8,1021.8,56-614-135
2026-09-05 12:01:14,T,4138,258,3458629,2492,28.8,1021.8,56-614-135
2026-09-05 12:01:15,B,4911,444,3459668,5352,28.8,1021.8,56-614-135
2026-09-05 12:01:15,T,4139,398,3459931,2494,28.8,1021.8,56-614-135
2026-09-05 12:01:15,B,4912,546,3459931,5352,28.8,1021.8,56-614-135
2026-09-05 12:01:15,C,736,472,3459931,3923,28.8,1021.8,56-614-135
2026-09-05 12:01:15,B,4913,400,3460108,5352,28.8,1021.8,56-614-135
2026-09-05 12:01:15,T,4140,544,3460257,2494,28.8,1021.8,56-614-135
2026-09-05 12:01:15,B,4914,387,3460257,5352,28.8,1021.8,56-614-135
2026-09-05 12:01:15,C,737,465,3460257,3923,28.8,1021.8,56-614-135
2026-09-05 12:01:16,B,4915,131,3461148,5353,28.8,1021.8,56-614-135
2026-09-05 12:01:17,T,4141,567,3461808,2496,28.8,1021.8,56-614-135
2026-09-05 12:01:17,T,4142,369,3461940,2496,28.8,1021.8,56-614-135
2026-09-05 12:01:17,T,4143,59,3462316,2496,28.8,1021.8,56-614-135
2026-09-05 12:01:18,B,4916,272,3462593,5357,28.8,1021.8,56-614-135
2026-09-05 12:01:18,B,4917,649,3462798,5357,28.8,1021.8,56-614-135
2026-09-05 12:01:18,T,4144,566,3463291,2497,28.8,1021.8,56-614-135
2026-09-05 12:01:18,B,4918,750,3463291,5357,28.8,1021.8,56-614-135
2026-09-05 12:01:18,C,738,658,3463291,3927,28.8,1021.8,56-614-135
2026-09-05 12:01:19,B,4919,261,3463498,5359,28.8,1021.8,56-614-135
2026-09-05 12:01:19,T,4145,129,3463701,2497,28.8,1021.8,56-614-135
2026-09-05 12:01:19,T,4146,84,3464293,2497,28.8,1021.8,56-614-135
2026-09-05 12:01:19,B,4920,65,3464321,5359,28.8,1021.8,56-614-135
2026-09-05 12:01:20,T,4147,126,3465337,2498,28.8,1021.8,56-614-135
2026-09-05 12:01:21,B,4921,146,3466132,5360,28.8,1021.8,56-614-135
2026-09-05 12:01:21,T,4148,126,3466455,2498,28.8,1021.8,56-614-135
2026-09-05 12:01:22,T,4149,452,3466910,2499,28.8,1021.8,56-614-135
2026-09-05 12:01:22,B,4922,377,3466910,5362,28.8,1021.8,56-614-135
2026-09-05 12:01:22,C,739,414,3466910,3930,28.8,1021.8,56-614-135
2026-09-05 12:01:23,B,4923,54,3468025,5362,28.8,1021.8,56-614-135
2026-09-05 12:01:23,T,4150,100,3468075,2499,28.8,1021.8,56-614-135
2026-09-05 12:01:23,T,4151,63,3468188,2499,28.8,1021.8,56-614-135
2026-09-05 12:01:24,T,4152,126,3468681,2500,28.8,1021.8,56-614-135
2026-09-05 12:01:24,T,4153,147,3468938,2500,28.8,1021.8,56-614-135
2026-09-05 12:01:25,T,4154,116,3470289,2501,28.8,1021.8,56-614-135
2026-09-05 12:01:26,T,4155,487,3470966,2502,28.8,1021.8,56-614-135
2026-09-05 12:01:26,B,4924,385,3470966,5364,28.8,1021.8,56-614-135
2026-09-05 12:01:26,C,740,436,3470966,3933,28.8,1021.8,56-614-135
2026-09-05 12:01:26,B,4925,56,3471135,5364,28.8,1021.8,56-614-135
2026-09-05 12:01:27,T,4156,122,3471585,2502,28.8,1021.8,56-614-135
2026-09-05 12:01:28,T,4157,105,3473469,2502,28.8,1021.8,56-614-135
2026-09-05 12:01:29,T,4158,72,3473961,2503,28.8,1021.8,56-614-135
2026-09-05 12:01:29,B,4926,96,3474140,5365,28.8,1021.8,56-614-135
2026-09-05 12:01:30,B,4927,72,3474767,5366,28.8,1021.8,56-614-135
2026-09-05 12:01:30,T,4159,138,3475288,2503,28.8,1021.8,56-614-135
2026-09-05 12:01:32,T,4160,125,3476940,2504,28.8,1021.8,56-614-135
2026-09-05 12:01:32,T,4161,366,3477582,2504,28.8,1021.8,56-614-135
2026-09-05 12:01:33,B,4928,150,3478416,5367,28.8,1021.8,56-614-135
2026-09-05 12:01:34,B,4929,433,3478727,5368,28.8,1021.8,56-614-135
2026-09-05 12:01:35,T,4162,68,3480319,2504,28.8,1021.8,56-614-135
2026-09-05 12:01:35,B,4930,256,3480477,5369,28.8,1021.8,56-614-135
2026-09-05 12:01:36,B,4931,339,3480931,5373,28.8,1021.8,56-614-135
2026-09-05 12:01:36,B,4932,239,3480963,5373,28.8,1021.8,56-614-135
2026-09-05 12:01:36,B,4933,345,3481589,5373,28.8,1021.8,56-614-135
2026-09-05 12:01:37,B,4934,67,3481934,5374,28.8,1021.8,56-614-135
2026-09-05 12:01:37,T,4163,199,3482264,2505,28.8,1021.8,56-614-135
2026-09-05 12:01:37,T,4164,67,3482606,2505,28.8,1021.8,56-614-135
2026-09-05 12:01:38,B,4935,462,3483358,5375,28.8,1021.8,56-614-135
2026-09-05 12:01:38,T,4165,399,3483358,2506,28.8,1021.8,56-614-135
2026-09-05 12:01:39,T,4166,74,3484441,2506,28.8,1021.8,56-614-135
2026-09-05 12:01:40,T,4167,193,3484864,2508,28.8,1021.8,56-614-135
2026-09-05 12:01:40,T,4168,628,3485428,2508,28.8,1021.8,56-614-135
2026-09-05 12:01:40,B,4936,477,3485428,5377,28.8,1021.8,56-614-135
2026-09-05 12:01:40,C,741,552,3485428,3942,28.8,1021.8,56-614-135
2026-09-05 12:01:41,B,4937,98,3485722,5381,28.8,1021.8,56-614-135
2026-09-05 12:01:41,B,4938,277,3486303,5381,28.8,1021.8,56-614-135
2026-09-05 12:01:41,B,4939,84,3486446,5381,28.8,1021.8,56-614-135
2026-09-05 12:01:41,B,4940,503,3486514,5381,28.8,1021.8,56-614-135
2026-09-05 12:01:41,T,4169,308,3486546,2509,28.8,1021.8,56-614-135
2026-09-05 12:01:42,B,4941,507,3487674,5383,28.8,1021.8,56-614-135
2026-09-05 12:01:43,B,4942,407,3488670,5384,28.8,1021.8,56-614-135
2026-09-05 12:01:43,T,4170,362,3488670,2509,28.8,1021.8,56-614-135
2026-09-05 12:01:44,B,4943,448,3489405,5387,28.8,1021.8,56-614-135
2026-09-05 12:01:44,B,4944,449,3489459,5387,28.8,1021.8,56-614-135
2026-09-05 12:01:44,T,4171,329,3489459,2510,28.8,1021.8,56-614-135
2026-09-05 12:01:45,T,4172,418,3489764,2511,28.8,1021.8,56-614-135
2026-09-05 12:01:45,B,4945,102,3490121,5388,28.8,1021.8,56-614-135
2026-09-05 12:01:46,B,4946,112,3490941,5389,28.8,1021.8,56-614-135
2026-09-05 12:01:48,B,4947,106,3492798,5390,28.8,1021.8,56-614-135
2026-09-05 12:01:48,T,4173,192,3493133,2512,28.8,1021.8,56-614-135
2026-09-05 12:01:49,B,4948,577,3494314,5393,28.8,1021.8,56-614-135
2026-09-05 12:01:49,T,4174,267,3494395,2512,28.8,1021.8,56-614-135
2026-09-05 12:01:49,B,4949,233,3494623,5393,28.8,1021.8,56-614-135
2026-09-05 12:01:49,B,4950,72,3494686,5393,28.8,1021.8,56-614-135
2026-09-05 12:01:50,B,4951,120,3494970,5397,28.8,1021.8,56-614-135
2026-09-05 12:01:50,B,4952,121,3495069,5397,28.8,1021.8,56-614-135
2026-09-05 12:01:50,B,4953,264,3495431,5397,28.8,1021.8,56-614-135
2026-09-05 12:01:50,B,4954,91,3495546,5397,28.8,1021.8,56-614-135
2026-09-05 12:01:51,B,4955,211,3496543,5399,28.8,1021.8,56-614-135
2026-09-05 12:01:51,B,4956,109,3496791,5399,28.8,1021.8,56-614-135
2026-09-05 12:01:52,B,4957,207,3497009,5400,28.8,1021.8,56-614-135
2026-09-05 12:01:52,T,4175,456,3497572,2513,28.8,1021.8,56-614-135
2026-09-05 12:01:53,T,4176,405,3497925,2515,28.8,1021.8,56-614-135
2026-09-05 12:01:53,B,4958,775,3497925,5402,28.8,1021.8,56-614-135
2026-09-05 12:01:53,C,742,590,3497925,3958,28.8,1021.8,56-614-135
2026-09-05 12:01:53,T,4177,309,3498294,2515,28.8,1021.8,56-614-135
2026-09-05 12:01:54,T,4178,88,3498907,2515,28.8,1021.8,56-614-135
2026-09-05 12:01:54,B,4959,68,3498909,5403,28.8,1021.8,56-614-135
2026-09-05 12:01:54,B,4960,65,3498948,5403,28.8,1021.8,56-614-135
2026-09-05 12:01:55,T,4179,97,3499910,2516,28.8,1021.8,56-614-135
2026-09-05 12:01:55,T,4180,268,3500434,2516,28.8,1021.8,56-614-135
2026-09-05 12:01:56,T,4181,422,3500887,2518,28.8,1021.8,56-614-135
2026-09-05 12:01:56,B,4961,88,3500887,5405,28.8,1021.8,56-614-135
2026-09-05 12:01:56,C,743,86,3500887,3962,28.8,1021.8,56-614-135
2026-09-05 12:01:56,T,4182,512,3501020,2518,28.8,1021.8,56-614-135
2026-09-05 12:01:56,B,4962,498,3501020,5405,28.8,1021.8,56-614-135
2026-09-05 12:01:56,C,744,505,3501020,3962,28.8,1021.8,56-614-135
2026-09-05 12:01:57,B,4963,400,3502468,5408,28.8,1021.8,56-614-135
2026-09-05 12:01:57,B,4964,68,3502582,5408,28.8,1021.8,56-614-135
2026-09-05 12:01:58,B,4965,341,3503354,5410,28.8,1021.8,56-614-135
2026-09-05 12:01:58,B,4966,530,3503549,5410,28.8,1021.8,56-614-135
2026-09-05 12:01:58,T,4183,71,3503594,2518,28.8,1021.8,56-614-135
2026-09-05 12:01:59,B,4967,448,3504219,5413,28.8,1021.8,56-614-135
2026-09-05 12:01:59,B,4968,217,3504684,5413,28.8,1021.8,56-614-135
2026-09-05 12:02:00,B,4969,104,3504989,5418,28.8,1021.8,56-614-135
2026-09-05 12:02:00,T,4184,199,3505165,2519,28.8,1021.8,56-614-135
2026-09-05 12:02:00,B,4970,447,3505165,5418,28.8,1021.8,56-614-135
2026-09-05 12:02:00,C,745,323,3505165,3968,28.8,1021.8,56-614-135
2026-09-05 12:02:00,B,4971,523,3505672,5418,28.8,1021.8,56-614-135
2026-09-05 12:02:00,B,4972,160,3505784,5418,28.8,1021.8,56-614-135
2026-09-05 12:02:02,T,4185,74,3507442,2519,28.8,1021.8,56-614-135
2026-09-05 12:02:03,B,4973,315,3508161,5422,28.8,1021.8,56-614-135
2026-09-05 12:02:03,T,4186,97,3508294,2520,28.8,1021.8,56-614-135
2026-09-05 12:02:03,B,4974,86,3508751,5422,28.8,1021.8,56-614-135
2026-09-05 12:02:03,T,4187,541,3508797,2520,28.8,1021.8,56-614-135
2026-09-05 12:02:03,B,4975,515,3508797,5422,28.8,1021.8,56-614-135
2026-09-05 12:02:03,C,746,528,3508797,3971,28.8,1021.8,56-614-135
2026-09-05 12:02:04,T,4188,418,3509413,2521,28.8,1021.8,56-614-135
2026-09-05 12:02:05,B,4976,74,3510090,5427,28.8,1021.8,56-614-135
2026-09-05 12:02:05,B,4977,413,3510475,5427,28.8,1021.8,56-614-135
2026-09-05 12:02:05,T,4189,700,3510544,2523,28.8,1021.8,56-614-135
2026-09-05 12:02:05,T,4190,343,3510580,2523,28.8,1021.8,56-614-135
2026-09-05 12:02:05,B,4978,402,3510580,5427,28.8,1021.8,56-614-135
2026-09-05 12:02:05,C,747,372,3510580,3975,28.8,1021.8,56-614-135
2026-09-05 12:02:05,B,4979,604,3510731,5427,28.8,1021.8,56-614-135
2026-09-05 12:02:06,B,4980,221,3511021,5429,28.8,1021.8,56-614-135
2026-09-05 12:02:06,B,4981,91,3511481,5429,28.8,1021.8,56-614-135
2026-09-05 12:02:07,T,4191,217,3512505,2524,28.8,1021.8,56-614-135
2026-09-05 12:02:07,T,4192,110,3512531,2524,28.8,1021.8,56-614-135
2026-09-05 12:02:07,T,4193,94,3512794,2524,28.8,1021.8,56-614-135
2026-09-05 12:02:08,B,4982,123,3513799,5430,28.8,1021.8,56-614-135
2026-09-05 12:02:10,T,4194,440,3514262,2525,28.8,1021.9,56-614-135
2026-09-05 12:02:11,B,4983,74,3515561,5430,28.8,1021.9,56-614-135
2026-09-05 12:02:11,T,4195,87,3515686,2526,28.8,1021.9,56-614-135
2026-09-05 12:02:12,B,4984,310,3516876,5432,28.8,1021.9,56-614-135
2026-09-05 12:02:13,T,4196,380,3517168,2530,28.8,1021.9,56-614-135
2026-09-05 12:02:13,T,4197,289,3517216,2530,28.8,1021.9,56-614-135
2026-09-05 12:02:13,T,4198,318,3517262,2530,28.8,1021.9,56-614-135
2026-09-05 12:02:13,T,4199,146,3517288,2530,28.8,1021.9,56-614-135
2026-09-05 12:02:13,T,4200,447,3517415,2530,28.8,1021.9,56-614-135
2026-09-05 12:02:13,B,4985,63,3517415,5435,28.8,1021.9,56-614-135
2026-09-05 12:02:13,C,748,255,3517415,3983,28.8,1021.9,56-614-135
2026-09-05 12:02:13,T,4201,362,3517647,2530,28.8,1021.9,56-614-135
2026-09-05 12:02:13,B,4986,337,3517647,5435,28.8,1021.9,56-614-135
2026-09-05 12:02:13,C,749,349,3517647,3983,28.8,1021.9,56-614-135
2026-09-05 12:02:13,B,4987,324,3517702,5435,28.8,1021.9,56-614-135
2026-09-05 12:02:14,B,4988,87,3518258,5437,28.8,1021.9,56-614-135
2026-09-05 12:02:14,T,4202,427,3518330,2531,28.8,1021.9,56-614-135
2026-09-05 12:02:14,B,4989,251,3518735,5437,28.8,1021.9,56-614-135
2026-09-05 12:02:16,T,4203,114,3520691,2532,28.8,1021.9,56-614-135
2026-09-05 12:02:16,B,4990,70,3520896,5438,28.8,1021.9,56-614-135
2026-09-05 12:02:17,T,4204,255,3521500,2532,28.8,1021.9,56-614-135
2026-09-05 12:02:18,T,4205,70,3522259,2532,28.8,1021.9,56-614-135
2026-09-05 12:02:19,B,4991,59,3523210,5442,28.8,1021.9,56-614-135
2026-09-05 12:02:19,B,4992,164,3523473,5442,28.8,1021.9,56-614-135
2026-09-05 12:02:19,B,4993,167,3523531,5442,28.8,1021.9,56-614-135
2026-09-05 12:02:19,B,4994,67,3523614,5442,28.8,1021.9,56-614-135
2026-09-05 12:02:19,B,4995,211,3523839,5442,28.8,1021.9,56-614-135
2026-09-05 12:02:19,T,4206,140,3523867,2533,28.8,1021.9,56-614-135
2026-09-05 12:02:20,B,4996,123,3524843,5443,28.8,1021.8,56-614-135
2026-09-05 12:02:21,T,4207,300,3525508,2535,28.8,1021.8,56-614-135
2026-09-05 12:02:21,B,4997,245,3525619,5447,28.8,1021.8,56-614-135
2026-09-05 12:02:21,B,4998,482,3525781,5447,28.8,1021.8,56-614-135
2026-09-05 12:02:21,T,4208,399,3525956,2535,28.8,1021.8,56-614-135
2026-09-05 12:02:21,B,4999,265,3525956,5447,28.8,1021.8,56-614-135
2026-09-05 12:02:21,C,750,332,3525956,3991,28.8,1021.8,56-614-135
2026-09-05 12:02:22,T,4209,332,3526458,2536,28.8,1021.8,56-614-135
2026-09-05 12:02:22,B,5000,75,3526860,5448,28.8,1021.8,56-614-135
2026-09-05 12:02:22,T,4210,68,3527081,2536,28.8,1021.8,56-614-135
2026-09-05 12:02:22,T,4211,69,3527117,2536,28.8,1021.8,56-614-135
2026-09-05 12:02:23,B,5001,232,3527409,5449,28.8,1021.8,56-614-135
2026-09-05 12:02:23,T,4212,190,3527916,2536,28.8,1021.8,56-614-135
2026-09-05 12:02:24,T,4213,201,3528413,2538,28.8,1021.8,56-614-135
2026-09-05 12:02:24,T,4214,353,3528559,2538,28.8,1021.8,56-614-135
2026-09-05 12:02:24,B,5002,293,3529188,5450,28.8,1021.8,56-614-135
2026-09-05 12:02:25,T,4215,448,3529944,2539,28.8,1021.8,56-614-135
2026-09-05 12:02:25,B,5003,88,3530187,5451,28.8,1021.8,56-614-135
2026-09-05 12:02:26,T,4216,60,3530256,2539,28.8,1021.8,56-614-135
2026-09-05 12:02:26,T,4217,79,3530324,2539,28.8,1021.8,56-614-135
2026-09-05 12:02:26,B,5004,189,3530670,5452,28.8,1021.8,56-614-135
2026-09-05 12:02:27,B,5005,466,3531419,5455,28.8,1021.8,56-614-135
2026-09-05 12:02:27,T,4218,425,3532020,2540,28.8,1021.8,56-614-135
2026-09-05 12:02:27,B,5006,456,3532020,5455,28.8,1021.8,56-614-135
2026-09-05 12:02:27,C,751,440,3532020,3997,28.8,1021.8,56-614-135
2026-09-05 12:02:28,B,5007,217,3532280,5456,28.8,1021.8,56-614-135
2026-09-05 12:02:29,T,4219,54,3533497,2541,28.8,1021.8,56-614-135
2026-09-05 12:02:29,T,4220,564,3533759,2541,28.8,1021.8,56-614-135
2026-09-05 12:02:29,B,5008,498,3533759,5459,28.8,1021.8,56-614-135
2026-09-05 12:02:29,C,752,531,3533759,4000,28.8,1021.8,56-614-135
2026-09-05 12:02:29,T,4221,96,3533895,2541,28.8,1021.8,56-614-135
2026-09-05 12:02:29,B,5009,287,3534090,5459,28.8,1021.8,56-614-135
2026-09-05 12:02:30,B,5010,50,3534309,5464,28.8,1021.8,56-614-135
2026-09-05 12:02:30,T,4222,282,3534508,2545,28.8,1021.8,56-614-135
2026-09-05 12:02:30,B,5011,701,3534552,5464,28.8,1021.8,56-614-135
2026-09-05 12:02:30,T,4223,154,3534611,2545,28.8,1021.8,56-614-135
2026-09-05 12:02:30,B,5012,406,3534611,5464,28.8,1021.8,56-614-135
2026-09-05 12:02:30,C,753,243,3534611,4005,28.8,1021.8,56-614-135
2026-09-05 12:02:30,T,4224,420,3534654,2545,28.8,1021.8,56-614-135
2026-09-05 12:02:30,B,5013,430,3534967,5464,28.8,1021.8,56-614-135
2026-09-05 12:02:30,T,4225,389,3534967,2545,28.8,1021.8,56-614-135
2026-09-05 12:02:31,B,5014,516,3535431,5467,28.8,1021.8,56-614-135
2026-09-05 12:02:31,B,5015,301,3535721,5467,28.8,1021.8,56-614-135
2026-09-05 12:02:31,T,4226,378,3535964,2546,28.8,1021.8,56-614-135
2026-09-05 12:02:32,B,5016,125,3536845,5469,28.8,1021.8,56-614-135
2026-09-05 12:02:32,T,4227,380,3537089,2548,28.8,1021.8,56-614-135
2026-09-05 12:02:32,B,5017,516,3537089,5469,28.8,1021.8,56-614-135
2026-09-05 12:02:32,C,754,448,3537089,4008,28.8,1021.8,56-614-135
2026-09-05 12:02:32,T,4228,298,3537130,2548,28.8,1021.8,56-614-135
2026-09-05 12:02:33,T,4229,146,3538042,2549,28.8,1021.8,56-614-135
2026-09-05 12:02:33,T,4230,461,3538200,2549,28.8,1021.8,56-614-135
2026-09-05 12:02:33,B,5018,485,3538200,5471,28.8,1021.8,56-614-135
2026-09-05 12:02:33,C,755,473,3538200,4010,28.8,1021.8,56-614-135
2026-09-05 12:02:34,B,5019,71,3538965,5471,28.8,1021.8,56-614-135
2026-09-05 12:02:34,T,4231,93,3539094,2549,28.8,1021.8,56-614-135
2026-09-05 12:02:35,T,4232,330,3539660,2550,28.8,1021.8,56-614-135
2026-09-05 12:02:35,T,4233,61,3539867,2550,28.8,1021.8,56-614-135
2026-09-05 12:02:36,B,5020,384,3540508,5474,28.8,1021.8,56-614-135
2026-09-05 12:02:36,T,4234,342,3540657,2551,28.8,1021.8,56-614-135
2026-09-05 12:02:36,B,5021,505,3540657,5474,28.8,1021.8,56-614-135
2026-09-05 12:02:36,C,756,424,3540657,4013,28.8,1021.8,56-614-135
2026-09-05 12:02:37,B,5022,85,3541460,5477,28.8,1021.8,56-614-135
2026-09-05 12:02:37,T,4235,220,3541686,2552,28.8,1021.8,56-614-135
2026-09-05 12:02:37,B,5023,368,3541960,5477,28.8,1021.8,56-614-135
2026-09-05 12:02:37,B,5024,141,3542220,5477,28.8,1021.8,56-614-135
2026-09-05 12:02:38,B,5025,195,3542691,5483,28.8,1021.8,56-614-135
2026-09-05 12:02:38,B,5026,151,3542810,5483,28.8,1021.8,56-614-135
2026-09-05 12:02:38,T,4236,604,3542879,2554,28.8,1021.8,56-614-135
2026-09-05 12:02:38,B,5027,490,3542879,5483,28.8,1021.8,56-614-135
2026-09-05 12:02:38,C,757,547,3542879,4018,28.8,1021.8,56-614-135
2026-09-05 12:02:38,T,4237,112,3543066,2554,28.8,1021.8,56-614-135
2026-09-05 12:02:38,B,5028,55,3543246,5483,28.8,1021.8,56-614-135
2026-09-05 12:02:38,T,4238,352,3543308,2554,28.8,1021.8,56-614-135
2026-09-05 12:02:38,B,5029,384,3543308,5483,28.8,1021.8,56-614-135
2026-09-05 12:02:38,C,758,368,3543308,4018,28.8,1021.8,56-614-135
2026-09-05 12:02:39,B,5030,160,3543992,5486,28.8,1021.8,56-614-135
2026-09-05 12:02:39,T,4239,168,3544123,2554,28.8,1021.8,56-614-135
2026-09-05 12:02:39,B,5031,553,3544123,5486,28.8,1021.8,56-614-135
2026-09-05 12:02:39,C,759,360,3544123,4020,28.8,1021.8,56-614-135
2026-09-05 12:02:40,T,4240,216,3544639,2556,28.8,1021.8,56-614-135
2026-09-05 12:02:40,T,4241,226,3544728,2556,28.8,1021.8,56-614-135
2026-09-05 12:02:41,T,4242,270,3545596,2558,28.8,1021.8,56-614-135
2026-09-05 12:02:41,T,4243,364,3545667,2558,28.8,1021.8,56-614-135
2026-09-05 12:02:41,B,5032,573,3545667,5490,28.8,1021.8,56-614-135
2026-09-05 12:02:41,C,760,468,3545667,4024,28.8,1021.8,56-614-135
2026-09-05 12:02:41,T,4244,199,3545695,2558,28.8,1021.8,56-614-135
2026-09-05 12:02:41,B,5033,397,3546040,5490,28.8,1021.8,56-614-135
2026-09-05 12:02:41,B,5034,100,3546071,5490,28.8,1021.8,56-614-135
2026-09-05 12:02:42,B,5035,74,3546624,5492,28.8,1021.8,56-614-135
2026-09-05 12:02:42,B,5036,555,3546640,5492,28.8,1021.8,56-614-135
2026-09-05 12:02:42,T,4245,105,3546925,2558,28.8,1021.8,56-614-135
2026-09-05 12:02:43,T,4246,99,3547916,2558,28.8,1021.8,56-614-135
2026-09-05 12:02:43,B,5037,280,3548091,5493,28.8,1021.8,56-614-135
2026-09-05 12:02:45,T,4247,364,3549737,2560,28.8,1021.8,56-614-135
2026-09-05 12:02:45,B,5038,562,3549999,5496,28.8,1021.8,56-614-135
2026-09-05 12:02:45,T,4248,382,3549999,2560,28.8,1021.8,56-614-135
2026-09-05 12:02:45,B,5039,380,3550294,5496,28.8,1021.8,56-614-135
2026-09-05 12:02:47,T,4249,51,3552133,2560,28.8,1021.8,56-614-135
2026-09-05 12:02:47,B,5040,76,3552453,5497,28.8,1021.8,56-614-135
2026-09-05 12:02:48,T,4250,96,3552553,2562,28.8,1021.8,56-614-135
2026-09-05 12:02:48,T,4251,419,3552644,2562,28.8,1021.8,56-614-135
2026-09-05 12:02:48,B,5041,479,3552644,5499,28.8,1021.8,56-614-135
2026-09-05 12:02:48,C,761,449,3552644,4031,28.8,1021.8,56-614-135
2026-09-05 12:02:48,B,5042,76,3552679,5499,28.8,1021.8,56-614-135
2026-09-05 12:02:48,T,4252,390,3553053,2562,28.8,1021.8,56-614-135
2026-09-05 12:02:49,T,4253,434,3553908,2563,28.8,1021.8,56-614-135
2026-09-05 12:02:49,B,5043,314,3553967,5502,28.8,1021.8,56-614-135
2026-09-05 12:02:49,B,5044,234,3554339,5502,28.8,1021.8,56-614-135
2026-09-05 12:02:50,B,5045,57,3554620,5503,28.8,1021.8,56-614-135
2026-09-05 12:02:50,T,4254,514,3555077,2564,28.8,1021.8,56-614-135
2026-09-05 12:02:50,B,5046,121,3555444,5503,28.8,1021.8,56-614-135
2026-09-05 12:02:51,T,4255,287,3555775,2568,28.8,1021.8,56-614-135
2026-09-05 12:02:51,T,4256,421,3555804,2568,28.8,1021.8,56-614-135
2026-09-05 12:02:51,B,5047,526,3555804,5508,28.8,1021.8,56-614-135
2026-09-05 12:02:51,C,762,474,3555804,4038,28.8,1021.8,56-614-135
2026-09-05 12:02:51,T,4257,441,3555993,2568,28.8,1021.8,56-614-135
2026-09-05 12:02:51,T,4258,410,3556130,2568,28.8,1021.8,56-614-135
2026-09-05 12:02:51,B,5048,484,3556130,5508,28.8,1021.8,56-614-135
2026-09-05 12:02:51,C,763,447,3556130,4038,28.8,1021.8,56-614-135
2026-09-05 12:02:51,B,5049,745,3556443,5508,28.8,1021.8,56-614-135
2026-09-05 12:02:52,B,5050,318,3556756,5511,28.8,1021.8,56-614-135
2026-09-05 12:02:52,B,5051,623,3556775,5511,28.8,1021.8,56-614-135
2026-09-05 12:02:52,T,4259,307,3557132,2569,28.8,1021.8,56-614-135
2026-09-05 12:02:52,T,4260,287,3557328,2569,28.8,1021.8,56-614-135
2026-09-05 12:02:53,B,5052,52,3557638,5511,28.8,1021.8,56-614-135
2026-09-05 12:02:53,T,4261,78,3557788,2569,28.8,1021.8,56-614-135
2026-09-05 12:02:53,T,4262,76,3558314,2569,28.8,1021.8,56-614-135
2026-09-05 12:02:54,B,5053,183,3559020,5515,28.8,1021.8,56-614-135
2026-09-05 12:02:54,B,5054,376,3559395,5515,28.8,1021.8,56-614-135
2026-09-05 12:02:54,T,4263,507,3559497,2570,28.8,1021.8,56-614-135
2026-09-05 12:02:54,B,5055,542,3559497,5515,28.8,1021.8,56-614-135
2026-09-05 12:02:54,C,764,525,3559497,4043,28.8,1021.8,56-614-135
2026-09-05 12:02:55,T,4264,90,3559608,2571,28.8,1021.8,56-614-135
2026-09-05 12:02:55,B,5056,78,3559879,5517,28.8,1021.8,56-614-135
2026-09-05 12:02:55,B,5057,78,3560396,5517,28.8,1021.8,56-614-135
2026-09-05 12:02:56,T,4265,218,3561017,2572,28.8,1021.8,56-614-135
2026-09-05 12:02:56,T,4266,106,3561207,2572,28.8,1021.8,56-614-135
2026-09-05 12:02:56,B,5058,480,3561446,5518,28.8,1021.8,56-614-135
2026-09-05 12:02:58,B,5059,82,3562827,5521,28.8,1021.8,56-614-135
2026-09-05 12:02:58,T,4267,148,3562922,2572,28.8,1021.8,56-614-135
2026-09-05 12:02:58,B,5060,78,3563446,5521,28.8,1021.8,56-614-135
2026-09-05 12:02:58,B,5061,222,3563493,5521,28.8,1021.8,56-614-135
2026-09-05 12:02:59,T,4268,71,3563770,2572,28.8,1021.8,56-614-135
2026-09-05 12:03:00,T,4269,289,3565539,2573,28.8,1021.8,56-614-135
2026-09-05 12:03:00,B,5062,583,3565539,5522,28.8,1021.8,56-614-135
2026-09-05 12:03:00,C,765,436,3565539,4048,28.8,1021.8,56-614-135
2026-09-05 12:03:01,B,5063,512,3566047,5524,28.8,1021.8,56-614-135
2026-09-05 12:03:01,T,4270,486,3566580,2574,28.8,1021.8,56-614-135
2026-09-05 12:03:02,B,5064,68,3567632,5525,28.8,1021.8,56-614-135
2026-09-05 12:03:03,T,4271,66,3568237,2575,28.8,1021.8,56-614-135
2026-09-05 12:03:03,T,4272,758,3568394,2575,28.8,1021.8,56-614-135
2026-09-05 12:03:03,B,5065,565,3568394,5526,28.8,1021.8,56-614-135
2026-09-05 12:03:03,C,766,661,3568394,4051,28.8,1021.8,56-614-135
2026-09-05 12:03:04,T,4273,166,3568949,2576,28.8,1021.8,56-614-135
2026-09-05 12:03:04,T,4274,85,3569101,2576,28.8,1021.8,56-614-135
2026-09-05 12:03:04,B,5066,51,3569154,5527,28.8,1021.8,56-614-135
2026-09-05 12:03:05,T,4275,388,3569691,2577,28.9,1021.8,56-614-135
2026-09-05 12:03:05,B,5067,314,3569773,5529,28.9,1021.8,56-614-135
2026-09-05 12:03:05,B,5068,208,3570120,5529,28.9,1021.8,56-614-135
2026-09-05 12:03:06,B,5069,90,3571572,5530,28.9,1021.8,56-614-135
2026-09-05 12:03:07,T,4276,405,3571751,2578,28.9,1021.8,56-614-135
2026-09-05 12:03:07,B,5070,393,3571751,5531,28.9,1021.8,56-614-135
2026-09-05 12:03:07,C,767,399,3571751,4055,28.9,1021.8,56-614-135
2026-09-05 12:03:07,T,4277,65,3572462,2578,28.9,1021.8,56-614-135
2026-09-05 12:03:08,T,4278,343,3573171,2579,28.9,1021.8,56-614-135
2026-09-05 12:03:08,B,5071,572,3573171,5534,28.9,1021.8,56-614-135
2026-09-05 12:03:08,C,768,457,3573171,4056,28.9,1021.8,56-614-135
2026-09-05 12:03:08,B,5072,62,3573369,5534,28.9,1021.8,56-614-135
2026-09-05 12:03:09,B,5073,112,3574339,5536,28.9,1021.8,56-614-135
2026-09-05 12:03:09,B,5074,269,3574492,5536,28.9,1021.8,56-614-135
2026-09-05 12:03:10,T,4279,143,3574771,2579,28.9,1021.8,56-614-135
2026-09-05 12:03:10,B,5075,496,3574933,5537,28.9,1021.8,56-614-135
2026-09-05 12:03:11,B,5076,337,3575888,5541,28.9,1021.8,56-614-135
2026-09-05 12:03:11,T,4280,374,3576202,2580,28.9,1021.8,56-614-135
2026-09-05 12:03:11,B,5077,518,3576703,5541,28.9,1021.8,56-614-135
2026-09-05 12:03:11,B,5078,408,3576715,5541,28.9,1021.8,56-614-135
2026-09-05 12:03:12,T,4281,444,3576917,2582,28.9,1021.8,56-614-135
2026-09-05 12:03:12,B,5079,112,3576917,5542,28.9,1021.8,56-614-135
2026-09-05 12:03:12,C,769,100,3576917,4062,28.9,1021.8,56-614-135
2026-09-05 12:03:12,T,4282,236,3577078,2582,28.9,1021.8,56-614-135
2026-09-05 12:03:13,T,4283,125,3578390,2583,28.9,1021.8,56-614-135
2026-09-05 12:03:13,T,4284,94,3578464,2583,28.9,1021.8,56-614-135
2026-09-05 12:03:13,T,4285,491,3578550,2583,28.9,1021.8,56-614-135
2026-09-05 12:03:13,B,5080,414,3578550,5544,28.9,1021.8,56-614-135
2026-09-05 12:03:13,C,770,453,3578550,4064,28.9,1021.8,56-614-135
2026-09-05 12:03:15,T,4286,447,3579930,2584,28.9,1021.8,56-614-135
2026-09-05 12:03:15,B,5081,259,3580186,5546,28.9,1021.8,56-614-135
2026-09-05 12:03:15,B,5082,108,3580200,5546,28.9,1021.8,56-614-135
2026-09-05 12:03:16,T,4287,502,3580839,2586,28.9,1021.8,56-614-135
2026-09-05 12:03:16,B,5083,148,3580839,5550,28.9,1021.8,56-614-135
2026-09-05 12:03:16,C,771,325,3580839,4068,28.9,1021.8,56-614-135
2026-09-05 12:03:16,B,5084,91,3580948,5550,28.9,1021.8,56-614-135
2026-09-05 12:03:16,T,4288,98,3581043,2586,28.9,1021.8,56-614-135
2026-09-05 12:03:16,B,5085,245,3581248,5550,28.9,1021.8,56-614-135
2026-09-05 12:03:16,B,5086,77,3581320,5550,28.9,1021.8,56-614-135
2026-09-05 12:03:16,T,4289,190,3581357,2586,28.9,1021.8,56-614-135
2026-09-05 12:03:16,B,5087,111,3581477,5550,28.9,1021.8,56-614-135
2026-09-05 12:03:17,T,4290,368,3582552,2587,28.9,1021.8,56-614-135
2026-09-05 12:03:17,B,5088,390,3582552,5552,28.9,1021.8,56-614-135
2026-09-05 12:03:17,C,772,379,3582552,4069,28.9,1021.8,56-614-135
2026-09-05 12:03:18,B,5089,391,3582848,5554,28.9,1021.8,56-614-135
2026-09-05 12:03:18,T,4291,85,3583003,2589,28.9,1021.8,56-614-135
2026-09-05 12:03:18,B,5090,191,3583130,5554,28.9,1021.8,56-614-135
2026-09-05 12:03:18,T,4292,213,3583498,2589,28.9,1021.8,56-614-135
2026-09-05 12:03:18,T,4293,718,3583537,2589,28.9,1021.8,56-614-135
2026-09-05 12:03:19,T,4294,344,3584122,2592,28.9,1021.8,56-614-135
2026-09-05 12:03:19,T,4295,103,3584425,2592,28.9,1021.8,56-614-135
2026-09-05 12:03:19,T,4296,480,3584491,2592,28.9,1021.8,56-614-135
2026-09-05 12:03:19,T,4297,392,3584837,2592,28.9,1021.8,56-614-135
2026-09-05 12:03:19,B,5091,423,3584837,5556,28.9,1021.8,56-614-135
2026-09-05 12:03:19,C,773,407,3584837,4074,28.9,1021.8,56-614-135
2026-09-05 12:03:20,B,5092,285,3584877,5560,28.8,1021.8,56-614-135
2026-09-05 12:03:20,T,4298,696,3584919,2593,28.8,1021.8,56-614-135
2026-09-05 12:03:20,B,5093,178,3585633,5560,28.8,1021.8,56-614-135
2026-09-05 12:03:20,B,5094,247,3585819,5560,28.8,1021.8,56-614-135
2026-09-05 12:03:20,B,5095,129,3585853,5560,28.8,1021.8,56-614-135
2026-09-05 12:03:21,T,4299,329,3586469,2595,28.8,1021.8,56-614-135
2026-09-05 12:03:21,T,4300,497,3586642,2595,28.8,1021.8,56-614-135
2026-09-05 12:03:21,B,5096,528,3586642,5562,28.8,1021.8,56-614-135
2026-09-05 12:03:21,C,774,513,3586642,4078,28.8,1021.8,56-614-135
2026-09-05 12:03:22,B,5097,149,3587001,5564,28.8,1021.8,56-614-135
2026-09-05 12:03:22,B,5098,57,3587530,5564,28.8,1021.8,56-614-135
2026-09-05 12:03:23,B,5099,107,3588021,5565,28.8,1021.8,56-614-135
2026-09-05 12:03:23,T,4301,405,3588064,2596,28.8,1021.8,56-614-135
2026-09-05 12:03:23,B,5100,102,3588191,5565,28.8,1021.8,56-614-135
2026-09-05 12:03:23,T,4302,84,3588580,2596,28.8,1021.8,56-614-135
2026-09-05 12:03:24,T,4303,123,3589704,2597,28.8,1021.8,56-614-135
2026-09-05 12:03:24,T,4304,320,3589850,2597,28.8,1021.8,56-614-135
2026-09-05 12:03:25,T,4305,455,3589971,2600,28.9,1021.8,56-614-135
2026-09-05 12:03:25,B,5101,480,3589971,5570,28.9,1021.8,56-614-135
2026-09-05 12:03:25,C,775,468,3589971,4085,28.9,1021.8,56-614-135
2026-09-05 12:03:25,T,4306,60,3590163,2600,28.9,1021.8,56-614-135
2026-09-05 12:03:25,B,5102,452,3590211,5570,28.9,1021.8,56-614-135
2026-09-05 12:03:25,T,4307,224,3590264,2600,28.9,1021.8,56-614-135
2026-09-05 12:03:25,T,4308,472,3590441,2600,28.9,1021.8,56-614-135
2026-09-05 12:03:25,B,5103,684,3590441,5570,28.9,1021.8,56-614-135
2026-09-05 12:03:25,C,776,578,3590441,4085,28.9,1021.8,56-614-135
2026-09-05 12:03:26,B,5104,86,3591016,5575,28.9,1021.8,56-614-135
2026-09-05 12:03:26,B,5105,253,3591049,5575,28.9,1021.8,56-614-135
2026-09-05 12:03:26,B,5106,540,3591260,5575,28.9,1021.8,56-614-135
2026-09-05 12:03:26,B,5107,268,3591577,5575,28.9,1021.8,56-614-135
2026-09-05 12:03:28,B,5108,84,3593557,5576,28.9,1021.8,56-614-135
2026-09-05 12:03:28,B,5109,188,3593924,5576,28.9,1021.8,56-614-135
2026-09-05 12:03:29,B,5110,95,3593991,5580,28.9,1021.8,56-614-135
2026-09-05 12:03:29,T,4309,420,3594364,2601,28.9,1021.8,56-614-135
2026-09-05 12:03:29,B,5111,264,3594785,5580,28.9,1021.8,56-614-135
2026-09-05 12:03:29,B,5112,598,3594974,5580,28.9,1021.8,56-614-135
2026-09-05 12:03:30,T,4310,508,3595427,2602,28.9,1021.8,56-614-135
2026-09-05 12:03:30,T,4311,164,3595512,2602,28.9,1021.8,56-614-135
2026-09-05 12:03:32,B,5113,258,3596103,5582,28.9,1021.8,56-614-135
2026-09-05 12:03:32,T,4312,88,3596219,2603,28.9,1021.8,56-614-135
2026-09-05 12:03:32,T,4313,157,3596494,2603,28.9,1021.8,56-614-135
2026-09-05 12:03:32,B,5114,120,3596751,5582,28.9,1021.8,56-614-135
2026-09-05 12:03:33,B,5115,71,3597096,5587,28.9,1021.8,56-614-135
2026-09-05 12:03:33,B,5116,68,3597346,5587,28.9,1021.8,56-614-135
2026-09-05 12:03:33,B,5117,73,3597434,5587,28.9,1021.8,56-614-135
2026-09-05 12:03:33,B,5118,414,3597722,5587,28.9,1021.8,56-614-135
2026-09-05 12:03:33,T,4314,364,3597790,2604,28.9,1021.8,56-614-135
2026-09-05 12:03:33,B,5119,486,3597790,5587,28.9,1021.8,56-614-135
2026-09-05 12:03:33,C,777,425,3597790,4096,28.9,1021.8,56-614-135
2026-09-05 12:03:33,T,4315,197,3597826,2604,28.9,1021.8,56-614-135
2026-09-05 12:03:34,T,4316,74,3598104,2605,28.9,1021.8,56-614-135
2026-09-05 12:03:34,B,5120,68,3598412,5589,28.9,1021.8,56-614-135
2026-09-05 12:03:34,B,5121,89,3598553,5589,28.9,1021.8,56-614-135
2026-09-05 12:03:35,B,5122,129,3599673,5590,28.9,1021.8,56-614-135
2026-09-05 12:03:35,B,5123,63,3599993,5590,28.9,1021.8,56-614-135
2026-09-05 12:03:36,T,4317,503,3600163,2607,28.9,1021.8,56-614-135
2026-09-05 12:03:36,T,4318,326,3600186,2607,28.9,1021.8,56-614-135
2026-09-05 12:03:36,T,4319,413,3600312,2607,28.9,1021.8,56-614-135
2026-09-05 12:03:36,B,5124,234,3600404,5592,28.9,1021.8,56-614-135
2026-09-05 12:03:38,T,4320,52,3602849,2607,28.9,1021.8,56-614-135
2026-09-05 12:03:38,B,5125,560,3603094,5593,28.9,1021.8,56-614-135
2026-09-05 12:03:39,B,5126,89,3604071,5594,28.9,1021.8,56-614-135
2026-09-05 12:03:40,T,4321,122,3604302,2608,28.9,1021.8,56-614-135
2026-09-05 12:03:48,B,5135,392,3612249,5604,28.9,1021.8,56-614-135
2026-09-05 12:03:48,B,5136,80,3612772,5604,28.9,1021.8,56-614-135
2026-09-05 12:03:49,T,4330,66,3613464,2613,28.9,1021.8,56-614-135
2026-09-05 12:03:49,B,5137,104,3613681,5606,28.9,1021.8,56-614-135
2026-09-05 12:03:49,T,4331,507,3614116,2613,28.9,1021.8,56-614-135
2026-09-05 12:03:49,B,5138,375,3614116,5606,28.9,1021.8,56-614-135
2026-09-05 12:03:49,C,779,441,3614116,4110,28.9,1021.8,56-614-135
2026-09-05 12:03:51,T,4332,457,3616060,2615,28.9,1021.8,56-614-135
2026-09-05 12:03:51,B,5139,522,3616194,5608,28.9,1021.8,56-614-135
2026-09-05 12:03:51,T,4333,318,3616194,2615,28.9,1021.8,56-614-135
2026-09-05 12:03:53,B,5140,606,3617681,5609,28.9,1021.8,56-614-135
2026-09-05 12:03:54,B,5141,451,3618817,5611,28.9,1021.8,56-614-135
2026-09-05 12:03:55,T,4334,77,3619452,2615,28.9,1021.8,56-614-135
2026-09-05 12:03:55,B,5142,285,3619557,5612,28.9,1021.8,56-614-135
2026-09-05 12:03:55,T,4335,112,3619770,2615,28.9,1021.8,56-614-135
2026-09-05 12:03:55,T,4336,87,3619956,2615,28.9,1021.8,56-614-135
2026-09-05 12:03:56,T,4337,563,3620655,2617,28.9,1021.8,56-614-135
2026-09-05 12:03:56,T,4338,72,3620695,2617,28.9,1021.8,56-614-135
2026-09-05 12:03:57,T,4339,462,3621842,2618,28.9,1021.8,56-614-135
2026-09-05 12:03:57,T,4340,52,3621880,2618,28.9,1021.8,56-614-135
2026-09-05 12:03:58,B,5143,56,3622499,5616,28.9,1021.8,56-614-135
2026-09-05 12:03:58,B,5144,51,3622943,5616,28.9,1021.8,56-614-135
2026-09-05 12:03:58,T,4341,53,3622957,2618,28.9,1021.8,56-614-135
2026-09-05 12:03:58,T,4342,64,3623180,2618,28.9,1021.8,56-614-135
2026-09-05 12:03:58,B,5145,148,3623211,5616,28.9,1021.8,56-614-135
2026-09-05 12:03:58,T,4343,110,3623262,2618,28.9,1021.8,56-614-135
2026-09-05 12:03:58,B,5146,503,3623280,5616,28.9,1021.8,56-614-135
2026-09-05 12:03:59,B,5147,124,3623330,5620,28.9,1021.8,56-614-135
2026-09-05 12:03:59,B,5148,277,3623419,5620,28.9,1021.8,56-614-135
2026-09-05 12:03:59,T,4344,92,3623676,2620,28.9,1021.8,56-614-135
2026-09-05 12:03:59,B,5149,327,3623773,5620,28.9,1021.8,56-614-135
2026-09-05 12:03:59,T,4345,76,3623940,2620,28.9,1021.8,56-614-135
2026-09-05 12:03:59,T,4346,408,3624111,2620,28.9,1021.8,56-614-135
2026-09-05 12:03:59,T,4347,390,3624154,2620,28.9,1021.8,56-614-135
2026-09-05 12:03:59,B,5150,155,3624313,5620,28.9,1021.8,56-614-135
2026-09-05 12:04:00,B,5151,449,3624501,5622,28.9,1021.8,56-614-135
2026-09-05 12:04:01,B,5152,343,3625398,5625,28.9,1021.8,56-614-135
2026-09-05 12:04:01,B,5153,119,3625467,5625,28.9,1021.8,56-614-135
2026-09-05 12:04:01,B,5154,286,3625509,5625,28.9,1021.8,56-614-135
2026-09-05 12:04:02,T,4348,83,3627042,2621,28.9,1021.8,56-614-135
2026-09-05 12:04:02,T,4349,250,3627112,2621,28.9,1021.8,56-614-135
2026-09-05 12:04:02,B,5155,82,3627314,5626,28.9,1021.8,56-614-135
2026-09-05 12:04:03,B,5156,82,3627435,5630,28.9,1021.8,56-614-135
2026-09-05 12:04:03,B,5157,468,3627616,5630,28.9,1021.8,56-614-135
2026-09-05 12:04:03,B,5158,176,3628363,5630,28.9,1021.8,56-614-135
2026-09-05 12:04:04,T,4350,458,3628803,2622,28.9,1021.8,56-614-135
2026-09-05 12:04:05,B,5159,95,3629409,5632,28.9,1021.8,56-614-135
2026-09-05 12:04:05,T,4351,490,3629421,2623,28.9,1021.8,56-614-135
2026-09-05 12:04:05,B,5160,531,3629421,5632,28.9,1021.8,56-614-135
2026-09-05 12:04:05,C,780,510,3629421,4128,28.9,1021.8,56-614-135
2026-09-05 12:04:06,T,4352,388,3630661,2625,28.9,1021.9,56-614-135
2026-09-05 12:04:06,T,4353,353,3630717,2625,28.9,1021.9,56-614-135
2026-09-05 12:04:06,B,5161,391,3630717,5633,28.9,1021.9,56-614-135
2026-09-05 12:04:06,C,781,372,3630717,4129,28.9,1021.9,56-614-135
2026-09-05 12:04:07,T,4354,63,3631773,2627,28.9,1021.9,56-614-135
2026-09-05 12:04:07,T,4355,390,3631836,2627,28.9,1021.9,56-614-135
2026-09-05 12:04:07,B,5162,478,3631836,5637,28.9,1021.9,56-614-135
2026-09-05 12:04:07,C,782,434,3631836,4132,28.9,1021.9,56-614-135
2026-09-05 12:04:07,T,4356,389,3632083,2627,28.9,1021.9,56-614-135
2026-09-05 12:04:07,B,5163,699,3632083,5637,28.9,1021.9,56-614-135
2026-09-05 12:04:07,C,783,544,3632083,4132,28.9,1021.9,56-614-135
2026-09-05 12:04:08,B,5164,227,3632871,5640,28.9,1021.9,56-614-135
2026-09-05 12:04:08,T,4357,307,3632964,2627,28.9,1021.9,56-614-135
2026-09-05 12:04:08,B,5165,219,3633046,5640,28.9,1021.9,56-614-135
2026-09-05 12:04:09,T,4358,705,3633562,2629,28.9,1021.9,56-614-135
2026-09-05 12:04:09,B,5166,104,3634048,5642,28.9,1021.9,56-614-135
2026-09-05 12:04:09,B,5167,632,3634083,5642,28.9,1021.9,56-614-135
2026-09-05 12:04:10,T,4359,244,3634826,2630,28.9,1021.9,56-614-135
2026-09-05 12:04:11,B,5168,652,3636120,5644,28.9,1021.8,56-614-135
2026-09-05 12:04:12,B,5169,284,3636800,5645,28.9,1021.8,56-614-135
2026-09-05 12:04:12,T,4360,300,3636998,2630,28.9,1021.8,56-614-135
2026-09-05 12:04:12,T,4361,50,3637485,2630,28.9,1021.8,56-614-135
2026-09-05 12:04:12,B,5170,53,3637494,5645,28.9,1021.8,56-614-135
2026-09-05 12:04:13,T,4362,407,3637797,2632,28.9,1021.8,56-614-135
2026-09-05 12:04:13,B,5171,443,3637797,5648,28.9,1021.8,56-614-135
2026-09-05 12:04:13,C,784,425,3637797,4140,28.9,1021.8,56-614-135
2026-09-05 12:04:13,T,4363,120,3638129,2632,28.9,1021.8,56-614-135
2026-09-05 12:04:13,B,5172,67,3638354,5648,28.9,1021.8,56-614-135
2026-09-05 12:04:14,B,5173,76,3639218,5648,28.9,1021.8,56-614-135
2026-09-05 12:04:15,B,5174,208,3639799,5650,28.9,1021.8,56-614-135
2026-09-05 12:04:15,T,4364,114,3640314,2632,28.9,1021.8,56-614-135
2026-09-05 12:04:15,T,4365,150,3640338,2632,28.9,1021.8,56-614-135
2026-09-05 12:04:16,B,5175,112,3641005,5651,28.9,1021.8,56-614-135
2026-09-05 12:04:16,B,5176,114,3641132,5651,28.9,1021.8,56-614-135
2026-09-05 12:04:17,B,5177,56,3641799,5653,28.9,1021.8,56-614-135
2026-09-05 12:04:17,B,5178,75,3642049,5653,28.9,1021.8,56-614-135
2026-09-05 12:04:17,B,5179,91,3642083,5653,28.9,1021.8,56-614-135
2026-09-05 12:04:18,T,4366,259,3643140,2633,28.9,1021.8,56-614-135
2026-09-05 12:04:18,B,5180,64,3643154,5654,28.9,1021.8,56-614-135
2026-09-05 12:04:18,T,4367,82,3643487,2633,28.9,1021.8,56-614-135
2026-09-05 12:04:19,B,5181,65,3643871,5656,28.9,1021.8,56-614-135
2026-09-05 12:04:19,T,4368,295,3644135,2634,28.9,1021.8,56-614-135
2026-09-05 12:04:19,B,5182,124,3644548,5656,28.9,1021.8,56-614-135
2026-09-05 12:04:20,B,5183,51,3644710,5659,28.9,1021.8,56-614-135
2026-09-05 12:04:20,T,4369,275,3644739,2635,28.9,1021.8,56-614-135
2026-09-05 12:04:20,B,5184,107,3644997,5659,28.9,1021.8,56-614-135
2026-09-05 12:04:20,B,5185,126,3645013,5659,28.9,1021.8,56-614-135
2026-09-05 12:04:20,T,4370,154,3645474,2635,28.9,1021.8,56-614-135
2026-09-05 12:04:20,B,5186,276,3645535,5659,28.9,1021.8,56-614-135
2026-09-05 12:04:21,T,4371,613,3645663,2636,28.9,1021.8,56-614-135
2026-09-05 12:04:21,B,5187,220,3645879,5660,28.9,1021.8,56-614-135
2026-09-05 12:04:22,B,5188,101,3647293,5661,28.9,1021.8,56-614-135
2026-09-05 12:04:23,T,4372,669,3648217,2638,28.9,1021.8,56-614-135
2026-09-05 12:04:23,B,5189,55,3648319,5663,28.9,1021.8,56-614-135
2026-09-05 12:04:23,B,5190,158,3648561,5663,28.9,1021.8,56-614-135
2026-09-05 12:04:24,B,5191,98,3648770,5665,28.9,1021.8,56-614-135
2026-09-05 12:04:24,T,4373,294,3648894,2639,28.9,1021.8,56-614-135
2026-09-05 12:04:24,T,4374,557,3649450,2639,28.9,1021.8,56-614-135
2026-09-05 12:04:24,B,5192,637,3649572,5665,28.9,1021.8,56-614-135
2026-09-05 12:04:25,T,4375,58,3649635,2639,28.9,1021.8,56-614-135
2026-09-05 12:04:26,T,4376,177,3650657,2640,28.9,1021.8,56-614-135
2026-09-05 12:04:26,B,5193,380,3650812,5667,28.9,1021.8,56-614-135
2026-09-05 12:04:26,T,4377,136,3651390,2640,28.9,1021.8,56-614-135
2026-09-05 12:04:27,B,5194,133,3651769,5668,28.9,1021.8,56-614-135
2026-09-05 12:04:27,T,4378,108,3652215,2641,28.9,1021.8,56-614-135
2026-09-05 12:04:28,B,5195,161,3652697,5671,28.9,1021.8,56-614-135
2026-09-05 12:04:28,T,4379,241,3652727,2641,28.9,1021.8,56-614-135
2026-09-05 12:04:28,B,5196,244,3653083,5671,28.9,1021.8,56-614-135
2026-09-05 12:04:28,B,5197,437,3653608,5671,28.9,1021.8,56-614-135
2026-09-05 12:04:29,T,4380,892,3653751,2643,28.9,1021.8,56-614-135
2026-09-05 12:04:29,B,5198,357,3654037,5673,28.9,1021.8,56-614-135
2026-09-05 12:04:29,T,4381,167,3654194,2643,28.9,1021.8,56-614-135
2026-09-05 12:04:30,T,4382,362,3654734,2646,28.9,1021.8,56-614-135
2026-09-05 12:04:30,B,5199,434,3654779,5674,28.9,1021.8,56-614-135
2026-09-05 12:04:30,T,4383,354,3654779,2646,28.9,1021.8,56-614-135
2026-09-05 12:04:30,T,4384,89,3655200,2646,28.9,1021.8,56-614-135
2026-09-05 12:04:30,T,4385,241,3655473,2646,28.9,1021.8,56-614-135
2026-09-05 12:04:31,T,4386,243,3656093,2646,28.9,1021.8,56-614-135
2026-09-05 12:04:31,B,5200,52,3656359,5677,28.9,1021.8,56-614-135
2026-09-05 12:04:31,B,5201,112,3656451,5677,28.9,1021.8,56-614-135
2026-09-05 12:04:31,B,5202,157,3656660,5677,28.9,1021.8,56-614-135
2026-09-05 12:04:32,B,5203,488,3657140,5678,28.9,1021.8,56-614-135
2026-09-05 12:04:32,T,4387,493,3657143,2648,28.9,1021.8,56-614-135
2026-09-05 12:04:32,T,4388,295,3657710,2648,28.9,1021.8,56-614-135
2026-09-05 12:04:33,T,4389,50,3657949,2648,28.9,1021.8,56-614-135
2026-09-05 12:04:33,B,5204,94,3658480,5679,28.9,1021.8,56-614-135
2026-09-05 12:04:34,B,5205,108,3658981,5682,28.9,1021.8,56-614-135
2026-09-05 12:04:34,B,5206,125,3659089,5682,28.9,1021.8,56-614-135
2026-09-05 12:04:34,T,4390,143,3659152,2649,28.9,1021.8,56-614-135
2026-09-05 12:04:34,B,5207,50,3659252,5682,28.9,1021.8,56-614-135
2026-09-05 12:04:34,T,4391,90,3659439,2649,28.9,1021.8,56-614-135
2026-09-05 12:04:34,B,5208,141,3659603,5682,28.9,1021.8,56-614-135
2026-09-05 12:04:35,B,5209,116,3660226,5685,28.9,1021.8,56-614-135
2026-09-05 12:04:35,T,4392,406,3660713,2650,28.9,1021.8,56-614-135
2026-09-05 12:04:35,B,5210,527,3660713,5685,28.9,1021.8,56-614-135
2026-09-05 12:04:35,C,785,467,3660713,4167,28.9,1021.8,56-614-135
2026-09-05 12:04:36,T,4393,68,3660932,2651,28.9,1021.8,56-614-135
2026-09-05 12:04:36,B,5211,119,3661564,5687,28.9,1021.8,56-614-135
2026-09-05 12:04:36,T,4394,537,3661678,2651,28.9,1021.8,56-614-135
2026-09-05 12:04:36,B,5212,480,3661678,5687,28.9,1021.8,56-614-135
2026-09-05 12:04:36,C,786,509,3661678,4169,28.9,1021.8,56-614-135
2026-09-05 12:04:37,T,4395,53,3662480,2651,28.9,1021.8,56-614-135
2026-09-05 12:04:38,B,5213,97,3662948,5688,28.9,1021.8,56-614-135
2026-09-05 12:04:39,B,5214,100,3664008,5689,28.9,1021.8,56-614-135
2026-09-05 12:04:39,T,4396,142,3664385,2651,28.9,1021.8,56-614-135
2026-09-05 12:04:41,B,5215,70,3665837,5692,28.9,1021.9,56-614-135
2026-09-05 12:04:41,B,5216,481,3666325,5692,28.9,1021.9,56-614-135
2026-09-05 12:04:41,B,5217,86,3666497,5692,28.9,1021.9,56-614-135
2026-09-05 12:04:42,T,4397,332,3667282,2654,28.9,1021.9,56-614-135
2026-09-05 12:04:42,T,4398,545,3667371,2654,28.9,1021.9,56-614-135
2026-09-05 12:04:42,T,4399,396,3667475,2654,28.9,1021.9,56-614-135
2026-09-05 12:04:42,B,5218,420,3667475,5693,28.9,1021.9,56-614-135
2026-09-05 12:04:42,C,787,408,3667475,4174,28.9,1021.9,56-614-135
2026-09-05 12:04:43,T,4400,223,3667989,2655,28.9,1021.9,56-614-135
2026-09-05 12:04:43,B,5219,79,3668231,5694,28.9,1021.9,56-614-135
2026-09-05 12:04:44,T,4401,232,3669498,2655,28.9,1021.9,56-614-135
2026-09-05 12:04:45,B,5220,122,3670094,5695,28.9,1021.9,56-614-135
2026-09-05 12:04:45,T,4402,142,3670804,2656,28.9,1021.9,56-614-135
2026-09-05 12:04:46,B,5221,191,3671001,5697,28.9,1021.8,56-614-135
2026-09-05 12:04:46,T,4403,117,3671013,2657,28.9,1021.8,56-614-135
2026-09-05 12:04:46,T,4404,167,3671369,2657,28.9,1021.8,56-614-135
2026-09-05 12:04:46,B,5222,457,3671602,5697,28.9,1021.8,56-614-135
2026-09-05 12:04:47,T,4405,417,3672006,2659,28.9,1021.8,56-614-135
2026-09-05 12:04:47,T,4406,564,3672416,2659,28.9,1021.8,56-614-135
2026-09-05 12:04:47,B,5223,363,3672416,5700,28.9,1021.8,56-614-135
2026-09-05 12:04:47,C,788,463,3672416,4180,28.9,1021.8,56-614-135
2026-09-05 12:04:47,T,4407,236,3672606,2659,28.9,1021.8,56-614-135
2026-09-05 12:04:47,B,5224,393,3672721,5700,28.9,1021.8,56-614-135
2026-09-05 12:04:48,T,4408,61,3672996,2660,28.9,1021.8,56-614-135
2026-09-05 12:04:48,T,4409,102,3673243,2660,28.9,1021.8,56-614-135
2026-09-05 12:04:48,T,4410,54,3673339,2660,28.9,1021.8,56-614-135
2026-09-05 12:04:48,B,5225,418,3673466,5703,28.9,1021.8,56-614-135
2026-09-05 12:04:48,B,5226,164,3673590,5703,28.9,1021.8,56-614-135
2026-09-05 12:04:49,T,4411,379,3674147,2661,28.9,1021.8,56-614-135
2026-09-05 12:04:49,B,5227,380,3674495,5704,28.9,1021.8,56-614-135
2026-09-05 12:04:50,T,4412,488,3675551,2663,28.9,1021.8,56-614-135
2026-09-05 12:04:50,T,4413,571,3675574,2663,28.9,1021.8,56-614-135
2026-09-05 12:04:51,T,4414,315,3676180,2663,28.9,1021.8,56-614-135
2026-09-05 12:04:51,B,5228,236,3676529,5706,28.9,1021.8,56-614-135
2026-09-05 12:04:51,B,5229,254,3676681,5706,28.9,1021.8,56-614-135
2026-09-05 12:04:52,T,4415,61,3677116,2664,28.9,1021.8,56-614-135
2026-09-05 12:04:52,B,5230,83,3677331,5707,28.9,1021.8,56-614-135
2026-09-05 12:04:53,B,5231,88,3678103,5712,28.9,1021.8,56-614-135
2026-09-05 12:04:53,B,5232,222,3678190,5712,28.9,1021.8,56-614-135
2026-09-05 12:04:53,B,5233,142,3678250,5712,28.9,1021.8,56-614-135
2026-09-05 12:04:53,B,5234,436,3678297,5712,28.9,1021.8,56-614-135
2026-09-05 12:04:54,B,5235,64,3679316,5714,28.9,1021.8,56-614-135
2026-09-05 12:04:54,T,4416,152,3679509,2664,28.9,1021.8,56-614-135
2026-09-05 12:04:54,B,5236,547,3679927,5714,28.9,1021.8,56-614-135
2026-09-05 12:04:55,B,5237,560,3680391,5715,28.9,1021.8,56-614-135
2026-09-05 12:04:56,T,4417,65,3681111,2665,28.9,1021.8,56-614-135
2026-09-05 12:04:56,T,4418,148,3681559,2665,28.9,1021.8,56-614-135
2026-09-05 12:04:56,B,5238,92,3681656,5716,28.9,1021.8,56-614-135
2026-09-05 12:04:57,T,4419,294,3682148,2665,28.9,1021.8,56-614-135
2026-09-05 12:04:59,B,5239,256,3683079,5719,28.9,1021.8,56-614-135
2026-09-05 12:04:59,T,4420,379,3683276,2668,28.9,1021.8,56-614-135
2026-09-05 12:04:59,T,4421,65,3683572,2668,28.9,1021.8,56-614-135
2026-09-05 12:04:59,T,4422,431,3683578,2668,28.9,1021.8,56-614-135
2026-09-05 12:04:59,T,4423,113,3683629,2668,28.9,1021.8,56-614-135
2026-09-05 12:04:59,B,5240,274,3683786,5719,28.9,1021.8,56-614-135
2026-09-05 12:05:00,B,5241,78,3684673,5720,28.9,1021.8,56-614-135
2026-09-05 12:05:00,B,5242,61,3684800,5720,28.9,1021.8,56-614-135
2026-09-05 12:05:00,T,4424,75,3684891,2668,28.9,1021.8,56-614-135
2026-09-05 12:05:01,B,5243,432,3685975,5721,28.9,1021.8,56-614-135
2026-09-05 12:05:02,T,4425,164,3686170,2669,28.9,1021.8,56-614-135
2026-09-05 12:05:02,T,4426,132,3686366,2669,28.9,1021.8,56-614-135
2026-09-05 12:05:02,T,4427,165,3686936,2669,28.9,1021.8,56-614-135
2026-09-05 12:05:04,B,5244,217,3688254,5724,28.9,1021.8,56-614-135
2026-09-05 12:05:04,B,5245,486,3688585,5724,28.9,1021.8,56-614-135
2026-09-05 12:05:04,T,4428,110,3689041,2670,28.9,1021.8,56-614-135
2026-09-05 12:05:05,T,4429,84,3689280,2675,28.9,1021.8,56-614-135
2026-09-05 12:05:05,B,5246,544,3689332,5730,28.9,1021.8,56-614-135
2026-09-05 12:05:05,T,4430,589,3689352,2675,28.9,1021.8,56-614-135
2026-09-05 12:05:05,B,5247,432,3689352,5730,28.9,1021.8,56-614-135
2026-09-05 12:05:05,C,789,511,3689352,4202,28.9,1021.8,56-614-135
2026-09-05 12:05:05,T,4431,103,3689415,2675,28.9,1021.8,56-614-135
2026-09-05 12:05:05,B,5248,158,3689474,5730,28.9,1021.8,56-614-135
2026-09-05 12:05:05,T,4432,531,3689664,2675,28.9,1021.8,56-614-135
2026-09-05 12:05:05,T,4433,432,3689797,2675,28.9,1021.8,56-614-135
2026-09-05 12:05:05,B,5249,485,3689797,5730,28.9,1021.8,56-614-135
2026-09-05 12:05:05,C,790,458,3689797,4202,28.9,1021.8,56-614-135
2026-09-05 12:05:05,T,4434,440,3689970,2675,28.9,1021.8,56-614-135
2026-09-05 12:05:05,T,4435,227,3689971,2675,28.9,1021.8,56-614-135
2026-09-05 12:05:06,B,5250,330,3690523,5732,28.9,1021.8,56-614-135
2026-09-05 12:05:06,T,4436,221,3690616,2677,28.9,1021.8,56-614-135
2026-09-05 12:05:06,B,5251,149,3690708,5732,28.9,1021.8,56-614-135
2026-09-05 12:05:06,T,4437,614,3690904,2677,28.9,1021.8,56-614-135
2026-09-05 12:05:07,B,5252,111,3691650,5734,28.9,1021.8,56-614-135
2026-09-05 12:05:07,B,5253,96,3691840,5734,28.9,1021.8,56-614-135
2026-09-05 12:05:07,T,4438,311,3692044,2677,28.9,1021.8,56-614-135
2026-09-05 12:05:08,B,5254,60,3692413,5735,28.9,1021.8,56-614-135
2026-09-05 12:05:08,B,5255,175,3692467,5735,28.9,1021.8,56-614-135
2026-09-05 12:05:08,T,4439,139,3692994,2678,28.9,1021.8,56-614-135
2026-09-05 12:05:09,T,4440,729,3693479,2679,28.9,1021.8,56-614-135
2026-09-05 12:05:09,T,4441,198,3693766,2679,28.9,1021.8,56-614-135
2026-09-05 12:05:09,B,5256,130,3694106,5736,28.9,1021.8,56-614-135
2026-09-05 12:05:10,B,5257,60,3694245,5737,28.9,1021.8,56-614-135
2026-09-05 12:05:10,T,4442,84,3694558,2680,28.9,1021.8,56-614-135
2026-09-05 12:05:11,T,4443,397,3695203,2682,28.9,1021.8,56-614-135
2026-09-05 12:05:11,B,5258,541,3695203,5739,28.9,1021.8,56-614-135
2026-09-05 12:05:11,C,791,469,3695203,4211,28.9,1021.8,56-614-135
2026-09-05 12:05:11,T,4444,195,3695401,2682,28.9,1021.8,56-614-135
2026-09-05 12:05:11,T,4445,600,3695520,2682,28.9,1021.8,56-614-135
2026-09-05 12:05:11,B,5259,109,3695726,5739,28.9,1021.8,56-614-135
2026-09-05 12:05:12,T,4446,67,3696358,2682,28.9,1021.8,56-614-135
2026-09-05 12:05:12,B,5260,459,3696640,5741,28.9,1021.8,56-614-135
2026-09-05 12:05:13,T,4447,50,3697878,2682,28.9,1021.8,56-614-135
2026-09-05 12:05:13,B,5261,630,3698014,5742,28.9,1021.8,56-614-135
2026-09-05 12:05:14,T,4448,224,3698291,2684,28.9,1021.8,56-614-135
2026-09-05 12:05:14,B,5262,158,3698531,5743,28.9,1021.8,56-614-135
2026-09-05 12:05:14,T,4449,823,3698939,2684,28.9,1021.8,56-614-135
2026-09-05 12:05:15,B,5263,76,3699930,5745,28.9,1021.8,56-614-135
2026-09-05 12:05:15,B,5264,219,3699971,5745,28.9,1021.8,56-614-135
2026-09-05 12:05:16,T,4450,174,3700499,2686,28.9,1021.8,56-614-135
2026-09-05 12:05:16,B,5265,83,3700690,5748,28.9,1021.8,56-614-135
2026-09-05 12:05:16,T,4451,445,3700930,2686,28.9,1021.8,56-614-135
2026-09-05 12:05:16,B,5266,432,3700930,5748,28.9,1021.8,56-614-135
2026-09-05 12:05:16,C,792,438,3700930,4217,28.9,1021.8,56-614-135
2026-09-05 12:05:17,B,5267,299,3701387,5750,28.9,1021.8,56-614-135
2026-09-05 12:05:17,B,5268,457,3701600,5750,28.9,1021.8,56-614-135
2026-09-05 12:05:18,T,4452,422,3702762,2687,28.9,1021.8,56-614-135
2026-09-05 12:05:18,B,5269,506,3702762,5753,28.9,1021.8,56-614-135
2026-09-05 12:05:18,C,793,464,3702762,4220,28.9,1021.8,56-614-135
2026-09-05 12:05:18,B,5270,321,3702848,5753,28.9,1021.8,56-614-135
2026-09-05 12:05:18,T,4453,182,3703020,2687,28.9,1021.8,56-614-135
2026-09-05 12:05:19,T,4454,223,3703436,2689,28.9,1021.8,56-614-135
2026-09-05 12:05:19,B,5271,50,3703706,5757,28.9,1021.8,56-614-135
2026-09-05 12:05:19,B,5272,313,3703806,5757,28.9,1021.8,56-614-135
2026-09-05 12:05:19,B,5273,507,3704113,5757,28.9,1021.8,56-614-135
2026-09-05 12:05:19,T,4455,343,3704113,2689,28.9,1021.8,56-614-135
2026-09-05 12:05:19,T,4456,104,3704160,2689,28.9,1021.8,56-614-135
2026-09-05 12:05:19,B,5274,141,3704167,5757,28.9,1021.8,56-614-135
2026-09-05 12:05:20,B,5275,470,3704700,5759,28.9,1021.8,56-614-135
2026-09-05 12:05:21,T,4457,853,3705527,2691,28.9,1021.8,56-614-135
2026-09-05 12:05:21,B,5276,574,3705527,5762,28.9,1021.8,56-614-135
2026-09-05 12:05:21,C,794,713,3705527,4227,28.9,1021.8,56-614-135
2026-09-05 12:05:21,B,5277,475,3706003,5762,28.9,1021.8,56-614-135
2026-09-05 12:05:21,T,4458,427,3706227,2691,28.9,1021.8,56-614-135
2026-09-05 12:05:23,T,4459,57,3708251,2691,28.9,1021.8,56-614-135
2026-09-05 12:05:23,B,5278,471,3708251,5764,28.9,1021.8,56-614-135
2026-09-05 12:05:23,C,795,264,3708251,4227,28.9,1021.8,56-614-135
2026-09-05 12:05:25,B,5279,93,3709723,5764,28.9,1021.8,56-614-135
2026-09-05 12:05:26,T,4460,72,3710703,2691,28.9,1021.8,56-614-135
2026-09-05 12:05:26,B,5280,199,3710750,5765,28.9,1021.8,56-614-135
2026-09-05 12:05:27,T,4461,57,3711403,2692,28.9,1021.8,56-614-135
2026-09-05 12:05:27,T,4462,164,3711494,2692,28.9,1021.8,56-614-135
2026-09-05 12:05:27,B,5281,179,3711811,5767,28.9,1021.8,56-614-135
2026-09-05 12:05:28,B,5282,362,3712524,5770,28.9,1021.8,56-614-135
2026-09-05 12:05:28,B,5283,116,3712907,5770,28.9,1021.8,56-614-135
2026-09-05 12:05:28,T,4463,425,3712990,2693,28.9,1021.8,56-614-135
2026-09-05 12:05:28,B,5284,474,3712990,5770,28.9,1021.8,56-614-135
2026-09-05 12:05:28,C,796,449,3712990,4232,28.9,1021.8,56-614-135
2026-09-05 12:05:30,B,5285,107,3715142,5772,28.9,1021.8,56-614-135
2026-09-05 12:05:30,B,5286,84,3715235,5772,28.9,1021.8,56-614-135
2026-09-05 12:05:30,T,4464,54,3715416,2693,28.9,1021.8,56-614-135
2026-09-05 12:05:31,T,4465,62,3715730,2693,28.9,1021.8,56-614-135
2026-09-05 12:05:31,T,4466,123,3716100,2693,28.9,1021.8,56-614-135
2026-09-05 12:05:31,B,5287,217,3716107,5773,28.9,1021.8,56-614-135
2026-09-05 12:05:32,T,4467,197,3717374,2694,28.9,1021.8,56-614-135
2026-09-05 12:05:32,B,5288,86,3717387,5774,28.9,1021.8,56-614-135
2026-09-05 12:05:33,B,5289,415,3718297,5776,28.9,1021.8,56-614-135
2026-09-05 12:05:33,B,5290,63,3718428,5776,28.9,1021.8,56-614-135
2026-09-05 12:05:34,B,5291,173,3719239,5777,28.9,1021.8,56-614-135
2026-09-05 12:05:35,T,4468,84,3719569,2695,28.9,1021.8,56-614-135
2026-09-05 12:05:35,T,4469,377,3719931,2695,28.9,1021.8,56-614-135
2026-09-05 12:05:35,B,5292,425,3719931,5781,28.9,1021.8,56-614-135
2026-09-05 12:05:35,C,797,401,3719931,4238,28.9,1021.8,56-614-135
2026-09-05 12:05:35,B,5293,69,3720081,5781,28.9,1021.8,56-614-135
2026-09-05 12:05:35,B,5294,552,3720305,5781,28.9,1021.8,56-614-135
2026-09-05 12:05:36,B,5295,275,3720641,5782,28.9,1021.8,56-614-135
2026-09-05 12:05:36,T,4470,79,3720846,2695,28.9,1021.8,56-614-135
2026-09-05 12:05:38,T,4471,68,3722869,2695,28.9,1021.8,56-614-135
2026-09-05 12:05:38,B,5296,157,3722869,5784,28.9,1021.8,56-614-135
2026-09-05 12:05:38,C,798,113,3722869,4240,28.9,1021.8,56-614-135
2026-09-05 12:05:38,B,5297,140,3723192,5784,28.9,1021.8,56-614-135
2026-09-05 12:05:39,B,5298,193,3723598,5786,28.9,1021.8,56-614-135
2026-09-05 12:05:39,T,4472,348,3723598,2696,28.9,1021.8,56-614-135
2026-09-05 12:05:39,B,5299,71,3723921,5786,28.9,1021.8,56-614-135
2026-09-05 12:05:40,B,5300,219,3724636,5788,28.9,1021.8,56-614-135
2026-09-05 12:05:40,B,5301,437,3724647,5788,28.9,1021.8,56-614-135
2026-09-05 12:05:40,T,4473,203,3724822,2697,28.9,1021.8,56-614-135
2026-09-05 12:05:41,T,4474,368,3725823,2700,28.9,1021.8,56-614-135
2026-09-05 12:05:41,B,5302,372,3725823,5793,28.9,1021.8,56-614-135
2026-09-05 12:05:41,C,799,370,3725823,4247,28.9,1021.8,56-614-135
2026-09-05 12:05:41,B,5303,153,3725846,5793,28.9,1021.8,56-614-135
2026-09-05 12:05:41,T,4475,261,3725986,2700,28.9,1021.8,56-614-135
2026-09-05 12:05:41,T,4476,408,3726153,2700,28.9,1021.8,56-614-135
2026-09-05 12:05:41,B,5304,425,3726153,5793,28.9,1021.8,56-614-135
2026-09-05 12:05:41,C,800,416,3726153,4247,28.9,1021.8,56-614-135
2026-09-05 12:05:41,B,5305,122,3726468,5793,28.9,1021.8,56-614-135
2026-09-05 12:05:41,T,4477,314,3726501,2700,28.9,1021.8,56-614-135
2026-09-05 12:05:42,T,4478,208,3727239,2701,28.9,1021.8,56-614-135
2026-09-05 12:05:42,B,5306,96,3727239,5794,28.9,1021.8,56-614-135
2026-09-05 12:05:42,C,801,152,3727239,4247,28.9,1021.8,56-614-135
2026-09-05 12:05:43,T,4479,394,3727758,2702,28.9,1021.8,56-614-135
2026-09-05 12:05:43,T,4480,52,3727959,2702,28.9,1021.8,56-614-135
2026-09-05 12:05:43,T,4481,193,3728131,2702,28.9,1021.8,56-614-135
2026-09-05 12:05:44,T,4482,530,3728770,2704,28.9,1021.8,56-614-135
2026-09-05 12:05:44,B,5307,484,3728770,5796,28.9,1021.8,56-614-135
2026-09-05 12:05:44,C,802,507,3728770,4250,28.9,1021.8,56-614-135
2026-09-05 12:05:44,B,5308,139,3729028,5796,28.9,1021.8,56-614-135
2026-09-05 12:05:44,T,4483,95,3729186,2704,28.9,1021.8,56-614-135
2026-09-05 12:05:44,T,4484,95,3729372,2704,28.9,1021.8,56-614-135
2026-09-05 12:05:44,T,4485,101,3729486,2704,28.9,1021.8,56-614-135
2026-09-05 12:05:45,T,4486,73,3730279,2705,28.9,1021.8,56-614-135
2026-09-05 12:05:45,B,5309,448,3730279,5801,28.9,1021.8,56-614-135
2026-09-05 12:05:45,C,803,260,3730279,4253,28.9,1021.8,56-614-135
2026-09-05 12:05:45,B,5310,184,3730503,5801,28.9,1021.8,56-614-135
2026-09-05 12:05:45,T,4487,391,3730531,2705,28.9,1021.8,56-614-135
2026-09-05 12:05:45,B,5311,615,3730531,5801,28.9,1021.8,56-614-135
2026-09-05 12:05:45,C,804,503,3730531,4253,28.9,1021.8,56-614-135
2026-09-05 12:05:46,T,4488,380,3730726,2706,28.9,1021.8,56-614-135
2026-09-05 12:05:46,B,5312,423,3730726,5803,28.9,1021.8,56-614-135
2026-09-05 12:05:46,C,805,401,3730726,4255,28.9,1021.8,56-614-135
2026-09-05 12:05:46,B,5313,113,3731238,5803,28.9,1021.8,56-614-135
2026-09-05 12:05:46,T,4489,78,3731543,2706,28.9,1021.8,56-614-135
2026-09-05 12:05:47,T,4490,350,3731909,2708,28.9,1021.8,56-614-135
2026-09-05 12:05:47,B,5314,414,3731909,5804,28.9,1021.8,56-614-135
2026-09-05 12:05:47,C,806,382,3731909,4256,28.9,1021.8,56-614-135
2026-09-05 12:05:47,T,4491,56,3732044,2708,28.9,1021.8,56-614-135
2026-09-05 12:05:47,T,4492,230,3732160,2708,28.9,1021.8,56-614-135
2026-09-05 12:05:48,B,5315,318,3733253,5808,28.9,1021.8,56-614-135
2026-09-05 12:05:48,B,5316,186,3733402,5808,28.9,1021.8,56-614-135
2026-09-05 12:05:48,T,4493,134,3733419,2708,28.9,1021.8,56-614-135
2026-09-05 12:05:48,B,5317,222,3733528,5808,28.9,1021.8,56-614-135
2026-09-05 12:05:49,T,4494,421,3733930,2710,28.9,1021.8,56-614-135
2026-09-05 12:05:49,B,5318,540,3733930,5810,28.9,1021.8,56-614-135
2026-09-05 12:05:49,C,807,480,3733930,4260,28.9,1021.8,56-614-135
2026-09-05 12:05:49,B,5319,51,3734454,5810,28.9,1021.8,56-614-135
2026-09-05 12:05:49,T,4495,174,3734611,2710,28.9,1021.8,56-614-135
2026-09-05 12:05:50,T,4496,87,3734773,2710,28.9,1021.8,56-614-135
2026-09-05 12:05:50,B,5320,52,3734999,5812,28.9,1021.8,56-614-135
2026-09-05 12:05:50,T,4497,168,3735527,2710,28.9,1021.8,56-614-135
2026-09-05 12:05:50,B,5321,170,3735604,5812,28.9,1021.8,56-614-135
2026-09-05 12:05:51,B,5322,100,3735782,5814,28.9,1021.8,56-614-135
2026-09-05 12:05:51,T,4498,115,3735805,2711,28.9,1021.8,56-614-135
2026-09-05 12:05:51,B,5323,122,3736239,5814,28.9,1021.8,56-614-135
2026-09-05 12:05:51,T,4499,107,3736293,2711,28.9,1021.8,56-614-135
2026-09-05 12:05:51,T,4500,119,3736394,2711,28.9,1021.8,56-614-135
2026-09-05 12:05:53,B,5324,64,3738446,5816,28.9,1021.8,56-614-135
2026-09-05 12:05:53,B,5325,424,3738642,5816,28.9,1021.8,56-614-135
2026-09-05 12:05:53,T,4501,245,3738655,2712,28.9,1021.8,56-614-135
2026-09-05 12:05:54,B,5326,60,3738873,5817,28.9,1021.8,56-614-135
2026-09-05 12:05:54,T,4502,105,3739080,2712,28.9,1021.8,56-614-135
2026-09-05 12:05:54,B,5327,67,3739135,5817,28.9,1021.8,56-614-135
2026-09-05 12:05:55,T,4503,233,3739856,2713,28.9,1021.8,56-614-135
2026-09-05 12:05:55,B,5328,878,3740230,5819,28.9,1021.8,56-614-135
2026-09-05 12:05:55,B,5329,88,3740549,5819,28.9,1021.8,56-614-135
2026-09-05 12:05:56,T,4504,368,3740787,2715,28.9,1021.8,56-614-135
2026-09-05 12:05:56,T,4505,282,3741685,2715,28.9,1021.8,56-614-135
2026-09-05 12:05:57,B,5330,467,3741957,5822,28.9,1021.9,56-614-135
2026-09-05 12:05:57,T,4506,388,3741957,2718,28.9,1021.9,56-614-135
2026-09-05 12:05:57,T,4507,541,3742050,2718,28.9,1021.9,56-614-135
2026-09-05 12:05:57,T,4508,174,3742206,2718,28.9,1021.9,56-614-135
2026-09-05 12:05:57,T,4509,386,3742339,2718,28.9,1021.9,56-614-135
2026-09-05 12:05:57,B,5331,181,3742536,5822,28.9,1021.9,56-614-135
2026-09-05 12:05:58,B,5332,451,3743573,5823,28.9,1021.9,56-614-135
2026-09-05 12:05:59,T,4510,444,3744443,2720,28.9,1021.9,56-614-135
2026-09-05 12:05:59,B,5333,436,3744443,5826,28.9,1021.9,56-614-135
2026-09-05 12:05:59,C,808,440,3744443,4273,28.9,1021.9,56-614-135
2026-09-05 12:05:59,B,5334,75,3744564,5826,28.9,1021.9,56-614-135
2026-09-05 12:05:59,T,4511,208,3744692,2720,28.9,1021.9,56-614-135
2026-09-05 12:06:00,B,5335,117,3744998,5830,28.9,1021.9,56-614-135
2026-09-05 12:06:00,B,5336,262,3745136,5830,28.9,1021.9,56-614-135
2026-09-05 12:06:00,T,4512,548,3745493,2721,28.9,1021.9,56-614-135
2026-09-05 12:06:00,B,5337,198,3745493,5830,28.9,1021.9,56-614-135
2026-09-05 12:06:00,C,809,373,3745493,4276,28.9,1021.9,56-614-135
2026-09-05 12:06:00,T,4513,357,3745641,2721,28.9,1021.9,56-614-135
2026-09-05 12:06:00,B,5338,373,3745641,5830,28.9,1021.9,56-614-135
2026-09-05 12:06:00,C,810,365,3745641,4276,28.9,1021.9,56-614-135
2026-09-05 12:06:01,B,5339,621,3745928,5833,28.9,1021.9,56-614-135
2026-09-05 12:06:01,B,5340,412,3746233,5833,28.9,1021.9,56-614-135
2026-09-05 12:06:02,B,5341,53,3747081,5834,28.9,1021.8,56-614-135
2026-09-05 12:06:03,B,5342,85,3747844,5837,28.9,1021.8,56-614-135
2026-09-05 12:06:03,B,5343,543,3747848,5837,28.9,1021.8,56-614-135
2026-09-05 12:06:03,T,4514,105,3747953,2722,28.9,1021.8,56-614-135
2026-09-05 12:06:03,B,5344,62,3748244,5837,28.9,1021.8,56-614-135
2026-09-05 12:06:03,B,5345,50,3748671,5837,28.9,1021.8,56-614-135
2026-09-05 12:06:04,T,4515,431,3749099,2724,28.9,1021.8,56-614-135
2026-09-05 12:06:04,T,4516,461,3749214,2724,28.9,1021.8,56-614-135
2026-09-05 12:06:04,B,5346,358,3749383,5839,28.9,1021.8,56-614-135
2026-09-05 12:06:05,B,5347,66,3749974,5841,28.9,1021.8,56-614-135
2026-09-05 12:06:05,B,5348,84,3750041,5841,28.9,1021.8,56-614-135
2026-09-05 12:06:05,B,5349,106,3750663,5841,28.9,1021.8,56-614-135
2026-09-05 12:06:06,B,5350,55,3750863,5842,28.9,1021.8,56-614-135
2026-09-05 12:06:06,B,5351,80,3750887,5842,28.9,1021.8,56-614-135
2026-09-05 12:06:07,T,4517,565,3752856,2725,28.9,1021.9,56-614-135
2026-09-05 12:06:08,T,4518,114,3753600,2725,28.9,1021.9,56-614-135
2026-09-05 12:06:09,B,5352,663,3754416,5846,28.9,1021.9,56-614-135
2026-09-05 12:06:09,T,4519,364,3754555,2727,28.9,1021.9,56-614-135
2026-09-05 12:06:09,T,4520,390,3754697,2727,28.9,1021.9,56-614-135
2026-09-05 12:06:09,B,5353,460,3754697,5846,28.9,1021.9,56-614-135
2026-09-05 12:06:09,C,811,425,3754697,4286,28.9,1021.9,56-614-135
2026-09-05 12:06:09,B,5354,117,3754864,5846,28.9,1021.9,56-614-135
2026-09-05 12:06:10,B,5355,54,3755377,5847,28.9,1021.9,56-614-135
2026-09-05 12:06:11,B,5356,73,3756212,5849,28.9,1021.9,56-614-135
2026-09-05 12:06:11,T,4521,102,3756497,2727,28.9,1021.9,56-614-135
2026-09-05 12:06:11,B,5357,304,3756665,5849,28.9,1021.9,56-614-135
2026-09-05 12:06:12,T,4522,378,3757147,2729,28.9,1021.9,56-614-135
2026-09-05 12:06:12,B,5358,388,3757147,5852,28.9,1021.9,56-614-135
2026-09-05 12:06:12,C,812,383,3757147,4291,28.9,1021.9,56-614-135
2026-09-05 12:06:12,B,5359,86,3757342,5852,28.9,1021.9,56-614-135
2026-09-05 12:06:12,T,4523,592,3757412,2729,28.9,1021.9,56-614-135
2026-09-05 12:06:12,B,5360,388,3757412,5852,28.9,1021.9,56-614-135
2026-09-05 12:06:12,C,813,490,3757412,4291,28.9,1021.9,56-614-135
2026-09-05 12:06:13,T,4524,480,3758013,2730,28.9,1021.9,56-614-135
2026-09-05 12:06:13,B,5361,175,3758941,5854,28.9,1021.9,56-614-135
2026-09-05 12:06:14,B,5362,136,3759236,5856,28.9,1021.9,56-614-135
2026-09-05 12:06:14,T,4525,60,3759594,2732,28.9,1021.9,56-614-135
2026-09-05 12:06:14,T,4526,414,3759612,2732,28.9,1021.9,56-614-135
2026-09-05 12:06:14,B,5363,351,3759731,5856,28.9,1021.9,56-614-135
2026-09-05 12:06:14,T,4527,119,3759815,2732,28.9,1021.9,56-614-135
2026-09-05 12:06:14,T,4528,437,3759917,2732,28.9,1021.9,56-614-135
2026-09-05 12:06:15,B,5364,282,3760590,5857,28.9,1021.9,56-614-135
2026-09-05 12:06:15,T,4529,467,3760590,2734,28.9,1021.9,56-614-135
2026-09-05 12:06:15,T,4530,150,3760731,2734,28.9,1021.9,56-614-135
2026-09-05 12:06:16,T,4531,86,3761233,2735,28.9,1021.9,56-614-135
2026-09-05 12:06:16,T,4532,385,3761364,2735,28.9,1021.9,56-614-135
2026-09-05 12:06:16,B,5365,467,3761364,5863,28.9,1021.9,56-614-135
2026-09-05 12:06:16,C,814,426,3761364,4299,28.9,1021.9,56-614-135
2026-09-05 12:06:16,B,5366,121,3761578,5863,28.9,1021.9,56-614-135
2026-09-05 12:06:16,B,5367,466,3761581,5863,28.9,1021.9,56-614-135
2026-09-05 12:06:16,B,5368,136,3761748,5863,28.9,1021.9,56-614-135
2026-09-05 12:06:16,B,5369,68,3761882,5863,28.9,1021.9,56-614-135
2026-09-05 12:06:17,B,5370,221,3762147,5866,28.9,1021.8,56-614-135
2026-09-05 12:06:17,T,4533,264,3762236,2737,28.9,1021.8,56-614-135
2026-09-05 12:06:17,T,4534,425,3762360,2737,28.9,1021.8,56-614-135
2026-09-05 12:06:17,B,5371,437,3762360,5866,28.9,1021.8,56-614-135
2026-09-05 12:06:17,C,815,431,3762360,4301,28.9,1021.8,56-614-135
2026-09-05 12:06:17,T,4535,91,3762444,2737,28.9,1021.8,56-614-135
2026-09-05 12:06:17,B,5372,104,3762719,5866,28.9,1021.8,56-614-135
2026-09-05 12:06:18,T,4536,388,3763555,2737,28.9,1021.8,56-614-135
2026-09-05 12:06:19,B,5373,364,3763555,5868,28.9,1021.8,56-614-135
2026-09-05 12:06:19,C,816,376,3763555,4302,28.9,1021.8,56-614-135
2026-09-05 12:06:20,B,5374,262,3764056,5871,28.9,1021.8,56-614-135
2026-09-05 12:06:20,B,5375,88,3764590,5871,28.9,1021.8,56-614-135
2026-09-05 12:06:20,B,5376,488,3764783,5871,28.9,1021.8,56-614-135
2026-09-05 12:06:20,T,4537,274,3764784,2739,28.9,1021.8,56-614-135
2026-09-05 12:06:20,T,4538,369,3764970,2739,28.9,1021.8,56-614-135
2026-09-05 12:06:21,B,5377,516,3765948,5873,28.9,1021.8,56-614-135
2026-09-05 12:06:23,T,4539,85,3767060,2739,28.9,1021.8,56-614-135
2026-09-05 12:06:23,B,5378,296,3767079,5875,28.9,1021.8,56-614-135
2026-09-05 12:06:23,B,5379,148,3767610,5875,28.9,1021.8,56-614-135
2026-09-05 12:06:24,B,5380,81,3768543,5877,28.9,1021.8,56-614-135
2026-09-05 12:06:24,B,5381,215,3768647,5877,28.9,1021.8,56-614-135
2026-09-05 12:06:25,T,4540,418,3769729,2740,28.9,1021.8,56-614-135
2026-09-05 12:06:27,T,4541,434,3771251,2741,28.9,1021.8,56-614-135
2026-09-05 12:06:28,T,4542,56,3772133,2742,28.9,1021.8,56-614-135
2026-09-05 12:06:28,T,4543,146,3772501,2742,28.9,1021.8,56-614-135
2026-09-05 12:06:28,T,4544,318,3772846,2742,28.9,1021.8,56-614-135
2026-09-05 12:06:29,T,4545,445,3773782,2743,28.9,1021.8,56-614-135
2026-09-05 12:06:30,B,5382,455,3774165,5879,28.9,1021.8,56-614-135
2026-09-05 12:06:30,T,4546,233,3774312,2744,28.9,1021.8,56-614-135
2026-09-05 12:06:30,B,5383,75,3774785,5879,28.9,1021.8,56-614-135
2026-09-05 12:06:31,T,4547,570,3775263,2745,28.9,1021.8,56-614-135
2026-09-05 12:06:31,B,5384,130,3775460,5881,28.9,1021.8,56-614-135
2026-09-05 12:06:31,B,5385,480,3775516,5881,28.9,1021.8,56-614-135
2026-09-05 12:06:31,T,4548,65,3776058,2745,28.9,1021.8,56-614-135
2026-09-05 12:06:32,T,4549,455,3776359,2746,28.9,1021.8,56-614-135
2026-09-05 12:06:32,B,5386,52,3777033,5882,28.9,1021.8,56-614-135
2026-09-05 12:06:33,B,5387,505,3777618,5885,28.9,1021.8,56-614-135
2026-09-05 12:06:33,T,4550,63,3777633,2746,28.9,1021.8,56-614-135
2026-09-05 12:06:33,B,5388,165,3777850,5885,28.9,1021.8,56-614-135
2026-09-05 12:06:33,T,4551,72,3778170,2746,28.9,1021.8,56-614-135
2026-09-05 12:06:34,B,5389,107,3778264,5889,28.9,1021.8,56-614-135
2026-09-05 12:06:34,B,5390,672,3778815,5889,28.9,1021.8,56-614-135
2026-09-05 12:06:34,B,5391,629,3778979,5889,28.9,1021.8,56-614-135
2026-09-05 12:06:34,T,4552,53,3779175,2746,28.9,1021.8,56-614-135
2026-09-05 12:06:35,B,5392,152,3779640,5891,28.9,1021.8,56-614-135
2026-09-05 12:06:35,T,4553,60,3779700,2746,28.9,1021.8,56-614-135
2026-09-05 12:06:35,B,5393,129,3779810,5891,28.9,1021.8,56-614-135
2026-09-05 12:06:36,T,4554,398,3780378,2747,28.9,1021.8,56-614-135
2026-09-05 12:06:36,B,5394,560,3780378,5893,28.9,1021.8,56-614-135
2026-09-05 12:06:36,C,817,479,3780378,4320,28.9,1021.8,56-614-135
2026-09-05 12:06:36,B,5395,79,3781026,5893,28.9,1021.8,56-614-135
2026-09-05 12:06:37,T,4555,418,3781473,2749,28.9,1021.8,56-614-135
2026-09-05 12:06:37,B,5396,471,3781473,5895,28.9,1021.8,56-614-135
2026-09-05 12:06:37,C,818,445,3781473,4322,28.9,1021.8,56-614-135
2026-09-05 12:06:37,T,4556,396,3782201,2749,28.9,1021.8,56-614-135
2026-09-05 12:06:37,B,5397,55,3782210,5895,28.9,1021.8,56-614-135
2026-09-05 12:06:38,B,5398,188,3782290,5898,28.9,1021.9,56-614-135
2026-09-05 12:06:38,T,4557,471,3782478,2751,28.9,1021.9,56-614-135
2026-09-05 12:06:38,B,5399,369,3782478,5898,28.9,1021.9,56-614-135
2026-09-05 12:06:38,C,819,420,3782478,4324,28.9,1021.9,56-614-135
2026-09-05 12:06:38,T,4558,99,3782931,2751,28.9,1021.9,56-614-135
2026-09-05 12:06:38,T,4559,142,3783197,2751,28.9,1021.9,56-614-135
2026-09-05 12:06:39,B,5400,68,3783505,5900,28.9,1021.9,56-614-135
2026-09-05 12:06:39,T,4560,544,3783651,2752,28.9,1021.9,56-614-135
2026-09-05 12:06:39,B,5401,387,3783651,5900,28.9,1021.9,56-614-135
2026-09-05 12:06:39,C,820,466,3783651,4326,28.9,1021.9,56-614-135
2026-09-05 12:06:39,T,4561,90,3783941,2752,28.9,1021.9,56-614-135
2026-09-05 12:06:40,T,4562,299,3784602,2753,28.9,1021.9,56-614-135
2026-09-05 12:06:41,B,5402,52,3785426,5902,28.9,1021.9,56-614-135
2026-09-05 12:06:41,B,5403,425,3785525,5902,28.9,1021.9,56-614-135
2026-09-05 12:06:41,T,4563,377,3785525,2754,28.9,1021.9,56-614-135
2026-09-05 12:06:41,B,5404,122,3785591,5902,28.9,1021.9,56-614-135
2026-09-05 12:06:42,T,4564,321,3786718,2755,28.9,1021.9,56-614-135
2026-09-05 12:06:42,B,5405,203,3786879,5904,28.9,1021.9,56-614-135
2026-09-05 12:06:42,B,5406,101,3787131,5904,28.9,1021.9,56-614-135
2026-09-05 12:06:42,T,4565,111,3787137,2755,28.9,1021.9,56-614-135
2026-09-05 12:06:43,T,4566,530,3787446,2757,28.9,1021.9,56-614-135
2026-09-05 12:06:43,B,5407,554,3787446,5908,28.9,1021.9,56-614-135
2026-09-05 12:06:43,C,821,542,3787446,4332,28.9,1021.9,56-614-135
2026-09-05 12:06:43,T,4567,461,3787592,2757,28.9,1021.9,56-614-135
2026-09-05 12:06:43,B,5408,587,3787592,5908,28.9,1021.9,56-614-135
2026-09-05 12:06:43,C,822,524,3787592,4332,28.9,1021.9,56-614-135
2026-09-05 12:06:43,T,4568,283,3787746,2757,28.9,1021.9,56-614-135
2026-09-05 12:06:44,B,5409,340,3788522,5911,28.9,1021.9,56-614-135
2026-09-05 12:06:44,T,4569,346,3788643,2758,28.9,1021.9,56-614-135
2026-09-05 12:06:44,B,5410,80,3788685,5911,28.9,1021.9,56-614-135
2026-09-05 12:06:44,B,5411,264,3789053,5911,28.9,1021.9,56-614-135
2026-09-05 12:06:46,B,5412,139,3790506,5913,28.9,1021.9,56-614-135
2026-09-05 12:06:46,T,4570,440,3791182,2759,28.9,1021.9,56-614-135
2026-09-05 12:06:46,B,5413,623,3791182,5913,28.9,1021.9,56-614-135
2026-09-05 12:06:46,C,823,532,3791182,4336,28.9,1021.9,56-614-135
2026-09-05 12:06:47,T,4571,233,3791432,2760,28.9,1021.9,56-614-135
2026-09-05 12:06:47,B,5414,141,3791569,5914,28.9,1021.9,56-614-135
2026-09-05 12:06:47,T,4572,85,3792248,2760,28.9,1021.9,56-614-135
2026-09-05 12:06:48,T,4573,121,3792449,2761,28.9,1021.9,56-614-135
2026-09-05 12:06:48,B,5415,96,3792519,5915,28.9,1021.9,56-614-135
2026-09-05 12:06:49,B,5416,251,3793711,5917,28.9,1021.9,56-614-135
2026-09-05 12:06:49,B,5417,60,3793749,5917,28.9,1021.9,56-614-135
2026-09-05 12:06:50,B,5418,69,3794472,5918,28.9,1021.9,56-614-135
2026-09-05 12:06:51,B,5419,222,3795637,5919,28.9,1021.9,56-614-135
2026-09-05 12:06:52,B,5420,52,3796736,5920,28.9,1021.9,56-614-135
2026-09-05 12:06:53,B,5421,516,3797537,5926,28.9,1021.9,56-614-135
2026-09-05 12:06:53,B,5422,229,3797689,5926,28.9,1021.9,56-614-135
2026-09-05 12:06:53,T,4574,208,3797924,2761,28.9,1021.9,56-614-135
2026-09-05 12:06:53,B,5423,554,3797924,5926,28.9,1021.9,56-614-135
2026-09-05 12:06:53,C,824,381,3797924,4344,28.9,1021.9,56-614-135
2026-09-05 12:06:53,B,5424,161,3798212,5926,28.9,1021.9,56-614-135
2026-09-05 12:06:53,B,5425,206,3798401,5926,28.9,1021.9,56-614-135
2026-09-05 12:06:54,B,5426,116,3799065,5927,28.9,1021.9,56-614-135
2026-09-05 12:06:55,B,5427,127,3799479,5930,28.9,1021.9,56-614-135
2026-09-05 12:06:55,B,5428,373,3799596,5930,28.9,1021.9,56-614-135
2026-09-05 12:06:55,T,4575,327,3800229,2762,28.9,1021.9,56-614-135
2026-09-05 12:06:55,B,5429,239,3800309,5930,28.9,1021.9,56-614-135
2026-09-05 12:06:56,B,5430,423,3800633,5933,28.9,1021.9,56-614-135
2026-09-05 12:06:56,B,5431,110,3800733,5933,28.9,1021.9,56-614-135
2026-09-05 12:06:56,T,4576,272,3800892,2763,28.9,1021.9,56-614-135
2026-09-05 12:06:58,B,5432,316,3802676,5935,28.9,1021.9,56-614-135
2026-09-05 12:06:58,T,4577,211,3802888,2763,28.9,1021.9,56-614-135
2026-09-05 12:06:58,B,5433,309,3803463,5935,28.9,1021.9,56-614-135
2026-09-05 12:06:59,B,5434,217,3803901,5937,28.9,1021.9,56-614-135
2026-09-05 12:06:59,T,4578,64,3804170,2763,28.9,1021.9,56-614-135
2026-09-05 12:06:59,B,5435,68,3804266,5937,28.9,1021.9,56-614-135
2026-09-05 12:07:00,B,5436,114,3805105,5940,28.9,1021.9,56-614-135
2026-09-05 12:07:00,B,5437,317,3805366,5940,28.9,1021.9,56-614-135
2026-09-05 12:07:00,T,4579,331,3805443,2764,28.9,1021.9,56-614-135
2026-09-05 12:07:01,T,4580,82,3805681,2767,28.9,1021.9,56-614-135
2026-09-05 12:07:01,T,4581,461,3805743,2767,28.9,1021.9,56-614-135
2026-09-05 12:07:01,B,5438,529,3805743,5942,28.9,1021.9,56-614-135
2026-09-05 12:07:01,C,825,495,3805743,4355,28.9,1021.9,56-614-135
2026-09-05 12:07:01,T,4582,362,3805824,2767,28.9,1021.9,56-614-135
2026-09-05 12:07:01,B,5439,372,3805824,5942,28.9,1021.9,56-614-135
2026-09-05 12:07:01,C,826,367,3805824,4355,28.9,1021.9,56-614-135
2026-09-05 12:07:01,T,4583,253,3806242,2767,28.9,1021.9,56-614-135
2026-09-05 12:07:02,T,4584,66,3806794,2767,28.9,1021.9,56-614-135
2026-09-05 12:07:02,B,5440,50,3807330,5943,28.9,1021.9,56-614-135
2026-09-05 12:07:03,B,5441,321,3807599,5944,28.9,1021.8,56-614-135
2026-09-05 12:07:03,T,4585,145,3807762,2768,28.9,1021.8,56-614-135
2026-09-05 12:07:03,T,4586,261,3807794,2768,28.9,1021.8,56-614-135
2026-09-05 12:07:04,T,4587,510,3808876,2770,28.9,1021.8,56-614-135
2026-09-05 12:07:04,T,4588,214,3809114,2770,28.9,1021.8,56-614-135
2026-09-05 12:07:05,B,5442,220,3809605,5948,28.9,1021.8,56-614-135
2026-09-05 12:07:05,B,5443,218,3809840,5948,28.9,1021.8,56-614-135
2026-09-05 12:07:05,T,4589,736,3810014,2771,28.9,1021.8,56-614-135
2026-09-05 12:07:05,B,5444,630,3810290,5948,28.9,1021.8,56-614-135
2026-09-05 12:07:05,T,4590,114,3810529,2771,28.9,1021.8,56-614-135
2026-09-05 12:07:07,B,5445,468,3811899,5950,28.9,1021.8,56-614-135
2026-09-05 12:07:08,T,4591,134,3812611,2773,28.9,1021.8,56-614-135
2026-09-05 12:07:08,T,4592,157,3812773,2773,28.9,1021.8,56-614-135
2026-09-05 12:07:08,B,5446,66,3812907,5950,28.9,1021.8,56-614-135
2026-09-05 12:07:08,T,4593,439,3813326,2773,28.9,1021.8,56-614-135
2026-09-05 12:07:09,T,4594,88,3814053,2773,28.9,1021.8,56-614-135
2026-09-05 12:07:09,B,5447,414,3814053,5952,28.9,1021.8,56-614-135
2026-09-05 12:07:09,C,827,251,3814053,4363,28.9,1021.8,56-614-135
2026-09-05 12:07:10,B,5448,191,3815060,5953,28.9,1021.8,56-614-135
2026-09-05 12:07:10,T,4595,95,3815378,2774,28.9,1021.8,56-614-135
2026-09-05 12:07:10,T,4596,354,3815390,2774,28.9,1021.8,56-614-135
2026-09-05 12:07:11,T,4597,52,3816323,2776,28.9,1021.8,56-614-135
2026-09-05 12:07:11,B,5449,483,3816425,5956,28.9,1021.8,56-614-135
2026-09-05 12:07:11,T,4598,565,3816456,2776,28.9,1021.8,56-614-135
2026-09-05 12:07:11,B,5450,661,3816456,5956,28.9,1021.8,56-614-135
2026-09-05 12:07:11,C,828,613,3816456,4366,28.9,1021.8,56-614-135
2026-09-05 12:07:11,T,4599,66,3816470,2776,28.9,1021.8,56-614-135
2026-09-05 12:07:12,B,5451,224,3816977,5958,28.9,1021.8,56-614-135
2026-09-05 12:07:12,B,5452,103,3817632,5958,28.9,1021.8,56-614-135
2026-09-05 12:07:13,T,4600,87,3818448,2776,28.9,1021.8,56-614-135
2026-09-05 12:07:13,B,5453,51,3818621,5959,28.9,1021.8,56-614-135
2026-09-05 12:07:14,B,5454,108,3818763,5961,28.9,1021.8,56-614-135
2026-09-05 12:07:14,T,4601,59,3818787,2777,28.9,1021.8,56-614-135
2026-09-05 12:07:14,B,5455,64,3818814,5961,28.9,1021.8,56-614-135
2026-09-05 12:07:14,B,5456,80,3819309,5961,28.9,1021.8,56-614-135
2026-09-05 12:07:14,T,4602,367,3819453,2777,28.9,1021.8,56-614-135
2026-09-05 12:07:15,B,5457,72,3819812,5964,28.9,1021.8,56-614-135
2026-09-05 12:07:15,B,5458,85,3820054,5964,28.9,1021.8,56-614-135
2026-09-05 12:07:15,B,5459,258,3820159,5964,28.9,1021.8,56-614-135
2026-09-05 12:07:16,T,4603,221,3821459,2778,28.9,1021.8,56-614-135
2026-09-05 12:07:17,B,5460,646,3821770,5967,28.9,1021.8,56-614-135
2026-09-05 12:07:17,B,5461,395,3821861,5967,28.9,1021.8,56-614-135
2026-09-05 12:07:17,T,4604,682,3822079,2779,28.9,1021.8,56-614-135
2026-09-05 12:07:17,T,4605,59,3822560,2779,28.9,1021.8,56-614-135
2026-09-05 12:07:18,B,5462,193,3822728,5969,28.9,1021.8,56-614-135
2026-09-05 12:07:18,B,5463,91,3822900,5969,28.9,1021.8,56-614-135
2026-09-05 12:07:18,B,5464,90,3823564,5969,28.9,1021.8,56-614-135
2026-09-05 12:07:18,T,4606,83,3823687,2779,28.9,1021.8,56-614-135
2026-09-05 12:07:19,B,5465,50,3824295,5972,28.9,1021.8,56-614-135
2026-09-05 12:07:19,B,5466,370,3824430,5972,28.9,1021.8,56-614-135
2026-09-05 12:07:19,B,5467,165,3824728,5972,28.9,1021.8,56-614-135
2026-09-05 12:07:20,T,4607,266,3824824,2780,28.9,1021.8,56-614-135
2026-09-05 12:07:21,B,5468,772,3826211,5974,28.9,1021.8,56-614-135
2026-09-05 12:07:22,T,4608,535,3827200,2781,28.9,1021.8,56-614-135
2026-09-05 12:07:22,B,5469,393,3827200,5975,28.9,1021.8,56-614-135
2026-09-05 12:07:22,C,829,464,3827200,4378,28.9,1021.8,56-614-135
2026-09-05 12:07:22,T,4609,354,3827326,2781,28.9,1021.8,56-614-135
2026-09-05 12:07:23,B,5470,611,3827840,5978,28.9,1021.8,56-614-135
2026-09-05 12:07:23,T,4610,288,3828315,2782,28.9,1021.8,56-614-135
2026-09-05 12:07:23,B,5471,56,3828570,5978,28.9,1021.8,56-614-135
2026-09-05 12:07:24,T,4611,120,3828931,2783,28.9,1021.8,56-614-135
2026-09-05 12:07:25,T,4612,84,3830033,2783,28.9,1021.8,56-614-135
2026-09-05 12:07:25,B,5472,183,3830463,5979,28.9,1021.8,56-614-135
2026-09-05 12:07:26,B,5473,508,3830947,5981,28.9,1021.8,56-614-135
2026-09-05 12:07:26,B,5474,79,3831410,5981,28.9,1021.8,56-614-135
2026-09-05 12:07:26,T,4613,139,3831498,2783,28.9,1021.8,56-614-135
2026-09-05 12:07:26,T,4614,56,3831541,2783,28.9,1021.8,56-614-135
2026-09-05 12:07:27,T,4615,91,3832435,2784,28.9,1021.8,56-614-135
2026-09-05 12:07:28,T,4616,85,3833297,2784,28.9,1021.9,56-614-135
2026-09-05 12:07:28,T,4617,146,3833724,2784,28.9,1021.9,56-614-135
2026-09-05 12:07:29,T,4618,234,3834297,2785,28.9,1021.9,56-614-135
2026-09-05 12:07:30,T,4619,77,3834899,2787,28.9,1021.9,56-614-135
2026-09-05 12:07:30,B,5475,62,3834910,5982,28.9,1021.9,56-614-135
2026-09-05 12:07:30,T,4620,143,3835351,2787,28.9,1021.9,56-614-135
2026-09-05 12:07:30,T,4621,180,3835597,2787,28.9,1021.9,56-614-135
2026-09-05 12:07:30,T,4622,128,3835650,2787,28.9,1021.9,56-614-135
2026-09-05 12:07:31,T,4623,410,3836059,2788,28.9,1021.9,56-614-135
2026-09-05 12:07:31,B,5476,453,3836059,5983,28.9,1021.9,56-614-135
2026-09-05 12:07:31,C,830,432,3836059,4386,28.9,1021.9,56-614-135
2026-09-05 12:07:31,T,4624,75,3836553,2788,28.9,1021.9,56-614-135
2026-09-05 12:07:31,T,4625,123,3836626,2788,28.9,1021.9,56-614-135
2026-09-05 12:07:32,T,4626,319,3836881,2790,28.9,1021.9,56-614-135
2026-09-05 12:07:32,B,5477,532,3836999,5985,28.9,1021.9,56-614-135
2026-09-05 12:07:32,T,4627,452,3837080,2790,28.9,1021.9,56-614-135
2026-09-05 12:07:33,T,4628,475,3837937,2791,28.9,1021.9,56-614-135
2026-09-05 12:07:33,B,5478,157,3837973,5987,28.9,1021.9,56-614-135
2026-09-05 12:07:33,B,5479,569,3838356,5987,28.9,1021.9,56-614-135
2026-09-05 12:07:34,B,5480,284,3839290,5989,28.9,1021.9,56-614-135
2026-09-05 12:07:34,T,4629,131,3839587,2791,28.9,1021.9,56-614-135
2026-09-05 12:07:34,B,5481,67,3839865,5989,28.9,1021.9,56-614-135
2026-09-05 12:07:35,B,5482,59,3840120,5992,28.9,1021.9,56-614-135
2026-09-05 12:07:35,B,5483,166,3840155,5992,28.9,1021.9,56-614-135
2026-09-05 12:07:35,B,5484,234,3840600,5992,28.9,1021.9,56-614-135
2026-09-05 12:07:36,T,4630,163,3840954,2792,28.9,1021.9,56-614-135
2026-09-05 12:07:38,B,5485,100,3843085,5995,28.9,1021.8,56-614-135
2026-09-05 12:07:38,B,5486,228,3843457,5995,28.9,1021.8,56-614-135
2026-09-05 12:07:38,B,5487,54,3843897,5995,28.9,1021.8,56-614-135
2026-09-05 12:07:39,T,4631,96,3844295,2794,28.9,1021.8,56-614-135
2026-09-05 12:07:39,T,4632,318,3844384,2794,28.9,1021.8,56-614-135
2026-09-05 12:07:39,T,4633,391,3844826,2794,28.9,1021.8,56-614-135
2026-09-05 12:07:40,T,4634,62,3845680,2794,28.9,1021.8,56-614-135
2026-09-05 12:07:40,B,5488,263,3845696,5996,28.9,1021.8,56-614-135
2026-09-05 12:07:40,T,4635,144,3845730,2794,28.9,1021.8,56-614-135
2026-09-05 12:07:41,T,4636,92,3846167,2794,28.9,1021.8,56-614-135
2026-09-05 12:07:42,B,5489,143,3847473,5997,28.9,1021.8,56-614-135
2026-09-05 12:07:45,B,5490,527,3850029,6001,28.9,1021.9,56-614-135
2026-09-05 12:07:45,B,5491,251,3850739,6001,28.9,1021.9,56-614-135
2026-09-05 12:07:46,T,4637,87,3850749,2795,28.9,1021.9,56-614-135
2026-09-05 12:07:46,B,5492,521,3850770,6001,28.9,1021.9,56-614-135
2026-09-05 12:07:47,T,4638,60,3851530,2795,28.9,1021.9,56-614-135
2026-09-05 12:07:47,B,5493,330,3851612,6003,28.9,1021.9,56-614-135
2026-09-05 12:07:47,B,5494,86,3851811,6003,28.9,1021.9,56-614-135
2026-09-05 12:07:47,T,4639,90,3851888,2795,28.9,1021.9,56-614-135
2026-09-05 12:07:49,B,5495,58,3853374,6004,28.9,1021.8,56-614-135
2026-09-05 12:07:50,T,4640,583,3854305,2796,28.9,1021.8,56-614-135
2026-09-05 12:07:50,B,5496,559,3854305,6007,28.9,1021.8,56-614-135
2026-09-05 12:07:50,C,831,571,3854305,4402,28.9,1021.8,56-614-135
2026-09-05 12:07:50,B,5497,58,3854682,6007,28.9,1021.8,56-614-135
2026-09-05 12:07:50,B,5498,309,3854810,6007,28.9,1021.8,56-614-135
2026-09-05 12:07:51,T,4641,154,3855124,2798,28.9,1021.8,56-614-135
2026-09-05 12:07:51,B,5499,140,3855872,6008,28.9,1021.8,56-614-135
2026-09-05 12:07:51,T,4642,336,3855910,2798,28.9,1021.8,56-614-135
2026-09-05 12:07:51,T,4643,172,3856025,2798,28.9,1021.8,56-614-135
2026-09-05 12:07:52,T,4644,62,3856262,2799,28.9,1021.8,56-614-135
2026-09-05 12:07:52,T,4645,63,3856804,2799,28.9,1021.8,56-614-135
2026-09-05 12:07:52,T,4646,433,3856867,2799,28.9,1021.8,56-614-135
2026-09-05 12:07:52,B,5500,467,3856867,6010,28.9,1021.8,56-614-135
2026-09-05 12:07:52,C,832,450,3856867,4404,28.9,1021.8,56-614-135
2026-09-05 12:07:52,T,4647,82,3856930,2799,28.9,1021.8,56-614-135
2026-09-05 12:07:53,T,4648,529,3857176,2800,28.9,1021.8,56-614-135
2026-09-05 12:07:53,B,5501,119,3857176,6014,28.9,1021.8,56-614-135
2026-09-05 12:07:53,C,833,324,3857176,4407,28.9,1021.8,56-614-135
2026-09-05 12:07:53,B,5502,104,3857223,6014,28.9,1021.8,56-614-135
2026-09-05 12:07:53,B,5503,185,3857259,6014,28.9,1021.8,56-614-135
2026-09-05 12:07:53,B,5504,379,3857979,6014,28.9,1021.8,56-614-135
2026-09-05 12:07:54,T,4649,120,3858204,2802,28.9,1021.8,56-614-135
2026-09-05 12:07:54,B,5505,90,3858219,6015,28.9,1021.8,56-614-135
2026-09-05 12:07:54,T,4650,132,3858464,2802,28.9,1021.8,56-614-135
2026-09-05 12:07:54,T,4651,364,3858544,2802,28.9,1021.8,56-614-135
2026-09-05 12:07:55,T,4652,80,3859637,2803,28.9,1021.8,56-614-135
2026-09-05 12:07:55,T,4653,70,3859657,2803,28.9,1021.8,56-614-135
2026-09-05 12:07:55,T,4654,416,3859805,2803,28.9,1021.8,56-614-135
2026-09-05 12:07:55,B,5506,429,3859805,6016,28.9,1021.8,56-614-135
2026-09-05 12:07:55,C,834,422,3859805,4410,28.9,1021.8,56-614-135
2026-09-05 12:07:56,B,5507,145,3860249,6020,28.9,1021.8,56-614-135
2026-09-05 12:07:56,B,5508,377,3860593,6020,28.9,1021.8,56-614-135
2026-09-05 12:07:56,T,4655,79,3861004,2804,28.9,1021.8,56-614-135
2026-09-05 12:07:56,B,5509,518,3861066,6020,28.9,1021.8,56-614-135
2026-09-05 12:07:56,T,4656,498,3861066,2804,28.9,1021.8,56-614-135
2026-09-05 12:07:57,B,5510,52,3861301,6022,28.9,1021.8,56-614-135
2026-09-05 12:07:57,B,5511,493,3861979,6022,28.9,1021.8,56-614-135
2026-09-05 12:07:58,B,5512,233,3862915,6023,28.9,1021.8,56-614-135
2026-09-05 12:07:58,T,4657,122,3863127,2805,28.9,1021.8,56-614-135
2026-09-05 12:08:00,T,4658,396,3864220,2808,28.9,1021.8,56-614-135
2026-09-05 12:08:00,B,5513,461,3864220,6028,28.9,1021.8,56-614-135
2026-09-05 12:08:00,C,835,428,3864220,4418,28.9,1021.8,56-614-135
2026-09-05 12:08:00,T,4659,588,3864719,2808,28.9,1021.8,56-614-135
2026-09-05 12:08:00,B,5514,490,3864719,6028,28.9,1021.8,56-614-135
2026-09-05 12:08:00,C,836,539,3864719,4418,28.9,1021.8,56-614-135
2026-09-05 12:08:00,T,4660,94,3864942,2808,28.9,1021.8,56-614-135
2026-09-05 12:08:00,T,4661,510,3865100,2808,28.9,1021.8,56-614-135
2026-09-05 12:08:00,B,5515,717,3865100,6028,28.9,1021.8,56-614-135
2026-09-05 12:08:00,C,837,613,3865100,4418,28.9,1021.8,56-614-135
2026-09-05 12:08:01,T,4662,76,3865322,2809,28.9,1021.8,56-614-135
2026-09-05 12:08:01,B,5516,413,3865564,6031,28.9,1021.8,56-614-135
2026-09-05 12:08:01,T,4663,342,3865767,2809,28.9,1021.8,56-614-135
2026-09-05 12:08:01,B,5517,416,3865767,6031,28.9,1021.8,56-614-135
2026-09-05 12:08:01,C,838,379,3865767,4420,28.9,1021.8,56-614-135
2026-09-05 12:08:02,B,5518,80,3866326,6032,28.9,1021.8,56-614-135
2026-09-05 12:08:02,B,5519,50,3866477,6032,28.9,1021.8,56-614-135
2026-09-05 12:08:03,B,5520,92,3867426,6034,28.9,1021.8,56-614-135
2026-09-05 12:08:03,B,5521,59,3867825,6034,28.9,1021.8,56-614-135
2026-09-05 12:08:04,B,5522,63,3868251,6035,28.9,1021.9,56-614-135
2026-09-05 12:08:04,B,5523,64,3868667,6035,28.9,1021.9,56-614-135
2026-09-05 12:08:05,T,4664,374,3869768,2810,28.9,1021.9,56-614-135
2026-09-05 12:08:05,B,5524,283,3869774,6038,28.9,1021.9,56-614-135
2026-09-05 12:08:05,B,5525,440,3869917,6038,28.9,1021.9,56-614-135
2026-09-05 12:08:05,T,4665,172,3870142,2810,28.9,1021.9,56-614-135
2026-09-05 12:08:06,B,5526,467,3870581,6040,28.9,1021.9,56-614-135
2026-09-05 12:08:06,B,5527,160,3870939,6040,28.9,1021.9,56-614-135
2026-09-05 12:08:07,T,4666,51,3871382,2811,28.9,1021.9,56-614-135
2026-09-05 12:08:07,B,5528,547,3871382,6044,28.9,1021.9,56-614-135
2026-09-05 12:08:07,C,839,299,3871382,4428,28.9,1021.9,56-614-135
2026-09-05 12:08:07,B,5529,474,3871413,6044,28.9,1021.9,56-614-135
2026-09-05 12:08:07,T,4667,335,3871413,2811,28.9,1021.9,56-614-135
2026-09-05 12:08:07,B,5530,56,3871676,6044,28.9,1021.9,56-614-135
2026-09-05 12:08:08,T,4668,361,3872359,2813,28.9,1021.9,56-614-135
2026-09-05 12:08:08,B,5531,344,3872359,6050,28.9,1021.9,56-614-135
2026-09-05 12:08:08,C,840,352,3872359,4432,28.9,1021.9,56-614-135
2026-09-05 12:08:08,T,4669,57,3872914,2813,28.9,1021.9,56-614-135
2026-09-05 12:08:08,B,5532,321,3873007,6051,28.9,1021.9,56-614-135
2026-09-05 12:08:08,T,4670,507,3873029,2813,28.9,1021.9,56-614-135
2026-09-05 12:08:08,B,5533,482,3873029,6051,28.9,1021.9,56-614-135
2026-09-05 12:08:08,C,841,495,3873029,4432,28.9,1021.9,56-614-135
2026-09-05 12:08:08,B,5534,93,3873166,6051,28.9,1021.9,56-614-135
2026-09-05 12:08:08,B,5535,219,3873245,6051,28.9,1021.9,56-614-135
2026-09-05 12:08:08,B,5536,268,3873297,6051,28.9,1021.9,56-614-135
2026-09-05 12:08:09,T,4671,310,3873867,2814,28.9,1021.8,56-614-135
2026-09-05 12:08:09,B,5537,512,3874286,6053,28.9,1021.8,56-614-135
2026-09-05 12:08:10,B,5538,504,3874415,6054,28.9,1021.8,56-614-135
2026-09-05 12:08:10,T,4672,122,3874498,2815,28.9,1021.8,56-614-135
2026-09-05 12:08:10,T,4673,206,3874882,2815,28.9,1021.8,56-614-135
2026-09-05 12:08:10,T,4674,61,3875036,2815,28.9,1021.8,56-614-135
2026-09-05 12:08:10,T,4675,81,3875108,2815,28.9,1021.8,56-614-135
2026-09-05 12:08:11,B,5539,100,3875531,6055,28.9,1021.8,56-614-135
2026-09-05 12:08:11,T,4676,142,3876128,2816,28.9,1021.8,56-614-135
2026-09-05 12:08:12,B,5540,503,3876527,6057,28.9,1021.8,56-614-135
2026-09-05 12:08:12,T,4677,110,3876796,2816,28.9,1021.8,56-614-135
2026-09-05 12:08:13,T,4678,233,3877906,2817,28.9,1021.8,56-614-135
2026-09-05 12:08:13,B,5541,61,3878066,6057,28.9,1021.8,56-614-135
2026-09-05 12:08:14,B,5542,51,3879082,6058,28.9,1021.8,56-614-135
2026-09-05 12:08:15,T,4679,361,3879736,2818,28.9,1021.8,56-614-135
2026-09-05 12:08:15,B,5543,119,3880066,6059,28.9,1021.8,56-614-135
2026-09-05 12:08:15,T,4680,51,3880200,2818,28.9,1021.8,56-614-135
2026-09-05 12:08:15,T,4681,226,3880254,2818,28.9,1021.8,56-614-135
2026-09-05 12:08:17,T,4682,55,3881646,2819,28.9,1021.8,56-614-135
2026-09-05 12:08:17,T,4683,288,3881911,2819,28.9,1021.8,56-614-135
2026-09-05 12:08:17,T,4684,59,3882304,2819,28.9,1021.8,56-614-135
2026-09-05 12:08:18,T,4685,150,3882537,2821,28.9,1021.8,56-614-135
2026-09-05 12:08:18,T,4686,362,3882671,2821,28.9,1021.8,56-614-135
2026-09-05 12:08:18,B,5544,182,3882671,6061,28.9,1021.8,56-614-135
2026-09-05 12:08:18,C,842,272,3882671,4441,28.9,1021.8,56-614-135
2026-09-05 12:08:18,B,5545,505,3882851,6061,28.9,1021.8,56-614-135
2026-09-05 12:08:18,T,4687,59,3883341,2821,28.9,1021.8,56-614-135
2026-09-05 12:08:19,T,4688,109,3883781,2823,28.9,1021.8,56-614-135
2026-09-05 12:08:19,T,4689,209,3883876,2823,28.9,1021.8,56-614-135
2026-09-05 12:08:19,B,5546,304,3883884,6063,28.9,1021.8,56-614-135
2026-09-05 12:08:19,T,4690,560,3883960,2823,28.9,1021.8,56-614-135
2026-09-05 12:08:19,T,4691,51,3884007,2823,28.9,1021.8,56-614-135
2026-09-05 12:08:19,T,4692,54,3884220,2823,28.9,1021.8,56-614-135
2026-09-05 12:08:19,T,4693,345,3884421,2823,28.9,1021.8,56-614-135
2026-09-05 12:08:20,B,5547,328,3884732,6065,28.9,1021.8,56-614-135
2026-09-05 12:08:20,B,5548,50,3884767,6065,28.9,1021.8,56-614-135
2026-09-05 12:08:20,T,4694,110,3885357,2824,28.9,1021.8,56-614-135
2026-09-05 12:08:21,T,4695,450,3886171,2825,28.9,1021.8,56-614-135
2026-09-05 12:08:21,B,5549,415,3886188,6066,28.9,1021.8,56-614-135
2026-09-05 12:08:22,B,5550,146,3886611,6067,28.9,1021.8,56-614-135
2026-09-05 12:08:22,T,4696,264,3887058,2825,28.9,1021.8,56-614-135
2026-09-05 12:08:23,B,5551,67,3888067,6070,28.9,1021.8,56-614-135
2026-09-05 12:08:23,B,5552,304,3888115,6070,28.9,1021.8,56-614-135
2026-09-05 12:08:23,B,5553,82,3888310,6070,28.9,1021.8,56-614-135
2026-09-05 12:08:24,T,4697,930,3888716,2828,28.9,1021.8,56-614-135
2026-09-05 12:08:24,B,5554,209,3888793,6072,28.9,1021.8,56-614-135
2026-09-05 12:08:24,T,4698,124,3888936,2828,28.9,1021.8,56-614-135
2026-09-05 12:08:24,B,5555,482,3889016,6072,28.9,1021.8,56-614-135
2026-09-05 12:08:24,T,4699,362,3889057,2828,28.9,1021.8,56-614-135
2026-09-05 12:08:25,B,5556,76,3889597,6074,28.9,1021.8,56-614-135
2026-09-05 12:08:25,B,5557,55,3890233,6074,28.9,1021.8,56-614-135
2026-09-05 12:08:25,T,4700,247,3890402,2829,28.9,1021.8,56-614-135
2026-09-05 12:08:26,B,5558,123,3891140,6076,28.9,1021.8,56-614-135
2026-09-05 12:08:26,B,5559,192,3891318,6076,28.9,1021.8,56-614-135
2026-09-05 12:08:26,T,4701,110,3891335,2829,28.9,1021.8,56-614-135
2026-09-05 12:08:27,T,4702,550,3892176,2831,28.9,1021.8,56-614-135
2026-09-05 12:08:27,B,5560,147,3892176,6077,28.9,1021.8,56-614-135
2026-09-05 12:08:27,C,843,348,3892176,4454,28.9,1021.8,56-614-135
2026-09-05 12:08:27,T,4703,216,3892244,2831,28.9,1021.8,56-614-135
2026-09-05 12:08:28,T,4704,68,3892941,2831,28.9,1021.8,56-614-135
2026-09-05 12:08:29,B,5561,138,3893627,6078,28.9,1021.8,56-614-135
2026-09-05 12:08:29,B,5562,70,3893905,6078,28.9,1021.8,56-614-135
2026-09-05 12:08:29,T,4705,134,3893910,2831,28.9,1021.8,56-614-135
2026-09-05 12:08:30,B,5563,331,3894810,6081,28.9,1021.8,56-614-135
2026-09-05 12:08:30,B,5564,146,3895496,6081,28.9,1021.8,56-614-135
2026-09-05 12:08:31,B,5565,253,3896308,6082,28.9,1021.8,56-614-135
2026-09-05 12:08:32,B,5566,72,3897369,6084,28.9,1021.8,56-614-135
2026-09-05 12:08:32,B,5567,199,3897425,6084,28.9,1021.8,56-614-135
2026-09-05 12:08:33,T,4706,275,3897844,2832,28.9,1021.8,56-614-135
2026-09-05 12:08:33,T,4707,124,3897970,2832,28.9,1021.8,56-614-135
2026-09-05 12:08:33,B,5568,300,3897987,6085,28.9,1021.8,56-614-135
2026-09-05 12:08:34,B,5569,81,3898627,6086,28.9,1021.8,56-614-135
2026-09-05 12:08:34,T,4708,70,3899509,2832,28.9,1021.8,56-614-135
2026-09-05 12:08:35,B,5570,91,3899693,6088,28.9,1021.8,56-614-135
2026-09-05 12:08:35,B,5571,90,3900413,6088,28.9,1021.8,56-614-135
2026-09-05 12:08:36,B,5572,307,3900677,6090,28.9,1021.8,56-614-135
2026-09-05 12:08:36,B,5573,80,3900983,6090,28.9,1021.8,56-614-135
2026-09-05 12:08:37,T,4709,75,3901932,2833,28.9,1021.8,56-614-135
2026-09-05 12:08:37,T,4710,201,3902560,2833,28.9,1021.8,56-614-135
2026-09-05 12:08:38,T,4711,152,3902678,2835,28.9,1021.8,56-614-135
2026-09-05 12:08:38,B,5574,186,3902695,6092,28.9,1021.8,56-614-135
2026-09-05 12:08:38,T,4712,503,3903236,2835,28.9,1021.8,56-614-135
2026-09-05 12:08:38,B,5575,816,3903236,6092,28.9,1021.8,56-614-135
2026-09-05 12:08:38,C,844,659,3903236,4464,28.9,1021.8,56-614-135
2026-09-05 12:08:39,T,4713,142,3904065,2835,28.9,1021.8,56-614-135
2026-09-05 12:08:41,B,5576,70,3905792,6093,28.9,1021.8,56-614-135
2026-09-05 12:08:41,T,4714,256,3905802,2836,28.9,1021.8,56-614-135
2026-09-05 12:08:42,T,4715,103,3907315,2836,28.9,1021.8,56-614-135
2026-09-05 12:08:43,B,5577,54,3908062,6094,28.9,1021.8,56-614-135
2026-09-05 12:08:43,T,4716,102,3908520,2836,28.9,1021.8,56-614-135
2026-09-05 12:08:44,T,4717,432,3909326,2837,28.9,1021.8,56-614-135
2026-09-05 12:08:44,B,5578,119,3909351,6095,28.9,1021.8,56-614-135
2026-09-05 12:08:45,B,5579,70,3909754,6097,28.9,1021.8,56-614-135
2026-09-05 12:08:45,T,4718,394,3910137,2838,28.9,1021.8,56-614-135
2026-09-05 12:08:45,B,5580,398,3910137,6097,28.9,1021.8,56-614-135
2026-09-05 12:08:45,C,845,396,3910137,4467,28.9,1021.8,56-614-135
2026-09-05 12:08:46,B,5581,57,3910740,6099,28.9,1021.8,56-614-135
2026-09-05 12:08:46,B,5582,469,3910927,6099,28.9,1021.8,56-614-135
2026-09-05 12:08:47,T,4719,88,3912066,2839,28.9,1021.8,56-614-135
2026-09-05 12:08:47,T,4720,450,3912109,2839,28.9,1021.8,56-614-135
2026-09-05 12:08:47,B,5583,363,3912109,6100,28.9,1021.8,56-614-135
2026-09-05 12:08:47,C,846,406,3912109,4470,28.9,1021.8,56-614-135
2026-09-05 12:08:48,B,5584,216,3913017,6101,28.9,1021.8,56-614-135
2026-09-05 12:08:48,T,4721,118,3913601,2840,28.9,1021.8,56-614-135
2026-09-05 12:08:49,T,4722,137,3913772,2840,28.9,1021.8,56-614-135
2026-09-05 12:08:49,T,4723,76,3914717,2840,28.9,1021.8,56-614-135
2026-09-05 12:08:50,T,4724,303,3914919,2843,28.9,1021.8,56-614-135
2026-09-05 12:08:50,B,5585,121,3915293,6104,28.9,1021.8,56-614-135
2026-09-05 12:08:50,B,5586,457,3915352,6104,28.9,1021.8,56-614-135
2026-09-05 12:08:50,T,4725,366,3915352,2843,28.9,1021.8,56-614-135
2026-09-05 12:08:50,T,4726,243,3915753,2843,28.9,1021.8,56-614-135
2026-09-05 12:08:51,T,4727,249,3915971,2843,28.9,1021.8,56-614-135
2026-09-05 12:08:51,B,5587,79,3916264,6104,28.9,1021.8,56-614-135
2026-09-05 12:08:52,T,4728,178,3917365,2845,28.9,1021.8,56-614-135
2026-09-05 12:08:52,B,5588,146,3917635,6105,28.9,1021.8,56-614-135
2026-09-05 12:08:52,T,4729,536,3917658,2845,28.9,1021.8,56-614-135
2026-09-05 12:08:53,T,4730,54,3917863,2846,28.9,1021.8,56-614-135
2026-09-05 12:08:53,T,4731,467,3918478,2846,28.9,1021.8,56-614-135
2026-09-05 12:08:54,B,5589,268,3919152,6108,28.9,1021.8,56-614-135
2026-09-05 12:08:54,T,4732,171,3919174,2847,28.9,1021.8,56-614-135
2026-09-05 12:08:54,T,4733,328,3919608,2847,28.9,1021.8,56-614-135
2026-09-05 12:08:54,B,5590,110,3919608,6108,28.9,1021.8,56-614-135
2026-09-05 12:08:54,C,847,219,3919608,4477,28.9,1021.8,56-614-135
2026-09-05 12:08:55,T,4734,121,3920185,2848,28.9,1021.8,56-614-135
2026-09-05 12:08:55,B,5591,132,3920276,6110,28.9,1021.8,56-614-135
2026-09-05 12:08:55,B,5592,601,3920719,6110,28.9,1021.8,56-614-135
2026-09-05 12:08:56,T,4735,55,3921141,2848,28.9,1021.8,56-614-135
2026-09-05 12:08:56,B,5593,90,3921208,6111,28.9,1021.8,56-614-135
2026-09-05 12:08:56,T,4736,141,3921599,2848,28.9,1021.8,56-614-135
2026-09-05 12:08:57,B,5594,51,3921932,6115,28.9,1021.8,56-614-135
2026-09-05 12:08:57,B,5595,81,3922466,6115,28.9,1021.8,56-614-135
2026-09-05 12:08:57,T,4737,381,3922529,2850,28.9,1021.8,56-614-135
2026-09-05 12:08:57,B,5596,210,3922776,6115,28.9,1021.8,56-614-135
2026-09-05 12:08:57,B,5597,668,3922850,6115,28.9,1021.8,56-614-135
2026-09-05 12:08:57,T,4738,532,3922850,2850,28.9,1021.8,56-614-135
2026-09-05 12:08:58,T,4739,55,3922899,2850,28.9,1021.8,56-614-135
2026-09-05 12:08:58,B,5598,95,3923029,6117,28.9,1021.8,56-614-135
2026-09-05 12:08:58,B,5599,354,3923390,6117,28.9,1021.8,56-614-135
2026-09-05 12:08:59,B,5600,475,3923992,6119,28.9,1021.8,56-614-135
2026-09-05 12:08:59,T,4740,486,3924164,2852,28.9,1021.8,56-614-135
2026-09-05 12:08:59,T,4741,206,3924562,2852,28.9,1021.8,56-614-135
2026-09-05 12:09:00,B,5601,155,3924973,6120,28.9,1021.8,56-614-135
2026-09-05 12:09:00,T,4742,276,3925296,2852,28.9,1021.8,56-614-135
2026-09-05 12:09:00,B,5602,58,3925483,6120,28.9,1021.8,56-614-135
2026-09-05 12:09:01,B,5603,228,3926692,6122,28.9,1021.8,56-614-135
2026-09-05 12:09:01,T,4743,81,3926760,2853,28.9,1021.8,56-614-135
2026-09-05 12:09:01,T,4744,56,3926885,2853,28.9,1021.8,56-614-135
2026-09-05 12:09:02,B,5604,83,3927308,6122,28.9,1021.8,56-614-135
2026-09-05 12:09:02,T,4745,286,3927323,2853,28.9,1021.8,56-614-135
2026-09-05 12:09:03,T,4746,333,3928378,2854,28.9,1021.8,56-614-135
2026-09-05 12:09:04,B,5605,387,3929140,6126,28.9,1021.8,56-614-135
2026-09-05 12:09:04,B,5606,141,3929502,6126,28.9,1021.8,56-614-135
2026-09-05 12:09:04,B,5607,88,3929789,6126,28.9,1021.8,56-614-135
2026-09-05 12:09:04,B,5608,61,3929904,6126,28.9,1021.8,56-614-135
2026-09-05 12:09:05,T,4747,175,3930825,2855,28.9,1021.8,56-614-135
2026-09-05 12:09:06,B,5609,75,3931493,6127,28.9,1021.8,56-614-135
2026-09-05 12:09:06,T,4748,66,3931665,2855,28.9,1021.8,56-614-135
2026-09-05 12:09:06,T,4749,120,3931672,2855,28.9,1021.8,56-614-135
2026-09-05 12:09:07,T,4750,335,3931991,2856,28.9,1021.8,56-614-135
2026-09-05 12:09:08,B,5610,236,3933306,6128,28.9,1021.8,56-614-135
2026-09-05 12:09:08,T,4751,102,3933613,2856,28.9,1021.8,56-614-135
2026-09-05 12:09:09,T,4752,711,3934022,2858,28.9,1021.9,56-614-135
2026-09-05 12:09:09,B,5611,672,3934022,6135,28.9,1021.9,56-614-135
2026-09-05 12:09:09,C,848,691,3934022,4496,28.9,1021.9,56-614-135
2026-09-05 12:09:09,B,5612,100,3934049,6135,28.9,1021.9,56-614-135
2026-09-05 12:09:09,B,5613,64,3934097,6135,28.9,1021.9,56-614-135
2026-09-05 12:09:09,B,5614,91,3934571,6135,28.9,1021.9,56-614-135
2026-09-05 12:09:09,B,5615,527,3934773,6135,28.9,1021.9,56-614-135
2026-09-05 12:09:09,B,5616,331,3935010,6135,28.9,1021.9,56-614-135
2026-09-05 12:09:10,T,4753,653,3935247,2861,28.9,1021.9,56-614-135
2026-09-05 12:09:10,B,5617,58,3935355,6137,28.9,1021.9,56-614-135
2026-09-05 12:09:10,T,4754,550,3935609,2861,28.9,1021.9,56-614-135
2026-09-05 12:09:10,B,5618,133,3935764,6137,28.9,1021.9,56-614-135
2026-09-05 12:09:10,B,5619,156,3935805,6137,28.9,1021.9,56-614-135
2026-09-05 12:09:10,T,4755,362,3935833,2861,28.9,1021.9,56-614-135
2026-09-05 12:09:12,B,5620,172,3936054,6140,28.9,1021.9,56-614-135
2026-09-05 12:09:12,T,4756,86,3936308,2862,28.9,1021.9,56-614-135
2026-09-05 12:09:12,T,4757,403,3936552,2862,28.9,1021.9,56-614-135
2026-09-05 12:09:12,B,5621,383,3936552,6140,28.9,1021.9,56-614-135
2026-09-05 12:09:12,C,849,393,3936552,4501,28.9,1021.9,56-614-135
2026-09-05 12:09:12,T,4758,272,3936580,2862,28.9,1021.9,56-614-135
2026-09-05 12:09:12,B,5622,52,3936955,6140,28.9,1021.9,56-614-135
2026-09-05 12:09:13,T,4759,68,3937158,2863,28.9,1021.9,56-614-135
2026-09-05 12:09:13,T,4760,240,3937668,2863,28.9,1021.9,56-614-135
2026-09-05 12:09:14,B,5623,122,3938214,6141,28.9,1021.9,56-614-135
2026-09-05 12:09:15,T,4761,276,3939475,2864,28.9,1021.8,56-614-135
2026-09-05 12:09:15,B,5624,64,3939522,6146,28.9,1021.8,56-614-135
2026-09-05 12:09:15,B,5625,305,3939650,6146,28.9,1021.8,56-614-135
2026-09-05 12:09:15,B,5626,125,3939751,6146,28.9,1021.8,56-614-135
2026-09-05 12:09:15,B,5627,314,3939851,6146,28.9,1021.8,56-614-135
2026-09-05 12:09:16,T,4762,371,3940205,2866,28.9,1021.8,56-614-135
2026-09-05 12:09:16,T,4763,63,3940390,2866,28.9,1021.8,56-614-135
2026-09-05 12:09:16,B,5628,139,3940465,6147,28.9,1021.8,56-614-135
2026-09-05 12:09:16,T,4764,470,3940764,2866,28.9,1021.8,56-614-135
2026-09-05 12:09:17,B,5629,450,3941146,6155,28.9,1021.8,56-614-135
2026-09-05 12:09:17,B,5630,400,3941214,6155,28.9,1021.8,56-614-135
2026-09-05 12:09:17,B,5631,71,3941236,6155,28.9,1021.8,56-614-135
2026-09-05 12:09:17,B,5632,273,3941735,6155,28.9,1021.8,56-614-135
2026-09-05 12:09:17,B,5633,51,3941758,6155,28.9,1021.8,56-614-135
2026-09-05 12:09:17,B,5634,290,3941784,6155,28.9,1021.8,56-614-135
2026-09-05 12:09:17,B,5635,69,3941945,6155,28.9,1021.8,56-614-135
2026-09-05 12:09:17,B,5636,549,3941992,6155,28.9,1021.8,56-614-135
2026-09-05 12:09:18,T,4765,125,3942544,2867,28.9,1021.8,56-614-135
2026-09-05 12:09:18,T,4766,407,3942645,2867,28.9,1021.8,56-614-135
2026-09-05 12:09:18,B,5637,376,3942645,6157,28.9,1021.8,56-614-135
2026-09-05 12:09:18,C,850,392,3942645,4512,28.9,1021.8,56-614-135
2026-09-05 12:09:19,B,5638,268,3943313,6159,28.9,1021.8,56-614-135
2026-09-05 12:09:19,T,4767,347,3943679,2868,28.9,1021.8,56-614-135
2026-09-05 12:09:19,B,5639,116,3944052,6159,28.9,1021.8,56-614-135
2026-09-05 12:09:19,T,4768,73,3944136,2868,28.9,1021.8,56-614-135
2026-09-05 12:09:20,B,5640,397,3944238,6162,28.9,1021.8,56-614-135
2026-09-05 12:09:20,B,5641,554,3944742,6162,28.9,1021.8,56-614-135
2026-09-05 12:09:21,B,5642,59,3945199,6164,28.9,1021.8,56-614-135
2026-09-05 12:09:21,T,4769,152,3945364,2869,28.9,1021.8,56-614-135
2026-09-05 12:09:21,T,4770,214,3946013,2869,28.9,1021.8,56-614-135
2026-09-05 12:09:21,B,5643,221,3946153,6164,28.9,1021.8,56-614-135
2026-09-05 12:09:22,B,5644,88,3946365,6165,28.9,1021.8,56-614-135
2026-09-05 12:09:23,B,5645,141,3947287,6166,28.9,1021.8,56-614-135
2026-09-05 12:09:23,B,5646,71,3947506,6166,28.9,1021.8,56-614-135
2026-09-05 12:09:23,T,4771,149,3948108,2870,28.9,1021.8,56-614-135
2026-09-05 12:09:23,T,4772,195,3948184,2870,28.9,1021.8,56-614-135
2026-09-05 12:09:24,B,5647,106,3948403,6170,28.9,1021.8,56-614-135
2026-09-05 12:09:24,B,5648,120,3948510,6170,28.9,1021.8,56-614-135
2026-09-05 12:09:24,B,5649,75,3948681,6170,28.9,1021.8,56-614-135
2026-09-05 12:09:24,B,5650,509,3948753,6170,28.9,1021.8,56-614-135
2026-09-05 12:09:24,T,4773,198,3948852,2871,28.9,1021.8,56-614-135
2026-09-05 12:09:25,B,5651,121,3949876,6172,28.9,1021.8,56-614-135
2026-09-05 12:09:25,B,5652,60,3950101,6172,28.9,1021.8,56-614-135
2026-09-05 12:09:26,T,4774,464,3950239,2872,28.9,1021.8,56-614-135
2026-09-05 12:09:26,B,5653,540,3950239,6173,28.9,1021.8,56-614-135
2026-09-05 12:09:26,C,851,502,3950239,4523,28.9,1021.8,56-614-135
2026-09-05 12:09:27,B,5654,139,3951620,6178,28.9,1021.8,56-614-135
2026-09-05 12:09:27,B,5655,119,3951994,6178,28.9,1021.8,56-614-135
2026-09-05 12:09:27,B,5656,248,3952148,6178,28.9,1021.8,56-614-135
2026-09-05 12:09:27,B,5657,264,3952230,6178,28.9,1021.8,56-614-135
2026-09-05 12:09:28,T,4775,69,3952755,2872,28.9,1021.8,56-614-135
2026-09-05 12:09:29,B,5658,358,3953683,6180,28.9,1021.8,56-614-135
2026-09-05 12:09:29,B,5659,109,3953787,6180,28.9,1021.8,56-614-135
2026-09-05 12:09:29,T,4776,52,3954091,2872,28.9,1021.8,56-614-135
2026-09-05 12:09:30,B,5660,679,3954860,6182,28.9,1021.8,56-614-135
2026-09-05 12:09:31,T,4777,396,3955419,2876,28.9,1021.8,56-614-135
2026-09-05 12:09:31,B,5661,266,3955505,6184,28.9,1021.8,56-614-135
2026-09-05 12:09:31,T,4778,304,3955711,2876,28.9,1021.8,56-614-135
2026-09-05 12:09:31,T,4779,437,3955763,2876,28.9,1021.8,56-614-135
2026-09-05 12:09:31,B,5662,134,3955763,6184,28.9,1021.8,56-614-135
2026-09-05 12:09:31,C,852,285,3955763,4530,28.9,1021.8,56-614-135
2026-09-05 12:09:31,T,4780,69,3955820,2876,28.9,1021.8,56-614-135
2026-09-05 12:09:31,T,4781,109,3955846,2876,28.9,1021.8,56-614-135
2026-09-05 12:09:31,T,4782,164,3956108,2876,28.9,1021.8,56-614-135
2026-09-05 12:09:32,B,5663,80,3956386,6185,28.9,1021.8,56-614-135
2026-09-05 12:09:32,T,4783,56,3956846,2876,28.9,1021.8,56-614-135
2026-09-05 12:09:33,B,5664,191,3957321,6188,28.9,1021.8,56-614-135
2026-09-05 12:09:33,T,4784,50,3957441,2876,28.9,1021.8,56-614-135
2026-09-05 12:09:33,T,4785,222,3957575,2876,28.9,1021.8,56-614-135
2026-09-05 12:09:33,B,5665,53,3957579,6188,28.9,1021.8,56-614-135
2026-09-05 12:09:33,B,5666,91,3957817,6188,28.9,1021.8,56-614-135
2026-09-05 12:09:33,B,5667,124,3957963,6188,28.9,1021.8,56-614-135
2026-09-05 12:09:34,B,5668,84,3958772,6190,28.9,1021.8,56-614-135
2026-09-05 12:09:34,T,4786,365,3959016,2877,28.9,1021.8,56-614-135
2026-09-05 12:09:34,B,5669,97,3959053,6190,28.9,1021.8,56-614-135
2026-09-05 12:09:34,B,5670,60,3959241,6190,28.9,1021.8,56-614-135
2026-09-05 12:09:35,T,4787,413,3959666,2881,28.9,1021.8,56-614-135
2026-09-05 12:09:35,T,4788,496,3959737,2881,28.9,1021.8,56-614-135
2026-09-05 12:09:35,B,5671,386,3959737,6192,28.9,1021.8,56-614-135
2026-09-05 12:09:35,C,853,441,3959737,4536,28.9,1021.8,56-614-135
2026-09-05 12:09:35,T,4789,392,3959900,2881,28.9,1021.8,56-614-135
2026-09-05 12:09:35,T,4790,357,3959980,2881,28.9,1021.8,56-614-135
2026-09-05 12:09:35,T,4791,96,3960003,2881,28.9,1021.8,56-614-135
2026-09-05 12:09:36,B,5672,61,3960746,6192,28.9,1021.8,56-614-135
2026-09-05 12:09:37,B,5673,124,3961465,6196,28.9,1021.8,56-614-135
2026-09-05 12:09:37,B,5674,452,3961645,6196,28.9,1021.8,56-614-135
2026-09-05 12:09:37,B,5675,230,3961661,6196,28.9,1021.8,56-614-135
2026-09-05 12:09:38,B,5676,304,3962987,6197,28.9,1021.8,56-614-135
2026-09-05 12:09:39,B,5677,293,3963449,6201,28.9,1021.8,56-614-135
2026-09-05 12:09:39,B,5678,446,3963512,6201,28.9,1021.8,56-614-135
2026-09-05 12:09:39,B,5679,169,3963760,6201,28.9,1021.8,56-614-135
2026-09-05 12:09:40,T,4792,448,3964810,2883,28.9,1021.8,56-614-135
2026-09-05 12:09:40,B,5680,341,3964810,6202,28.9,1021.8,56-614-135
2026-09-05 12:09:40,C,854,394,3964810,4543,28.9,1021.8,56-614-135
2026-09-05 12:09:40,T,4793,246,3964903,2883,28.9,1021.8,56-614-135
2026-09-05 12:09:40,T,4794,67,3965310,2883,28.9,1021.8,56-614-135
2026-09-05 12:09:41,T,4795,304,3965754,2885,28.9,1021.8,56-614-135
2026-09-05 12:09:41,T,4796,776,3965941,2885,28.9,1021.8,56-614-135
2026-09-05 12:09:41,B,5681,764,3965941,6206,28.9,1021.8,56-614-135
2026-09-05 12:09:41,C,855,770,3965941,4545,28.9,1021.8,56-614-135
2026-09-05 12:09:41,B,5682,617,3966018,6206,28.9,1021.8,56-614-135
2026-09-05 12:09:41,T,4797,106,3966268,2885,28.9,1021.8,56-614-135
2026-09-05 12:09:43,B,5683,327,3967445,6208,28.9,1021.8,56-614-135
2026-09-05 12:09:43,B,5684,451,3968137,6208,28.9,1021.8,56-614-135
2026-09-05 12:09:44,T,4798,314,3968853,2887,28.9,1021.8,56-614-135
2026-09-05 12:09:44,T,4799,361,3969435,2887,28.9,1021.8,56-614-135
2026-09-05 12:09:45,B,5685,174,3969660,6211,28.9,1021.8,56-614-135
2026-09-05 12:09:45,B,5686,614,3970088,6211,28.9,1021.8,56-614-135
2026-09-05 12:09:47,B,5687,139,3972365,6213,28.9,1021.8,56-614-135
2026-09-05 12:09:47,B,5688,120,3972425,6213,28.9,1021.8,56-614-135
2026-09-05 12:09:48,T,4800,341,3973325,2888,28.9,1021.8,56-614-135
2026-09-05 12:09:48,T,4801,95,3973387,2888,28.9,1021.8,56-614-135
2026-09-05 12:09:49,T,4802,540,3973750,2889,28.9,1021.8,56-614-135
2026-09-05 12:09:49,B,5689,441,3973750,6219,28.9,1021.8,56-614-135
2026-09-05 12:09:49,C,856,490,3973750,4554,28.9,1021.8,56-614-135
2026-09-05 12:09:49,T,4803,267,3974063,2889,28.9,1021.8,56-614-135
2026-09-05 12:09:49,B,5690,533,3974063,6219,28.9,1021.8,56-614-135
2026-09-05 12:09:49,C,857,400,3974063,4554,28.9,1021.8,56-614-135
2026-09-05 12:09:49,B,5691,63,3974121,6219,28.9,1021.8,56-614-135
2026-09-05 12:09:49,B,5692,89,3974434,6219,28.9,1021.8,56-614-135
2026-09-05 12:09:49,B,5693,176,3974476,6219,28.9,1021.8,56-614-135
2026-09-05 12:09:50,T,4804,75,3974737,2890,28.9,1021.8,56-614-135
2026-09-05 12:09:50,T,4805,316,3975416,2890,28.9,1021.8,56-614-135
2026-09-05 12:09:51,T,4806,319,3975788,2892,28.9,1021.8,56-614-135
2026-09-05 12:09:51,B,5694,78,3975947,6219,28.9,1021.8,56-614-135
2026-09-05 12:09:51,T,4807,178,3976108,2892,28.9,1021.8,56-614-135
2026-09-05 12:09:52,B,5695,187,3976651,6225,28.9,1021.8,56-614-135
2026-09-05 12:09:52,T,4808,564,3976697,2893,28.9,1021.8,56-614-135
2026-09-05 12:09:52,B,5696,479,3977209,6225,28.9,1021.8,56-614-135
2026-09-05 12:09:52,B,5697,123,3977232,6225,28.9,1021.8,56-614-135
2026-09-05 12:09:52,B,5698,251,3977336,6225,28.9,1021.8,56-614-135
2026-09-05 12:09:52,B,5699,60,3977447,6225,28.9,1021.8,56-614-135
2026-09-05 12:09:53,B,5700,78,3977910,6227,28.9,1021.8,56-614-135
2026-09-05 12:09:53,T,4809,380,3978107,2894,28.9,1021.8,56-614-135
2026-09-05 12:09:53,B,5701,573,3978107,6227,28.9,1021.8,56-614-135
2026-09-05 12:09:53,C,858,476,3978107,4561,28.9,1021.8,56-614-135
2026-09-05 12:09:53,T,4810,132,3978479,2894,28.9,1021.8,56-614-135
2026-09-05 12:09:54,T,4811,161,3978930,2895,28.9,1021.8,56-614-135
2026-09-05 12:09:54,T,4812,279,3979070,2895,28.9,1021.8,56-614-135
2026-09-05 12:09:55,B,5702,222,3979570,6231,28.9,1021.8,56-614-135
2026-09-05 12:09:55,B,5703,502,3979629,6231,28.9,1021.8,56-614-135
2026-09-05 12:09:55,B,5704,90,3979810,6231,28.9,1021.8,56-614-135
2026-09-05 12:09:56,T,4813,154,3981263,2896,28.9,1021.8,56-614-135
2026-09-05 12:09:56,B,5705,66,3981586,6231,28.9,1021.8,56-614-135
2026-09-05 12:09:57,T,4814,56,3981861,2896,28.9,1021.8,56-614-135
2026-09-05 12:09:58,B,5706,142,3983116,6232,28.9,1021.8,56-614-135
2026-09-05 12:09:58,T,4815,384,3983285,2897,28.9,1021.8,56-614-135
2026-09-05 12:09:59,B,5707,156,3983737,6236,28.9,1021.8,56-614-135
2026-09-05 12:09:59,B,5708,77,3983785,6236,28.9,1021.8,56-614-135
2026-09-05 12:09:59,T,4816,336,3984360,2898,28.9,1021.8,56-614-135
2026-09-05 12:09:59,B,5709,541,3984360,6236,28.9,1021.8,56-614-135
2026-09-05 12:09:59,C,859,438,3984360,4567,28.9,1021.8,56-614-135
2026-09-05 12:10:00,B,5710,253,3984832,6237,28.9,1021.8,56-614-135
2026-09-05 12:10:01,T,4817,102,3985703,2900,28.9,1021.8,56-614-135
2026-09-05 12:10:01,T,4818,239,3986016,2900,28.9,1021.8,56-614-135
2026-09-05 12:10:01,T,4819,115,3986276,2900,28.9,1021.8,56-614-135
2026-09-05 12:10:01,T,4820,119,3986415,2900,28.9,1021.8,56-614-135
2026-09-05 12:10:01,B,5711,476,3986415,6240,28.9,1021.8,56-614-135
2026-09-05 12:10:01,C,860,298,3986415,4570,28.9,1021.8,56-614-135
2026-09-05 12:10:01,T,4821,424,3986599,2900,28.9,1021.8,56-614-135
2026-09-05 12:10:01,B,5712,469,3986599,6240,28.9,1021.8,56-614-135
2026-09-05 12:10:01,C,861,446,3986599,4570,28.9,1021.8,56-614-135
2026-09-05 12:10:02,B,5713,88,3986687,6241,28.9,1021.8,56-614-135
2026-09-05 12:10:02,B,5714,104,3986911,6241,28.9,1021.8,56-614-135
2026-09-05 12:10:02,T,4822,582,3987030,2901,28.9,1021.8,56-614-135
2026-09-05 12:10:03,B,5715,64,3988341,6243,28.9,1021.8,56-614-135
2026-09-05 12:10:03,T,4823,116,3988352,2902,28.9,1021.8,56-614-135
2026-09-05 12:10:03,B,5716,54,3988460,6243,28.9,1021.8,56-614-135
2026-09-05 12:10:03,B,5717,91,3988589,6243,28.9,1021.8,56-614-135
2026-09-05 12:10:04,T,4824,74,3988745,2902,28.9,1021.8,56-614-135
2026-09-05 12:10:04,T,4825,63,3989279,2902,28.9,1021.8,56-614-135
2026-09-05 12:10:05,T,4826,129,3989723,2902,28.9,1021.8,56-614-135
2026-09-05 12:10:05,B,5718,79,3990386,6244,28.9,1021.8,56-614-135
2026-09-05 12:10:06,B,5719,64,3990751,6250,28.9,1021.8,56-614-135
2026-09-05 12:10:06,B,5720,246,3990817,6250,28.9,1021.8,56-614-135
2026-09-05 12:10:06,T,4827,779,3990943,2904,28.9,1021.8,56-614-135
2026-09-05 12:10:06,B,5721,497,3990943,6250,28.9,1021.8,56-614-135
2026-09-05 12:10:06,C,862,638,3990943,4577,28.9,1021.8,56-614-135
2026-09-05 12:10:06,T,4828,85,3991519,2904,28.9,1021.8,56-614-135
2026-09-05 12:10:06,B,5722,262,3991554,6250,28.9,1021.8,56-614-135
2026-09-05 12:10:06,T,4829,351,3991682,2904,28.9,1021.8,56-614-135
2026-09-05 12:10:06,B,5723,472,3991682,6250,28.9,1021.8,56-614-135
2026-09-05 12:10:06,C,863,411,3991682,4577,28.9,1021.8,56-614-135
2026-09-05 12:10:07,B,5724,486,3992525,6252,28.9,1021.8,56-614-135
2026-09-05 12:10:08,T,4830,366,3993337,2905,28.9,1021.8,56-614-135
2026-09-05 12:10:08,B,5725,626,3993337,6256,28.9,1021.8,56-614-135
2026-09-05 12:10:08,C,864,496,3993337,4580,28.9,1021.8,56-614-135
2026-09-05 12:10:08,B,5726,131,3993501,6256,28.9,1021.8,56-614-135
2026-09-05 12:10:08,B,5727,184,3993562,6256,28.9,1021.8,56-614-135
2026-09-05 12:10:09,B,5728,114,3993824,6259,28.9,1021.8,56-614-135
2026-09-05 12:10:09,T,4831,111,3994036,2906,28.9,1021.8,56-614-135
2026-09-05 12:10:09,B,5729,172,3994058,6259,28.9,1021.8,56-614-135
2026-09-05 12:10:09,B,5730,256,3994504,6259,28.9,1021.8,56-614-135
2026-09-05 12:10:09,T,4832,100,3994708,2906,28.9,1021.8,56-614-135
2026-09-05 12:10:10,B,5731,416,3994887,6263,28.9,1021.8,56-614-135
2026-09-05 12:10:10,T,4833,387,3994888,2907,28.9,1021.8,56-614-135
2026-09-05 12:10:10,B,5732,494,3994892,6263,28.9,1021.8,56-614-135
2026-09-05 12:10:10,T,4834,145,3995200,2908,28.9,1021.8,56-614-135
2026-09-05 12:10:10,B,5733,189,3995647,6263,28.9,1021.8,56-614-135
2026-09-05 12:10:10,T,4835,173,3995772,2908,28.9,1021.8,56-614-135
2026-09-05 12:10:10,B,5734,350,3995774,6263,28.9,1021.8,56-614-135
2026-09-05 12:10:11,B,5735,249,3996332,6268,28.9,1021.8,56-614-135
2026-09-05 12:10:11,B,5736,814,3996485,6268,28.9,1021.8,56-614-135
2026-09-05 12:10:11,B,5737,331,3996665,6268,28.9,1021.8,56-614-135
2026-09-05 12:10:12,B,5738,112,3996999,6269,28.9,1021.8,56-614-135
2026-09-05 12:10:13,T,4836,66,3997961,2908,28.9,1021.8,56-614-135
2026-09-05 12:10:13,B,5739,448,3998217,6271,28.9,1021.8,56-614-135
2026-09-05 12:10:13,B,5740,90,3998274,6271,28.9,1021.8,56-614-135
2026-09-05 12:10:13,T,4837,68,3998568,2908,28.9,1021.8,56-614-135
2026-09-05 12:10:14,B,5741,370,3999408,6274,28.9,1021.8,56-614-135
2026-09-05 12:10:14,B,5742,121,3999591,6274,28.9,1021.8,56-614-135
2026-09-05 12:10:14,T,4838,140,3999778,2909,28.9,1021.8,56-614-135
2026-09-05 12:10:15,T,4839,465,3999938,2910,28.9,1021.8,56-614-135
2026-09-05 12:10:15,B,5743,58,3999990,6278,28.9,1021.8,56-614-135
2026-09-05 12:10:15,B,5744,655,4000487,6278,28.9,1021.8,56-614-135
2026-09-05 12:10:15,B,5745,512,4000666,6278,28.9,1021.8,56-614-135
2026-09-05 12:10:15,B,5746,61,4000817,6278,28.9,1021.8,56-614-135
2026-09-05 12:10:16,T,4840,536,4001381,2911,28.9,1021.8,56-614-135
2026-09-05 12:10:16,B,5747,177,4001467,6279,28.9,1021.8,56-614-135
2026-09-05 12:10:16,T,4841,70,4001694,2911,28.9,1021.8,56-614-135
2026-09-05 12:10:17,T,4842,241,4001918,2913,28.9,1021.8,56-614-135
2026-09-05 12:10:17,T,4843,112,4002001,2913,28.9,1021.8,56-614-135
2026-09-05 12:10:17,T,4844,448,4002543,2913,28.9,1021.8,56-614-135
2026-09-05 12:10:17,B,5748,478,4002543,6281,28.9,1021.8,56-614-135
2026-09-05 12:10:17,C,865,463,4002543,4597,28.9,1021.8,56-614-135
2026-09-05 12:10:18,B,5749,182,4003634,6282,28.9,1021.8,56-614-135
2026-09-05 12:10:18,B,5750,53,4003669,6282,28.9,1021.8,56-614-135
2026-09-05 12:10:18,T,4845,352,4003770,2914,28.9,1021.8,56-614-135
2026-09-05 12:10:19,T,4846,121,4004135,2914,28.9,1021.8,56-614-135
2026-09-05 12:10:19,B,5751,469,4004741,6284,28.9,1021.8,56-614-135
2026-09-05 12:10:20,B,5752,72,4005026,6285,28.9,1021.8,56-614-135
2026-09-05 12:10:21,T,4847,84,4005980,2915,28.9,1021.8,56-614-135
2026-09-05 12:10:21,B,5753,93,4006469,6288,28.9,1021.8,56-614-135
2026-09-05 12:10:21,B,5754,142,4006510,6288,28.9,1021.8,56-614-135
2026-09-05 12:10:21,T,4848,216,4006650,2915,28.9,1021.8,56-614-135
2026-09-05 12:10:21,B,5755,598,4006650,6288,28.9,1021.8,56-614-135
2026-09-05 12:10:21,C,866,407,4006650,4601,28.9,1021.8,56-614-135
2026-09-05 12:10:22,T,4849,123,4007074,2917,28.9,1021.8,56-614-135
2026-09-05 12:10:22,T,4850,99,4007141,2917,28.9,1021.8,56-614-135
2026-09-05 12:10:22,B,5756,511,4007232,6289,28.9,1021.8,56-614-135
2026-09-05 12:10:22,T,4851,523,4007343,2917,28.9,1021.8,56-614-135
2026-09-05 12:10:23,B,5757,370,4008190,6295,28.9,1021.8,56-614-135
2026-09-05 12:10:23,T,4852,472,4008321,2918,28.9,1021.8,56-614-135
2026-09-05 12:10:23,B,5758,407,4008321,6295,28.9,1021.8,56-614-135
2026-09-05 12:10:23,C,867,439,4008321,4607,28.9,1021.8,56-614-135
2026-09-05 12:10:23,T,4853,122,4008340,2918,28.9,1021.8,56-614-135
2026-09-05 12:10:23,B,5759,54,4008508,6295,28.9,1021.8,56-614-135
2026-09-05 12:10:23,B,5760,415,4008552,6295,28.9,1021.8,56-614-135
2026-09-05 12:10:23,B,5761,52,4008607,6295,28.9,1021.8,56-614-135
2026-09-05 12:10:24,T,4854,67,4009732,2919,28.9,1021.8,56-614-135
2026-09-05 12:10:24,B,5762,160,4009761,6296,28.9,1021.8,56-614-135
2026-09-05 12:10:24,T,4855,241,4009892,2919,28.9,1021.8,56-614-135
2026-09-05 12:10:25,T,4856,232,4010138,2920,28.9,1021.8,56-614-135
2026-09-05 12:10:25,T,4857,129,4010194,2920,28.9,1021.8,56-614-135
2026-09-05 12:10:25,T,4858,86,4010330,2920,28.9,1021.8,56-614-135
2026-09-05 12:10:26,B,5763,200,4011339,6297,28.9,1021.8,56-614-135
2026-09-05 12:10:26,T,4859,63,4011487,2920,28.9,1021.8,56-614-135
2026-09-05 12:10:27,T,4860,388,4011978,2921,28.9,1021.8,56-614-135
2026-09-05 12:10:27,B,5764,89,4011978,6303,28.9,1021.8,56-614-135
2026-09-05 12:10:27,C,868,238,4011978,4612,28.9,1021.8,56-614-135
2026-09-05 12:10:27,B,5765,511,4011982,6303,28.9,1021.8,56-614-135
2026-09-05 12:10:27,B,5766,247,4012087,6303,28.9,1021.8,56-614-135
2026-09-05 12:10:27,B,5767,495,4012644,6303,28.9,1021.8,56-614-135
2026-09-05 12:10:27,B,5768,294,4012707,6303,28.9,1021.8,56-614-135
2026-09-05 12:10:28,T,4861,67,4013201,2922,28.9,1021.8,56-614-135
2026-09-05 12:10:28,B,5769,123,4013889,6304,28.9,1021.8,56-614-135
2026-09-05 12:10:29,T,4862,91,4014136,2923,28.9,1021.8,56-614-135
2026-09-05 12:10:29,T,4863,125,4014423,2923,28.9,1021.8,56-614-135
2026-09-05 12:10:29,B,5770,729,4014633,6309,28.9,1021.8,56-614-135
2026-09-05 12:10:29,B,5771,276,4014779,6309,28.9,1021.8,56-614-135
2026-09-05 12:10:29,B,5772,122,4014801,6309,28.9,1021.8,56-614-135
2026-09-05 12:10:29,T,4864,103,4014850,2923,28.9,1021.8,56-614-135
2026-09-05 12:10:29,B,5773,147,4014983,6309,28.9,1021.8,56-614-135
2026-09-05 12:10:30,B,5774,176,4015310,6311,28.9,1021.8,56-614-135
2026-09-05 12:10:30,T,4865,277,4015631,2923,28.9,1021.8,56-614-135
2026-09-05 12:10:30,B,5775,95,4015909,6311,28.9,1021.8,56-614-135
2026-09-05 12:10:31,B,5776,211,4016077,6314,28.9,1021.8,56-614-135
2026-09-05 12:10:31,B,5777,263,4016323,6314,28.9,1021.8,56-614-135
2026-09-05 12:10:32,B,5778,150,4016771,6314,28.9,1021.8,56-614-135
2026-09-05 12:10:33,B,5779,561,4017798,6316,28.9,1021.8,56-614-135
2026-09-05 12:10:34,T,4866,80,4018082,2923,28.9,1021.8,56-614-135
2026-09-05 12:10:34,B,5780,562,4018975,6318,28.9,1021.8,56-614-135
2026-09-05 12:10:35,T,4867,156,4019567,2925,28.9,1021.8,56-614-135
2026-09-05 12:10:35,T,4868,419,4019920,2925,28.9,1021.8,56-614-135
2026-09-05 12:10:35,B,5781,243,4019920,6319,28.9,1021.8,56-614-135
2026-09-05 12:10:35,C,869,291,4019920,4622,28.9,1021.8,56-614-135
2026-09-05 12:10:36,T,4869,248,4020248,2926,28.9,1021.7,56-614-135
2026-09-05 12:10:36,B,5782,230,4021080,6319,28.9,1021.7,56-614-135
2026-09-05 12:10:37,B,5783,116,4021310,6323,28.9,1021.7,56-614-135
2026-09-05 12:10:37,B,5784,719,4021909,6323,28.9,1021.7,56-614-135
2026-09-05 12:10:38,B,5785,135,4023002,6323,28.9,1021.7,56-614-135
2026-09-05 12:10:39,B,5786,58,4023202,6324,28.9,1021.7,56-614-135
2026-09-05 12:10:39,T,4870,435,4023260,2928,28.9,1021.7,56-614-135
2026-09-05 12:10:39,T,4871,282,4023468,2928,28.9,1021.7,56-614-135
2026-09-05 12:10:39,T,4872,167,4023742,2928,28.9,1021.7,56-614-135
2026-09-05 12:10:39,T,4873,98,4023765,2928,28.9,1021.7,56-614-135
2026-09-05 12:10:40,T,4874,439,4024835,2929,28.9,1021.7,56-614-135
2026-09-05 12:10:40,B,5787,428,4024835,6325,28.9,1021.7,56-614-135
2026-09-05 12:10:40,C,870,434,4024835,4627,28.9,1021.7,56-614-135
2026-09-05 12:10:41,T,4875,614,4025999,2930,28.9,1021.7,56-614-135
2026-09-05 12:10:42,T,4876,285,4027009,2932,28.9,1021.7,56-614-135
2026-09-05 12:10:42,T,4877,380,4027060,2932,28.9,1021.7,56-614-135
2026-09-05 12:10:43,B,5788,71,4027475,6327,28.9,1021.7,56-614-135
2026-09-05 12:10:43,B,5789,176,4027756,6327,28.9,1021.7,56-614-135
2026-09-05 12:10:43,T,4878,420,4027820,2932,28.9,1021.7,56-614-135
2026-09-05 12:10:44,T,4879,148,4028473,2933,28.9,1021.7,56-614-135
2026-09-05 12:10:44,B,5790,55,4028908,6329,28.9,1021.7,56-614-135
2026-09-05 12:10:44,B,5791,128,4029010,6329,28.9,1021.7,56-614-135
2026-09-05 12:10:45,T,4880,152,4029312,2933,28.9,1021.7,56-614-135
2026-09-05 12:10:46,B,5792,448,4030490,6332,28.9,1021.7,56-614-135
2026-09-05 12:10:46,T,4881,83,4030610,2934,28.9,1021.7,56-614-135
2026-09-05 12:10:46,T,4882,74,4030918,2934,28.9,1021.7,56-614-135
2026-09-05 12:10:46,B,5793,301,4030929,6332,28.9,1021.7,56-614-135
2026-09-05 12:10:47,T,4883,81,4031303,2936,28.9,1021.7,56-614-135
2026-09-05 12:10:47,T,4884,516,4031530,2936,28.9,1021.7,56-614-135
2026-09-05 12:10:47,T,4885,286,4032121,2936,28.9,1021.7,56-614-135
2026-09-05 12:10:48,B,5794,168,4032461,6333,28.9,1021.7,56-614-135
2026-09-05 12:10:48,T,4886,81,4032593,2936,28.9,1021.7,56-614-135
2026-09-05 12:10:49,T,4887,537,4034090,2937,28.9,1021.7,56-614-135
2026-09-05 12:10:50,B,5795,398,4034922,6335,28.9,1021.7,56-614-135
2026-09-05 12:10:50,T,4888,287,4034922,2938,28.9,1021.7,56-614-135
2026-09-05 12:10:50,B,5796,57,4035088,6335,28.9,1021.7,56-614-135
2026-09-05 12:10:50,B,5797,64,4035127,6335,28.9,1021.7,56-614-135
2026-09-05 12:10:51,T,4889,238,4035484,2938,28.9,1021.8,56-614-135
2026-09-05 12:10:52,T,4890,524,4036858,2939,28.9,1021.8,56-614-135
2026-09-05 12:10:52,B,5798,400,4036858,6337,28.9,1021.8,56-614-135
2026-09-05 12:10:52,C,871,462,4036858,4638,28.9,1021.8,56-614-135
2026-09-05 12:10:53,B,5799,459,4037831,6338,28.9,1021.8,56-614-135
2026-09-05 12:10:54,T,4891,59,4038380,2940,28.9,1021.8,56-614-135
2026-09-05 12:10:54,B,5800,68,4039165,6339,28.9,1021.8,56-614-135
2026-09-05 12:10:55,B,5801,501,4039562,6341,28.9,1021.8,56-614-135
2026-09-05 12:10:55,B,5802,53,4039904,6341,28.9,1021.8,56-614-135
2026-09-05 12:10:55,T,4892,60,4040076,2940,28.9,1021.8,56-614-135
2026-09-05 12:10:56,T,4893,542,4040290,2941,28.9,1021.8,56-614-135
2026-09-05 12:10:56,B,5803,134,4040688,6342,28.9,1021.8,56-614-135
2026-09-05 12:10:57,T,4894,380,4041449,2943,28.9,1021.8,56-614-135
2026-09-05 12:10:57,B,5804,82,4041523,6343,28.9,1021.8,56-614-135
2026-09-05 12:10:57,T,4895,809,4041545,2943,28.9,1021.8,56-614-135
2026-09-05 12:10:57,B,5805,106,4041999,6343,28.9,1021.8,56-614-135
2026-09-05 12:10:58,B,5806,166,4042950,6345,28.9,1021.8,56-614-135
2026-09-05 12:10:58,B,5807,86,4043246,6345,28.9,1021.8,56-614-135
2026-09-05 12:11:00,T,4896,303,4044801,2943,28.9,1021.8,56-614-135
2026-09-05 12:11:01,B,5808,254,4045393,6349,28.9,1021.7,56-614-135
2026-09-05 12:11:01,B,5809,378,4045484,6349,28.9,1021.7,56-614-135
2026-09-05 12:11:01,T,4897,129,4045606,2945,28.9,1021.7,56-614-135
2026-09-05 12:11:01,B,5810,233,4046201,6349,28.9,1021.7,56-614-135
2026-09-05 12:11:01,T,4898,382,4046345,2945,28.9,1021.7,56-614-135
2026-09-05 12:11:02,B,5811,514,4046464,6351,28.9,1021.7,56-614-135
2026-09-05 12:11:02,T,4899,355,4046464,2946,28.9,1021.7,56-614-135
2026-09-05 12:11:04,B,5812,171,4048700,6355,28.9,1021.7,56-614-135
2026-09-05 12:11:04,B,5813,515,4048958,6355,28.9,1021.7,56-614-135
2026-09-05 12:11:04,T,4900,442,4049038,2947,28.9,1021.7,56-614-135
2026-09-05 12:11:04,B,5814,514,4049038,6355,28.9,1021.7,56-614-135
2026-09-05 12:11:04,C,872,478,4049038,4651,28.9,1021.7,56-614-135
2026-09-05 12:11:04,T,4901,83,4049166,2947,28.9,1021.7,56-614-135
2026-09-05 12:11:05,T,4902,351,4049594,2948,28.9,1021.7,56-614-135
2026-09-05 12:11:05,T,4903,210,4049797,2949,28.9,1021.7,56-614-135
2026-09-05 12:11:05,T,4904,598,4050410,2949,28.9,1021.7,56-614-135
2026-09-05 12:11:05,B,5815,824,4050410,6356,28.9,1021.7,56-614-135
2026-09-05 12:11:05,C,873,711,4050410,4653,28.9,1021.7,56-614-135
2026-09-05 12:11:06,B,5816,94,4050979,6357,28.9,1021.8,56-614-135
2026-09-05 12:11:07,B,5817,86,4051428,6360,28.9,1021.8,56-614-135
2026-09-05 12:11:07,T,4905,58,4051442,2950,28.9,1021.8,56-614-135
2026-09-05 12:11:07,B,5818,69,4051656,6360,28.9,1021.8,56-614-135
2026-09-05 12:11:07,B,5819,582,4052241,6360,28.9,1021.8,56-614-135
2026-09-05 12:11:07,T,4906,110,4052428,2950,28.9,1021.8,56-614-135
2026-09-05 12:11:08,B,5820,156,4052556,6363,28.9,1021.8,56-614-135
2026-09-05 12:11:08,T,4907,310,4053440,2950,28.9,1021.8,56-614-135
2026-09-05 12:11:08,B,5821,410,4053440,6363,28.9,1021.8,56-614-135
2026-09-05 12:11:08,C,874,360,4053440,4657,28.9,1021.8,56-614-135
2026-09-05 12:11:09,B,5822,146,4053851,6368,28.9,1021.8,56-614-135
2026-09-05 12:11:09,T,4908,60,4054171,2951,28.9,1021.8,56-614-135
2026-09-05 12:11:09,B,5823,450,4054171,6368,28.9,1021.8,56-614-135
2026-09-05 12:11:09,C,875,255,4054171,4660,28.9,1021.8,56-614-135
2026-09-05 12:11:09,B,5824,292,4054426,6368,28.9,1021.8,56-614-135
2026-09-05 12:11:09,B,5825,324,4054442,6368,28.9,1021.8,56-614-135
2026-09-05 12:11:09,T,4909,428,4054442,2951,28.9,1021.8,56-614-135
2026-09-05 12:11:11,T,4910,108,4056365,2953,28.9,1021.8,56-614-135
2026-09-05 12:11:11,T,4911,372,4056405,2953,28.9,1021.8,56-614-135
2026-09-05 12:11:11,B,5826,526,4056405,6369,28.9,1021.8,56-614-135
2026-09-05 12:11:11,C,876,449,4056405,4661,28.9,1021.8,56-614-135
2026-09-05 12:11:13,B,5827,100,4058011,6370,28.9,1021.8,56-614-135
2026-09-05 12:11:13,T,4912,225,4058129,2954,28.9,1021.8,56-614-135
2026-09-05 12:11:13,T,4913,110,4058493,2954,28.9,1021.8,56-614-135
2026-09-05 12:11:14,T,4914,424,4058538,2955,28.9,1021.8,56-614-135
2026-09-05 12:11:14,B,5828,431,4058538,6374,28.9,1021.8,56-614-135
2026-09-05 12:11:14,C,877,427,4058538,4665,28.9,1021.8,56-614-135
2026-09-05 12:11:14,T,4915,379,4058999,2955,28.9,1021.8,56-614-135
2026-09-05 12:11:14,B,5829,392,4058999,6374,28.9,1021.8,56-614-135
2026-09-05 12:11:14,C,878,385,4058999,4665,28.9,1021.8,56-614-135
2026-09-05 12:11:14,B,5830,303,4059382,6374,28.9,1021.8,56-614-135
2026-09-05 12:11:15,B,5831,130,4060020,6375,28.9,1021.8,56-614-135
2026-09-05 12:11:15,T,4916,122,4060150,2956,28.9,1021.8,56-614-135
2026-09-05 12:11:16,B,5832,476,4060563,6379,28.9,1021.8,56-614-135
2026-09-05 12:11:16,B,5833,100,4060869,6379,28.9,1021.8,56-614-135
2026-09-05 12:11:16,B,5834,300,4061354,6379,28.9,1021.8,56-614-135
2026-09-05 12:11:17,B,5835,222,4061908,6382,28.9,1021.8,56-614-135
2026-09-05 12:11:17,B,5836,254,4061986,6382,28.9,1021.8,56-614-135
2026-09-05 12:11:17,B,5837,114,4062340,6382,28.9,1021.8,56-614-135
2026-09-05 12:11:18,T,4917,781,4062582,2957,28.9,1021.8,56-614-135
2026-09-05 12:11:18,B,5838,94,4062582,6383,28.9,1021.8,56-614-135
2026-09-05 12:11:18,C,879,438,4062582,4670,28.9,1021.8,56-614-135
2026-09-05 12:11:19,T,4918,55,4063737,2957,28.9,1021.8,56-614-135
2026-09-05 12:11:20,T,4919,245,4065439,2958,28.9,1021.8,56-614-135
2026-09-05 12:11:21,T,4920,114,4065698,2959,28.9,1021.8,56-614-135
2026-09-05 12:11:21,T,4921,174,4066507,2959,28.9,1021.8,56-614-135
2026-09-05 12:11:23,B,5839,65,4067745,6385,28.9,1021.8,56-614-135
2026-09-05 12:11:23,T,4922,86,4067794,2959,28.9,1021.8,56-614-135
2026-09-05 12:11:23,B,5840,88,4067945,6385,28.9,1021.8,56-614-135
2026-09-05 12:11:23,T,4923,198,4068370,2959,28.9,1021.8,56-614-135
2026-09-05 12:11:25,B,5841,544,4070632,6386,28.9,1021.8,56-614-135
2026-09-05 12:11:26,T,4924,115,4070643,2960,28.9,1021.8,56-614-135
2026-09-05 12:11:27,T,4925,337,4072113,2961,28.9,1021.8,56-614-135
2026-09-05 12:11:27,B,5842,437,4072113,6387,28.9,1021.8,56-614-135
2026-09-05 12:11:27,C,880,387,4072113,4674,28.9,1021.8,56-614-135
2026-09-05 12:11:28,T,4926,521,4073325,2962,28.9,1021.8,56-614-135
2026-09-05 12:11:29,B,5843,148,4073891,6391,28.9,1021.8,56-614-135
2026-09-05 12:11:29,T,4927,417,4073934,2963,28.9,1021.8,56-614-135
2026-09-05 12:11:29,B,5844,50,4074104,6391,28.9,1021.8,56-614-135
2026-09-05 12:11:29,B,5845,72,4074204,6391,28.9,1021.8,56-614-135
2026-09-05 12:11:29,T,4928,378,4074501,2963,28.9,1021.8,56-614-135
2026-09-05 12:11:29,B,5846,450,4074501,6391,28.9,1021.8,56-614-135
2026-09-05 12:11:29,C,881,414,4074501,4677,28.9,1021.8,56-614-135
2026-09-05 12:11:30,B,5847,54,4074706,6393,28.9,1021.8,56-614-135
2026-09-05 12:11:30,B,5848,133,4074815,6393,28.9,1021.8,56-614-135
2026-09-05 12:11:30,B,5849,60,4075343,6393,28.9,1021.8,56-614-135
2026-09-05 12:11:31,B,5850,432,4075942,6395,28.9,1021.8,56-614-135
2026-09-05 12:11:31,T,4929,90,4075960,2964,28.9,1021.8,56-614-135
2026-09-05 12:11:31,T,4930,100,4076702,2964,28.9,1021.8,56-614-135
2026-09-05 12:11:32,T,4931,446,4076775,2966,28.9,1021.8,56-614-135
2026-09-05 12:11:32,T,4932,474,4076807,2966,28.9,1021.8,56-614-135
2026-09-05 12:11:32,B,5851,361,4077377,6397,28.9,1021.8,56-614-135
2026-09-05 12:11:32,B,5852,162,4077666,6397,28.9,1021.8,56-614-135
2026-09-05 12:11:33,B,5853,122,4077959,6399,28.9,1021.8,56-614-135
2026-09-05 12:11:33,B,5854,271,4078548,6399,28.9,1021.8,56-614-135
2026-09-05 12:11:33,T,4933,52,4078558,2966,28.9,1021.8,56-614-135
2026-09-05 12:11:34,T,4934,85,4078774,2966,28.9,1021.8,56-614-135
2026-09-05 12:11:35,T,4935,68,4079760,2967,28.9,1021.8,56-614-135
2026-09-05 12:11:35,B,5855,92,4080098,6401,28.9,1021.8,56-614-135
2026-09-05 12:11:35,T,4936,151,4080616,2967,28.9,1021.8,56-614-135
2026-09-05 12:11:35,B,5856,229,4080720,6401,28.9,1021.8,56-614-135
2026-09-05 12:11:36,B,5857,102,4081403,6403,28.8,1021.7,56-614-135
2026-09-05 12:11:36,T,4937,548,4081570,2968,28.8,1021.7,56-614-135
2026-09-05 12:11:36,B,5858,68,4081703,6403,28.8,1021.7,56-614-135
2026-09-05 12:11:36,B,5859,56,4081755,6403,28.8,1021.7,56-614-135
2026-09-05 12:11:37,B,5860,107,4082066,6407,28.8,1021.7,56-614-135
2026-09-05 12:11:37,B,5861,51,4082077,6407,28.8,1021.7,56-614-135
2026-09-05 12:11:37,T,4938,187,4082465,2969,28.8,1021.7,56-614-135
2026-09-05 12:11:37,B,5862,68,4082489,6407,28.8,1021.7,56-614-135
2026-09-05 12:11:37,T,4939,492,4082625,2969,28.8,1021.7,56-614-135
2026-09-05 12:11:37,B,5863,418,4082625,6407,28.8,1021.7,56-614-135
2026-09-05 12:11:37,C,882,455,4082625,4688,28.8,1021.7,56-614-135
2026-09-05 12:11:38,B,5864,197,4083245,6409,28.8,1021.7,56-614-135
2026-09-05 12:11:38,B,5865,196,4083378,6409,28.8,1021.7,56-614-135
2026-09-05 12:11:39,T,4940,550,4084007,2972,28.8,1021.7,56-614-135
2026-09-05 12:11:39,T,4941,504,4084178,2972,28.8,1021.7,56-614-135
2026-09-05 12:11:39,B,5866,84,4084178,6414,28.8,1021.7,56-614-135
2026-09-05 12:11:39,C,883,256,4084178,4693,28.8,1021.7,56-614-135
2026-09-05 12:11:39,T,4942,331,4084452,2972,28.8,1021.7,56-614-135
2026-09-05 12:11:39,B,5867,501,4084452,6414,28.8,1021.7,56-614-135
2026-09-05 12:11:39,C,884,416,4084452,4693,28.8,1021.7,56-614-135
2026-09-05 12:11:39,B,5868,379,4084720,6414,28.8,1021.7,56-614-135
2026-09-05 12:11:39,B,5869,98,4084783,6414,28.8,1021.7,56-614-135
2026-09-05 12:11:40,T,4943,129,4084998,2973,28.8,1021.7,56-614-135
2026-09-05 12:11:40,B,5870,234,4085151,6415,28.8,1021.7,56-614-135
2026-09-05 12:11:40,T,4944,64,4085322,2973,28.8,1021.7,56-614-135
2026-09-05 12:11:40,T,4945,496,4085485,2973,28.8,1021.7,56-614-135
2026-09-05 12:11:40,B,5871,57,4085813,6415,28.8,1021.7,56-614-135
2026-09-05 12:11:41,B,5872,86,4085968,6417,28.8,1021.8,56-614-135
2026-09-05 12:11:41,B,5873,157,4086606,6417,28.8,1021.8,56-614-135
2026-09-05 12:11:42,B,5874,64,4087368,6419,28.8,1021.8,56-614-135
2026-09-05 12:11:42,B,5875,62,4087475,6419,28.8,1021.8,56-614-135
2026-09-05 12:11:42,T,4946,51,4087600,2974,28.8,1021.8,56-614-135
2026-09-05 12:11:43,B,5876,178,4087907,6421,28.8,1021.8,56-614-135
2026-09-05 12:11:43,B,5877,330,4088689,6421,28.8,1021.8,56-614-135
2026-09-05 12:11:44,T,4947,63,4089499,2974,28.8,1021.8,56-614-135
2026-09-05 12:11:44,T,4948,322,4089569,2974,28.8,1021.8,56-614-135
2026-09-05 12:11:45,B,5878,263,4089962,6422,28.8,1021.8,56-614-135
2026-09-05 12:11:45,T,4949,70,4090391,2975,28.8,1021.8,56-614-135
2026-09-05 12:11:45,T,4950,96,4090790,2975,28.8,1021.8,56-614-135
2026-09-05 12:11:46,B,5879,76,4091277,6424,28.8,1021.8,56-614-135
2026-09-05 12:11:46,B,5880,128,4091525,6424,28.8,1021.8,56-614-135
2026-09-05 12:11:47,T,4951,109,4092211,2976,28.8,1021.8,56-614-135
2026-09-05 12:11:47,T,4952,210,4092579,2976,28.8,1021.8,56-614-135
2026-09-05 12:11:47,T,4953,70,4092714,2976,28.8,1021.8,56-614-135
2026-09-05 12:11:48,T,4954,272,4093305,2977,28.8,1021.8,56-614-135
2026-09-05 12:11:49,T,4955,89,4093961,2978,28.8,1021.8,56-614-135
2026-09-05 12:11:49,B,5881,96,4094125,6426,28.8,1021.8,56-614-135
2026-09-05 12:11:49,T,4956,504,4094798,2978,28.8,1021.8,56-614-135
2026-09-05 12:11:49,B,5882,484,4094798,6426,28.8,1021.8,56-614-135
2026-09-05 12:11:49,C,885,494,4094798,4702,28.8,1021.8,56-614-135
2026-09-05 12:11:50,B,5883,134,4095052,6427,28.8,1021.8,56-614-135
2026-09-05 12:11:51,T,4957,114,4096415,2978,28.8,1021.7,56-614-135
2026-09-05 12:11:52,T,4958,344,4097119,2979,28.8,1021.7,56-614-135
2026-09-05 12:11:52,B,5884,180,4097663,6428,28.8,1021.7,56-614-135
2026-09-05 12:11:53,B,5885,54,4098184,6430,28.8,1021.7,56-614-135
2026-09-05 12:11:53,T,4959,307,4098553,2981,28.8,1021.7,56-614-135
2026-09-05 12:11:53,T,4960,511,4098868,2981,28.8,1021.7,56-614-135
2026-09-05 12:11:53,B,5886,285,4098900,6430,28.8,1021.7,56-614-135
2026-09-05 12:11:54,B,5887,154,4099271,6433,28.8,1021.7,56-614-135
2026-09-05 12:11:54,B,5888,73,4099412,6433,28.8,1021.7,56-614-135
2026-09-05 12:11:54,B,5889,304,4099561,6433,28.8,1021.7,56-614-135
2026-09-05 12:11:56,B,5890,529,4101205,6435,28.8,1021.8,56-614-135
2026-09-05 12:11:57,B,5891,176,4102022,6437,28.8,1021.8,56-614-135
2026-09-05 12:11:57,B,5892,80,4102680,6437,28.8,1021.8,56-614-135
2026-09-05 12:11:58,T,4961,820,4103166,2982,28.8,1021.8,56-614-135
2026-09-05 12:11:58,B,5893,305,4103166,6439,28.8,1021.8,56-614-135
2026-09-05 12:11:59,C,886,562,4103166,4711,28.8,1021.8,56-614-135
2026-09-05 12:11:59,B,5894,167,4103170,6439,28.8,1021.8,56-614-135
2026-09-05 12:11:59,T,4962,85,4103327,2982,28.8,1021.8,56-614-135
2026-09-05 12:11:59,B,5895,454,4104034,6440,28.8,1021.8,56-614-135
2026-09-05 12:11:59,B,5896,83,4104274,6443,28.8,1021.8,56-614-135
2026-09-05 12:12:00,T,4963,81,4104317,2984,28.8,1021.8,56-614-135
2026-09-05 12:12:00,T,4964,839,4104653,2984,28.8,1021.8,56-614-135
2026-09-05 12:12:00,B,5897,168,4104879,6443,28.8,1021.8,56-614-135
2026-09-05 12:12:00,B,5898,150,4104902,6443,28.8,1021.8,56-614-135
2026-09-05 12:12:01,B,5899,276,4105103,6446,28.8,1021.8,56-614-135
2026-09-05 12:12:01,T,4965,348,4105173,2985,28.8,1021.8,56-614-135
2026-09-05 12:12:01,B,5900,420,4105173,6446,28.8,1021.8,56-614-135
2026-09-05 12:12:01,C,887,384,4105173,4715,28.8,1021.8,56-614-135
2026-09-05 12:12:02,T,4966,287,4106389,2986,28.8,1021.8,56-614-135
2026-09-05 12:12:02,B,5901,418,4106389,6448,28.8,1021.8,56-614-135
2026-09-05 12:12:02,C,888,352,4106389,4717,28.8,1021.8,56-614-135
2026-09-05 12:12:02,B,5902,65,4106495,6448,28.8,1021.8,56-614-135
2026-09-05 12:12:02,T,4967,108,4106797,2986,28.8,1021.8,56-614-135
2026-09-05 12:12:03,T,4968,497,4107197,2987,28.8,1021.8,56-614-135
2026-09-05 12:12:03,B,5903,112,4108007,6449,28.8,1021.8,56-614-135
2026-09-05 12:12:04,T,4969,477,4108171,2989,28.8,1021.8,56-614-135
2026-09-05 12:12:04,B,5904,383,4108171,6454,28.8,1021.8,56-614-135
2026-09-05 12:12:04,C,889,430,4108171,4721,28.8,1021.8,56-614-135
2026-09-05 12:12:04,B,5905,890,4108221,6454,28.8,1021.8,56-614-135
2026-09-05 12:12:04,B,5906,108,4108237,6454,28.8,1021.8,56-614-135
2026-09-05 12:12:04,T,4970,59,4108553,2989,28.8,1021.8,56-614-135
2026-09-05 12:12:04,B,5907,99,4108679,6454,28.8,1021.8,56-614-135
2026-09-05 12:12:04,T,4971,402,4109065,2989,28.8,1021.8,56-614-135
2026-09-05 12:12:05,B,5908,119,4109453,6457,28.8,1021.8,56-614-135
2026-09-05 12:12:05,B,5909,83,4109495,6457,28.8,1021.8,56-614-135
2026-09-05 12:12:05,B,5910,100,4109523,6457,28.8,1021.8,56-614-135
2026-09-05 12:12:05,T,4972,520,4109748,2990,28.8,1021.8,56-614-135
2026-09-05 12:12:05,B,5911,63,4109828,6457,28.8,1021.8,56-614-135
2026-09-05 12:12:07,B,5912,53,4111726,6457,28.8,1021.8,56-614-135
2026-09-05 12:12:07,T,4973,89,4111825,2990,28.8,1021.8,56-614-135
2026-09-05 12:12:08,B,5913,65,4112725,6459,28.8,1021.8,56-614-135
2026-09-05 12:12:08,B,5914,116,4113027,6459,28.8,1021.8,56-614-135
2026-09-05 12:12:09,T,4974,78,4113399,2990,28.8,1021.8,56-614-135
2026-09-05 12:12:09,T,4975,105,4113464,2990,28.8,1021.8,56-614-135
2026-09-05 12:12:09,B,5915,134,4113874,6460,28.8,1021.8,56-614-135
2026-09-05 12:12:10,T,4976,225,4115149,2991,28.8,1021.8,56-614-135
2026-09-05 12:12:12,T,4977,622,4116522,2994,28.8,1021.8,56-614-135
2026-09-05 12:12:12,T,4978,253,4116622,2994,28.8,1021.8,56-614-135
2026-09-05 12:12:12,T,4979,700,4116828,2994,28.8,1021.8,56-614-135
2026-09-05 12:12:12,B,5916,645,4116828,6462,28.8,1021.8,56-614-135
2026-09-05 12:12:12,C,890,672,4116828,4728,28.8,1021.8,56-614-135
2026-09-05 12:12:13,T,4980,224,4117524,2995,28.8,1021.8,56-614-135
2026-09-05 12:12:13,T,4981,109,4117758,2995,28.8,1021.8,56-614-135
2026-09-05 12:12:13,T,4982,55,4117806,2995,28.8,1021.8,56-614-135
2026-09-05 12:12:15,B,5917,133,4119339,6463,28.8,1021.8,56-614-135
2026-09-05 12:12:16,B,5918,63,4120478,6464,28.8,1021.8,56-614-135
2026-09-05 12:12:16,T,4983,79,4120536,2995,28.8,1021.8,56-614-135
2026-09-05 12:12:16,B,5919,91,4120717,6464,28.8,1021.8,56-614-135
2026-09-05 12:12:17,B,5920,155,4122185,6465,28.8,1021.8,56-614-135
2026-09-05 12:12:18,B,5921,522,4122445,6467,28.8,1021.8,56-614-135
2026-09-05 12:12:18,B,5922,69,4122639,6467,28.8,1021.8,56-614-135
2026-09-05 12:12:20,T,4984,199,4124388,2996,28.8,1021.8,56-614-135
2026-09-05 12:12:20,B,5923,120,4124468,6468,28.8,1021.8,56-614-135
2026-09-05 12:12:22,B,5924,412,4127194,6470,28.8,1021.8,56-614-135
2026-09-05 12:12:23,T,4985,639,4127396,2999,28.8,1021.8,56-614-135
2026-09-05 12:12:23,B,5925,418,4127396,6471,28.8,1021.8,56-614-135
2026-09-05 12:12:23,C,891,528,4127396,4735,28.8,1021.8,56-614-135
2026-09-05 12:12:23,T,4986,452,4127493,2999,28.8,1021.8,56-614-135
2026-09-05 12:12:23,T,4987,430,4127592,2999,28.8,1021.8,56-614-135
2026-09-05 12:12:24,B,5926,68,4128420,6473,28.8,1021.8,56-614-135
2026-09-05 12:12:24,B,5927,590,4128601,6473,28.8,1021.8,56-614-135
2026-09-05 12:12:24,T,4988,491,4128601,3000,28.8,1021.8,56-614-135
2026-09-05 12:12:25,T,4989,379,4129798,3000,28.8,1021.8,56-614-135
2026-09-05 12:12:25,B,5928,281,4130253,6475,28.8,1021.8,56-614-135
2026-09-05 12:12:26,T,4990,252,4130433,3002,28.8,1021.8,56-614-135
2026-09-05 12:12:26,T,4991,105,4130584,3002,28.8,1021.8,56-614-135
2026-09-05 12:12:26,B,5929,71,4130631,6475,28.8,1021.8,56-614-135
2026-09-05 12:12:26,T,4992,127,4131131,3002,28.8,1021.8,56-614-135
2026-09-05 12:12:27,B,5930,138,4131997,6479,28.8,1021.8,56-614-135
2026-09-05 12:12:27,B,5931,100,4132036,6479,28.8,1021.8,56-614-135
2026-09-05 12:12:27,B,5932,414,4132099,6479,28.8,1021.8,56-614-135
2026-09-05 12:12:28,B,5933,457,4132526,6481,28.8,1021.8,56-614-135
2026-09-05 12:12:28,B,5934,127,4133307,6481,28.8,1021.8,56-614-135
2026-09-05 12:12:29,T,4993,133,4133940,3003,28.8,1021.8,56-614-135
2026-09-05 12:12:29,T,4994,89,4134111,3003,28.8,1021.8,56-614-135
2026-09-05 12:12:30,B,5935,99,4134488,6485,28.8,1021.8,56-614-135
2026-09-05 12:12:30,B,5936,268,4134900,6485,28.8,1021.8,56-614-135
2026-09-05 12:12:30,B,5937,52,4135087,6485,28.8,1021.8,56-614-135
2026-09-05 12:12:30,B,5938,798,4135107,6485,28.8,1021.8,56-614-135
2026-09-05 12:12:31,T,4995,426,4135498,3004,28.8,1021.8,56-614-135
2026-09-05 12:12:31,T,4996,160,4135545,3004,28.8,1021.8,56-614-135
2026-09-05 12:12:31,T,4997,104,4136383,3004,28.8,1021.8,56-614-135
2026-09-05 12:12:32,B,5939,117,4136607,6488,28.8,1021.8,56-614-135
2026-09-05 12:12:32,B,5940,572,4136908,6488,28.8,1021.8,56-614-135
2026-09-05 12:12:32,T,4998,575,4137199,3005,28.8,1021.8,56-614-135
2026-09-05 12:12:33,T,4999,776,4138293,3006,28.8,1021.8,56-614-135
2026-09-05 12:12:33,B,5941,555,4138293,6489,28.8,1021.8,56-614-135
2026-09-05 12:12:33,C,892,665,4138293,4748,28.8,1021.8,56-614-135
2026-09-05 12:12:34,T,5000,498,4138783,3007,28.8,1021.8,56-614-135
2026-09-05 12:12:34,B,5942,118,4139242,6490,28.8,1021.8,56-614-135
2026-09-05 12:12:35,T,5001,145,4139711,3008,28.8,1021.8,56-614-135
2026-09-05 12:12:35,T,5002,107,4139998,3008,28.8,1021.8,56-614-135
2026-09-05 12:12:35,B,5943,590,4140394,6492,28.8,1021.8,56-614-135
2026-09-05 12:12:36,T,5003,434,4140812,3009,28.8,1021.8,56-614-135
2026-09-05 12:12:36,B,5944,456,4140812,6493,28.8,1021.8,56-614-135
2026-09-05 12:12:36,C,893,445,4140812,4751,28.8,1021.8,56-614-135
2026-09-05 12:12:37,B,5945,363,4142066,6495,28.8,1021.8,56-614-135
2026-09-05 12:12:37,T,5004,112,4142338,3009,28.8,1021.8,56-614-135
2026-09-05 12:12:38,B,5946,66,4142551,6498,28.8,1021.8,56-614-135
2026-09-05 12:12:38,T,5005,416,4143043,3010,28.8,1021.8,56-614-135
2026-09-05 12:12:38,B,5947,505,4143043,6498,28.8,1021.8,56-614-135
2026-09-05 12:12:38,C,894,460,4143043,4754,28.8,1021.8,56-614-135
2026-09-05 12:12:38,B,5948,224,4143351,6498,28.8,1021.8,56-614-135
2026-09-05 12:12:39,T,5006,379,4144451,3011,28.8,1021.8,56-614-135
2026-09-05 12:12:39,B,5949,328,4144451,6499,28.8,1021.8,56-614-135
2026-09-05 12:12:39,C,895,353,4144451,4755,28.8,1021.8,56-614-135
2026-09-05 12:12:40,T,5007,330,4145258,3012,28.8,1021.8,56-614-135
2026-09-05 12:12:40,B,5950,426,4145258,6501,28.8,1021.8,56-614-135
2026-09-05 12:12:40,C,896,378,4145258,4757,28.8,1021.8,56-614-135
2026-09-05 12:12:40,T,5008,136,4145487,3012,28.8,1021.8,56-614-135
2026-09-05 12:12:41,B,5951,480,4145779,6502,28.8,1021.8,56-614-135
2026-09-05 12:12:41,T,5009,115,4146110,3014,28.8,1021.8,56-614-135
2026-09-05 12:12:41,T,5010,209,4146320,3014,28.8,1021.8,56-614-135
2026-09-05 12:12:41,T,5011,223,4146411,3014,28.8,1021.8,56-614-135
2026-09-05 12:12:42,T,5012,282,4146595,3017,28.8,1021.8,56-614-135
2026-09-05 12:12:42,T,5013,59,4146613,3017,28.8,1021.8,56-614-135
2026-09-05 12:12:42,B,5952,408,4146992,6504,28.8,1021.8,56-614-135
2026-09-05 12:12:42,T,5014,208,4147191,3017,28.8,1021.8,56-614-135
2026-09-05 12:12:42,T,5015,630,4147281,3017,28.8,1021.8,56-614-135
2026-09-05 12:12:43,T,5016,302,4147760,3017,28.8,1021.8,56-614-135
2026-09-05 12:12:44,T,5017,136,4148669,3018,28.8,1021.8,56-614-135
2026-09-05 12:12:44,B,5953,210,4149034,6506,28.8,1021.8,56-614-135
2026-09-05 12:12:44,B,5954,251,4149371,6506,28.8,1021.8,56-614-135
2026-09-05 12:12:45,B,5955,527,4149590,6508,28.8,1021.8,56-614-135
2026-09-05 12:12:45,T,5018,147,4150035,3019,28.8,1021.8,56-614-135
2026-09-05 12:12:45,T,5019,100,4150248,3019,28.8,1021.8,56-614-135
2026-09-05 12:12:46,B,5956,406,4150663,6509,28.8,1021.8,56-614-135
2026-09-05 12:12:48,T,5020,426,4152958,3020,28.8,1021.8,56-614-135
2026-09-05 12:12:48,B,5957,191,4153289,6511,28.8,1021.8,56-614-135
2026-09-05 12:12:48,T,5021,122,4153405,3020,28.8,1021.8,56-614-135
2026-09-05 12:12:48,B,5958,68,4153431,6511,28.8,1021.8,56-614-135
2026-09-05 12:12:49,B,5959,245,4153939,6515,28.8,1021.8,56-614-135
2026-09-05 12:12:49,B,5960,306,4154293,6515,28.8,1021.8,56-614-135
2026-09-05 12:12:49,T,5022,166,4154359,3020,28.8,1021.8,56-614-135
2026-09-05 12:12:49,B,5961,430,4154411,6515,28.8,1021.8,56-614-135
2026-09-05 12:12:50,B,5962,135,4154619,6516,28.8,1021.8,56-614-135
2026-09-05 12:12:50,T,5023,66,4155394,3020,28.8,1021.8,56-614-135
2026-09-05 12:12:52,B,5963,63,4156766,6518,28.8,1021.8,56-614-135
2026-09-05 12:12:52,B,5964,306,4157348,6518,28.8,1021.8,56-614-135
2026-09-05 12:12:53,B,5965,154,4157675,6521,28.8,1021.8,56-614-135
2026-09-05 12:12:53,B,5966,72,4158023,6521,28.8,1021.8,56-614-135
2026-09-05 12:12:53,B,5967,57,4158059,6521,28.8,1021.8,56-614-135
2026-09-05 12:12:53,B,5968,104,4158388,6521,28.8,1021.8,56-614-135
2026-09-05 12:12:53,T,5024,75,4158415,3021,28.8,1021.8,56-614-135
2026-09-05 12:12:54,B,5969,173,4158811,6522,28.8,1021.8,56-614-135
2026-09-05 12:12:55,T,5025,486,4159736,3023,28.8,1021.8,56-614-135
2026-09-05 12:12:55,B,5970,340,4159736,6525,28.8,1021.8,56-614-135
2026-09-05 12:12:55,C,897,413,4159736,4774,28.8,1021.8,56-614-135
2026-09-05 12:12:55,B,5971,54,4160011,6525,28.8,1021.8,56-614-135
2026-09-05 12:12:55,B,5972,555,4160174,6525,28.8,1021.8,56-614-135
2026-09-05 12:12:55,T,5026,123,4160382,3023,28.8,1021.8,56-614-135
2026-09-05 12:12:55,T,5027,318,4160603,3023,28.8,1021.8,56-614-135
2026-09-05 12:12:56,B,5973,160,4161108,6529,28.8,1021.8,56-614-135
2026-09-05 12:12:56,B,5974,120,4161466,6529,28.8,1021.8,56-614-135
2026-09-05 12:12:56,T,5028,121,4161482,3023,28.8,1021.8,56-614-135
2026-09-05 12:12:56,B,5975,432,4161536,6529,28.8,1021.8,56-614-135
2026-09-05 12:12:57,B,5976,120,4162013,6531,28.8,1021.8,56-614-135
2026-09-05 12:12:57,B,5977,200,4162151,6531,28.8,1021.8,56-614-135
2026-09-05 12:12:57,T,5029,362,4162405,3024,28.8,1021.8,56-614-135
2026-09-05 12:12:57,T,5030,59,4162512,3024,28.8,1021.8,56-614-135
2026-09-05 12:12:57,T,5031,63,4162537,3024,28.8,1021.8,56-614-135
2026-09-05 12:12:58,T,5032,93,4163209,3025,28.8,1021.8,56-614-135
2026-09-05 12:12:59,T,5033,80,4164076,3025,28.8,1021.8,56-614-135
2026-09-05 12:13:00,T,5034,89,4164763,3025,28.8,1021.8,56-614-135
2026-09-05 12:13:00,T,5035,53,4164769,3025,28.8,1021.8,56-614-135
2026-09-05 12:13:00,B,5978,318,4165054,6532,28.8,1021.8,56-614-135
2026-09-05 12:13:01,B,5979,327,4165848,6534,28.8,1021.8,56-614-135
2026-09-05 12:13:01,B,5980,65,4165985,6534,28.8,1021.8,56-614-135
2026-09-05 12:13:02,B,5981,482,4166806,6539,28.8,1021.8,56-614-135
2026-09-05 12:13:02,B,5982,205,4166834,6539,28.8,1021.8,56-614-135
2026-09-05 12:13:02,B,5983,218,4166886,6539,28.8,1021.8,56-614-135
2026-09-05 12:13:02,B,5984,431,4166904,6539,28.8,1021.8,56-614-135
2026-09-05 12:13:03,T,5036,470,4167967,3027,28.8,1021.8,56-614-135
2026-09-05 12:13:03,B,5985,533,4167967,6542,28.8,1021.8,56-614-135
2026-09-05 12:13:03,C,898,501,4167967,4784,28.8,1021.8,56-614-135
2026-09-05 12:13:03,T,5037,394,4167989,3027,28.8,1021.8,56-614-135
2026-09-05 12:13:03,B,5986,129,4168317,6542,28.8,1021.8,56-614-135
2026-09-05 12:13:04,T,5038,284,4168925,3028,28.8,1021.8,56-614-135
2026-09-05 12:13:04,B,5987,157,4169267,6543,28.8,1021.8,56-614-135
2026-09-05 12:13:04,T,5039,112,4169389,3028,28.8,1021.8,56-614-135
2026-09-05 12:13:04,T,5040,92,4169698,3028,28.8,1021.8,56-614-135
2026-09-05 12:13:05,T,5041,177,4170306,3029,28.8,1021.8,56-614-135
2026-09-05 12:13:05,T,5042,226,4170364,3029,28.8,1021.8,56-614-135
2026-09-05 12:13:05,B,5988,51,4170626,6543,28.8,1021.8,56-614-135
2026-09-05 12:13:07,B,5989,55,4171866,6545,28.8,1021.8,56-614-135
2026-09-05 12:13:07,T,5043,62,4172167,3030,28.8,1021.8,56-614-135
2026-09-05 12:13:07,B,5990,338,4172300,6545,28.8,1021.8,56-614-135
2026-09-05 12:13:08,B,5991,92,4173145,6549,28.8,1021.8,56-614-135
2026-09-05 12:13:08,B,5992,62,4173195,6549,28.8,1021.8,56-614-135
2026-09-05 12:13:08,B,5993,266,4173384,6549,28.8,1021.8,56-614-135
2026-09-05 12:13:08,B,5994,56,4173825,6549,28.8,1021.8,56-614-135
2026-09-05 12:13:09,T,5044,110,4174044,3030,28.8,1021.8,56-614-135
2026-09-05 12:13:09,T,5045,53,4174550,3030,28.8,1021.8,56-614-135
2026-09-05 12:13:10,B,5995,160,4174922,6552,28.8,1021.8,56-614-135
2026-09-05 12:13:10,B,5996,318,4174928,6552,28.8,1021.8,56-614-135
2026-09-05 12:13:10,T,5046,277,4175580,3031,28.8,1021.8,56-614-135
2026-09-05 12:13:10,T,5047,95,4175814,3031,28.8,1021.8,56-614-135
2026-09-05 12:13:10,B,5997,541,4175814,6552,28.8,1021.8,56-614-135
2026-09-05 12:13:10,C,899,318,4175814,4792,28.8,1021.8,56-614-135
2026-09-05 12:13:11,T,5048,69,4176004,3031,28.8,1021.8,56-614-135
2026-09-05 12:13:11,B,5998,300,4176540,6555,28.8,1021.8,56-614-135
2026-09-05 12:13:11,B,5999,354,4176612,6555,28.8,1021.8,56-614-135
2026-09-05 12:13:12,T,5049,169,4177660,3032,28.8,1021.8,56-614-135
2026-09-05 12:13:13,T,5050,95,4178231,3035,28.8,1021.8,56-614-135
2026-09-05 12:13:13,T,5051,390,4178349,3035,28.8,1021.8,56-614-135
2026-09-05 12:13:13,T,5052,363,4178381,3035,28.8,1021.8,56-614-135
2026-09-05 12:13:13,T,5053,264,4178441,3035,28.8,1021.8,56-614-135
2026-09-05 12:13:13,T,5054,106,4178581,3035,28.8,1021.8,56-614-135
2026-09-05 12:13:13,T,5055,179,4178652,3035,28.8,1021.8,56-614-135
2026-09-05 12:13:14,T,5056,88,4179551,3036,28.8,1021.8,56-614-135
2026-09-05 12:13:14,T,5057,69,4179859,3036,28.8,1021.8,56-614-135
2026-09-05 12:13:15,T,5058,427,4180319,3037,28.8,1021.8,56-614-135
2026-09-05 12:13:15,B,6000,435,4180319,6558,28.8,1021.8,56-614-135
2026-09-05 12:13:15,C,900,431,4180319,4797,28.8,1021.8,56-614-135
2026-09-05 12:13:15,B,6001,166,4180722,6558,28.8,1021.8,56-614-135
2026-09-05 12:13:16,T,5059,283,4181290,3037,28.8,1021.8,56-614-135
2026-09-05 12:13:16,B,6002,578,4181360,6561,28.8,1021.8,56-614-135
2026-09-05 12:13:16,B,6003,182,4181478,6561,28.8,1021.8,56-614-135
2026-09-05 12:13:16,B,6004,57,4181754,6561,28.8,1021.8,56-614-135
2026-09-05 12:13:17,B,6005,127,4182694,6562,28.8,1021.8,56-614-135
2026-09-05 12:13:18,B,6006,267,4183285,6564,28.8,1021.8,56-614-135
2026-09-05 12:13:18,T,5060,110,4183304,3039,28.8,1021.8,56-614-135
2026-09-05 12:13:18,T,5061,467,4183702,3039,28.8,1021.8,56-614-135
2026-09-05 12:13:18,B,6007,63,4183889,6564,28.8,1021.8,56-614-135
2026-09-05 12:13:19,B,6008,883,4184118,6568,28.8,1021.8,56-614-135
2026-09-05 12:13:19,B,6009,343,4184586,6568,28.8,1021.8,56-614-135
2026-09-05 12:13:19,B,6010,148,4184629,6568,28.8,1021.8,56-614-135
2026-09-05 12:13:20,B,6011,118,4185245,6572,28.8,1021.8,56-614-135
2026-09-05 12:13:20,T,5062,536,4185557,3041,28.8,1021.8,56-614-135
2026-09-05 12:13:20,B,6012,550,4185557,6572,28.8,1021.8,56-614-135
2026-09-05 12:13:20,C,901,543,4185557,4807,28.8,1021.8,56-614-135
2026-09-05 12:13:20,T,5063,435,4185602,3041,28.8,1021.8,56-614-135
2026-09-05 12:13:20,B,6013,830,4185602,6572,28.8,1021.8,56-614-135
2026-09-05 12:13:20,C,902,632,4185602,4807,28.8,1021.8,56-614-135
2026-09-05 12:13:20,T,5064,165,4185646,3041,28.8,1021.8,56-614-135
2026-09-05 12:13:21,T,5065,157,4186391,3041,28.8,1021.8,56-614-135
2026-09-05 12:13:21,B,6014,116,4186705,6573,28.8,1021.8,56-614-135
2026-09-05 12:13:22,B,6015,121,4187403,6575,28.8,1021.8,56-614-135
2026-09-05 12:13:22,T,5066,421,4187963,3042,28.8,1021.8,56-614-135
2026-09-05 12:13:22,B,6016,594,4187963,6575,28.8,1021.8,56-614-135
2026-09-05 12:13:22,C,903,507,4187963,4809,28.8,1021.8,56-614-135
2026-09-05 12:13:23,T,5067,426,4188246,3043,28.8,1021.8,56-614-135
2026-09-05 12:13:23,B,6017,140,4188594,6578,28.8,1021.8,56-614-135
2026-09-05 12:13:23,T,5068,69,4188923,3043,28.8,1021.8,56-614-135
2026-09-05 12:13:23,B,6018,307,4188923,6578,28.8,1021.8,56-614-135
2026-09-05 12:13:24,C,904,188,4188923,4811,28.8,1021.8,56-614-135
2026-09-05 12:13:24,T,5069,94,4189096,3045,28.8,1021.8,56-614-135
2026-09-05 12:13:24,T,5070,283,4189435,3045,28.8,1021.8,56-614-135
2026-09-05 12:13:24,T,5071,59,4189503,3045,28.8,1021.8,56-614-135
2026-09-05 12:13:25,B,6019,265,4189673,6580,28.8,1021.8,56-614-135
2026-09-05 12:13:25,B,6020,357,4189939,6580,28.8,1021.8,56-614-135
2026-09-05 12:13:25,T,5072,61,4190096,3045,28.8,1021.8,56-614-135
2026-09-05 12:13:26,B,6021,212,4190453,6582,28.8,1021.8,56-614-135
2026-09-05 12:13:26,T,5073,58,4190529,3045,28.8,1021.8,56-614-135
2026-09-05 12:13:27,B,6022,86,4192008,6582,28.8,1021.8,56-614-135
2026-09-05 12:13:28,B,6023,156,4192120,6583,28.8,1021.8,56-614-135
2026-09-05 12:13:28,T,5074,155,4192581,3045,28.8,1021.8,56-614-135
2026-09-05 12:13:29,T,5075,476,4193136,3048,28.8,1021.8,56-614-135
2026-09-05 12:13:29,T,5076,144,4193463,3048,28.8,1021.8,56-614-135
2026-09-05 12:13:29,T,5077,163,4193614,3048,28.8,1021.8,56-614-135
2026-09-05 12:13:29,B,6024,168,4193691,6585,28.8,1021.8,56-614-135
2026-09-05 12:13:29,T,5078,444,4193734,3048,28.8,1021.8,56-614-135
2026-09-05 12:13:30,B,6025,513,4194118,6588,28.8,1021.8,56-614-135
2026-09-05 12:13:30,B,6026,74,4194289,6588,28.8,1021.8,56-614-135
2026-09-05 12:13:30,B,6027,81,4194762,6588,28.8,1021.8,56-614-135
2026-09-05 12:13:31,T,5079,146,4195106,3049,28.8,1021.8,56-614-135
2026-09-05 12:13:31,T,5080,169,4195332,3049,28.8,1021.8,56-614-135
2026-09-05 12:13:32,T,5081,103,4196154,3051,28.8,1021.8,56-614-135
2026-09-05 12:13:32,T,5082,397,4196636,3051,28.8,1021.8,56-614-135
2026-09-05 12:13:32,B,6028,438,4196636,6590,28.8,1021.8,56-614-135
2026-09-05 12:13:32,C,905,418,4196636,4821,28.8,1021.8,56-614-135
2026-09-05 12:13:32,T,5083,442,4196679,3051,28.8,1021.8,56-614-135
2026-09-05 12:13:32,T,5084,51,4196807,3051,28.8,1021.8,56-614-135
2026-09-05 12:13:32,B,6029,164,4196856,6590,28.8,1021.8,56-614-135
2026-09-05 12:13:34,T,5085,55,4198844,3051,28.8,1021.8,56-614-135
2026-09-05 12:13:35,B,6030,252,4199204,6592,28.8,1021.8,56-614-135
2026-09-05 12:13:35,B,6031,53,4199443,6592,28.8,1021.8,56-614-135
2026-09-05 12:13:35,T,5086,408,4199878,3053,28.8,1021.8,56-614-135
2026-09-05 12:13:35,T,5087,102,4200133,3053,28.8,1021.8,56-614-135
2026-09-05 12:13:36,T,5088,78,4200518,3053,28.8,1021.8,56-614-135
2026-09-05 12:13:36,T,5089,60,4200629,3053,28.8,1021.8,56-614-135
2026-09-05 12:13:36,B,6032,62,4200866,6593,28.8,1021.8,56-614-135
2026-09-05 12:13:37,T,5090,305,4201661,3054,28.8,1021.8,56-614-135
2026-09-05 12:13:37,B,6033,50,4202068,6593,28.8,1021.8,56-614-135
2026-09-05 12:13:38,B,6034,84,4202216,6597,28.8,1021.8,56-614-135
2026-09-05 12:13:38,B,6035,417,4202551,6597,28.8,1021.8,56-614-135
2026-09-05 12:13:38,B,6036,296,4202929,6597,28.8,1021.8,56-614-135
2026-09-05 12:13:39,B,6037,455,4203895,6598,28.8,1021.8,56-614-135
2026-09-05 12:13:39,T,5091,483,4203895,3055,28.8,1021.8,56-614-135
2026-09-05 12:13:40,B,6038,162,4204246,6602,28.8,1021.8,56-614-135
2026-09-05 12:13:40,B,6039,294,4204867,6602,28.8,1021.8,56-614-135
2026-09-05 12:13:40,B,6040,100,4204888,6602,28.8,1021.8,56-614-135
2026-09-05 12:13:40,T,5092,263,4204995,3055,28.8,1021.8,56-614-135
2026-09-05 12:13:40,B,6041,95,4205200,6602,28.8,1021.8,56-614-135
2026-09-05 12:13:41,T,5093,85,4205437,3055,28.8,1021.8,56-614-135
2026-09-05 12:13:41,B,6042,72,4205626,6604,28.8,1021.8,56-614-135
2026-09-05 12:13:41,B,6043,132,4205893,6604,28.8,1021.8,56-614-135
2026-09-05 12:13:42,T,5094,695,4206413,3057,28.8,1021.8,56-614-135
2026-09-05 12:13:43,T,5095,322,4207249,3058,28.8,1021.8,56-614-135
2026-09-05 12:13:43,T,5096,304,4208244,3058,28.8,1021.8,56-614-135
2026-09-05 12:13:44,T,5097,538,4208482,3059,28.8,1021.8,56-614-135
2026-09-05 12:13:44,B,6044,91,4208696,6605,28.8,1021.8,56-614-135
2026-09-05 12:13:44,T,5098,85,4208931,3059,28.8,1021.8,56-614-135
2026-09-05 12:13:45,B,6045,153,4209357,6606,28.8,1021.8,56-614-135
2026-09-05 12:13:45,T,5099,68,4209605,3060,28.8,1021.8,56-614-135
2026-09-05 12:13:47,B,6046,126,4212118,6608,28.8,1021.8,56-614-135
2026-09-05 12:13:47,B,6047,179,4212232,6608,28.8,1021.8,56-614-135
2026-09-05 12:13:48,B,6048,146,4212534,6610,28.8,1021.8,56-614-135
2026-09-05 12:13:48,B,6049,497,4212865,6610,28.8,1021.8,56-614-135
2026-09-05 12:13:49,B,6050,130,4213498,6611,28.8,1021.8,56-614-135
2026-09-05 12:13:50,B,6051,404,4215063,6612,28.8,1021.8,56-614-135
2026-09-05 12:13:50,T,5100,130,4215074,3060,28.8,1021.8,56-614-135
2026-09-05 12:13:51,B,6052,80,4215434,6616,28.8,1021.8,56-614-135
2026-09-05 12:13:51,T,5101,372,4215737,3062,28.8,1021.8,56-614-135
2026-09-05 12:13:51,B,6053,427,4215737,6616,28.8,1021.8,56-614-135
2026-09-05 12:13:51,C,906,399,4215737,4839,28.8,1021.8,56-614-135
2026-09-05 12:13:51,T,5102,274,4215903,3062,28.8,1021.8,56-614-135
2026-09-05 12:13:51,B,6054,139,4216075,6616,28.8,1021.8,56-614-135
2026-09-05 12:13:52,B,6055,108,4217047,6617,28.8,1021.8,56-614-135
2026-09-05 12:13:53,B,6056,98,4217598,6619,28.8,1021.8,56-614-135
2026-09-05 12:13:53,B,6057,127,4217628,6619,28.8,1021.8,56-614-135
2026-09-05 12:13:53,B,6058,228,4218059,6619,28.8,1021.8,56-614-135
2026-09-05 12:13:54,B,6059,98,4218716,6623,28.8,1021.8,56-614-135
2026-09-05 12:13:54,B,6060,152,4219254,6623,28.8,1021.8,56-614-135
2026-09-05 12:13:54,B,6061,425,4219370,6623,28.8,1021.8,56-614-135
2026-09-05 12:13:55,T,5103,340,4219558,3063,28.8,1021.8,56-614-135
2026-09-05 12:13:55,B,6062,67,4219586,6623,28.8,1021.8,56-614-135
2026-09-05 12:13:55,T,5104,187,4220124,3063,28.8,1021.8,56-614-135
2026-09-05 12:13:56,T,5105,82,4221145,3063,28.8,1021.8,56-614-135
2026-09-05 12:13:56,B,6063,81,4221360,6624,28.8,1021.8,56-614-135
2026-09-05 12:13:57,T,5106,285,4221639,3064,28.8,1021.8,56-614-135
2026-09-05 12:13:58,B,6064,105,4222470,6628,28.8,1021.8,56-614-135
2026-09-05 12:13:58,T,5107,185,4222620,3064,28.8,1021.8,56-614-135
2026-09-05 12:13:58,B,6065,429,4222620,6628,28.8,1021.8,56-614-135
2026-09-05 12:13:58,C,907,307,4222620,4846,28.8,1021.8,56-614-135
2026-09-05 12:13:58,B,6066,248,4223081,6628,28.8,1021.8,56-614-135
2026-09-05 12:13:58,B,6067,190,4223427,6629,28.8,1021.8,56-614-135
2026-09-05 12:13:59,T,5108,77,4223563,3065,28.8,1021.8,56-614-135
2026-09-05 12:13:59,B,6068,111,4224087,6631,28.8,1021.8,56-614-135
2026-09-05 12:13:59,T,5109,316,4224234,3065,28.8,1021.8,56-614-135
2026-09-05 12:13:59,B,6069,414,4224234,6631,28.8,1021.8,56-614-135
2026-09-05 12:13:59,C,908,365,4224234,4848,28.8,1021.8,56-614-135
2026-09-05 12:14:00,T,5110,517,4224457,3067,28.8,1021.8,56-614-135
2026-09-05 12:14:00,B,6070,438,4224776,6634,28.8,1021.8,56-614-135
2026-09-05 12:14:00,B,6071,62,4225257,6634,28.8,1021.8,56-614-135
2026-09-05 12:14:00,T,5111,300,4225349,3067,28.8,1021.8,56-614-135
2026-09-05 12:14:00,B,6072,121,4225397,6634,28.8,1021.8,56-614-135
2026-09-05 12:14:01,T,5112,178,4225753,3068,28.8,1021.8,56-614-135
2026-09-05 12:14:01,B,6073,86,4226005,6636,28.8,1021.8,56-614-135
2026-09-05 12:14:01,B,6074,95,4226374,6636,28.8,1021.8,56-614-135
2026-09-05 12:14:02,B,6075,88,4226873,6637,28.8,1021.8,56-614-135
2026-09-05 12:14:02,T,5113,62,4226894,3068,28.8,1021.8,56-614-135
2026-09-05 12:14:03,T,5114,58,4227718,3070,28.8,1021.7,56-614-135
2026-09-05 12:14:03,B,6076,502,4227721,6642,28.8,1021.7,56-614-135
2026-09-05 12:14:03,B,6077,168,4227823,6642,28.8,1021.7,56-614-135
2026-09-05 12:14:03,T,5115,67,4227949,3070,28.8,1021.7,56-614-135
2026-09-05 12:14:03,T,5116,386,4228043,3070,28.8,1021.7,56-614-135
2026-09-05 12:14:03,T,5117,189,4228086,3070,28.8,1021.7,56-614-135
2026-09-05 12:14:03,B,6078,548,4228099,6642,28.8,1021.7,56-614-135
2026-09-05 12:14:03,B,6079,644,4228312,6642,28.8,1021.7,56-614-135
2026-09-05 12:14:03,T,5118,350,4228425,3070,28.8,1021.7,56-614-135
2026-09-05 12:14:04,T,5119,386,4229407,3071,28.8,1021.7,56-614-135
2026-09-05 12:14:05,B,6080,54,4230021,6643,28.8,1021.7,56-614-135
2026-09-05 12:14:06,B,6081,52,4231209,6643,28.8,1021.7,56-614-135
2026-09-05 12:14:07,B,6082,71,4231538,6645,28.8,1021.7,56-614-135
2026-09-05 12:14:07,T,5120,446,4231693,3074,28.8,1021.7,56-614-135
2026-09-05 12:14:07,T,5121,52,4231896,3074,28.8,1021.7,56-614-135
2026-09-05 12:14:07,B,6083,160,4231921,6645,28.8,1021.7,56-614-135
2026-09-05 12:14:07,T,5122,412,4232142,3074,28.8,1021.7,56-614-135
2026-09-05 12:14:07,T,5123,305,4232502,3074,28.8,1021.7,56-614-135
2026-09-05 12:14:08,B,6084,130,4232683,6649,28.8,1021.8,56-614-135
2026-09-05 12:14:08,B,6085,121,4232723,6649,28.8,1021.8,56-614-135
2026-09-05 12:14:08,B,6086,142,4232835,6649,28.8,1021.8,56-614-135
2026-09-05 12:14:08,B,6087,132,4232951,6649,28.8,1021.8,56-614-135
2026-09-05 12:14:09,B,6088,569,4233825,6650,28.8,1021.8,56-614-135
2026-09-05 12:14:09,T,5124,111,4233875,3074,28.8,1021.8,56-614-135
2026-09-05 12:14:10,B,6089,166,4234809,6653,28.8,1021.8,56-614-135
2026-09-05 12:14:10,B,6090,421,4234886,6653,28.8,1021.8,56-614-135
2026-09-05 12:14:11,T,5125,445,4235778,3076,28.8,1021.8,56-614-135
2026-09-05 12:14:11,T,5126,170,4235908,3076,28.8,1021.8,56-614-135
2026-09-05 12:14:12,B,6091,89,4237570,6654,28.8,1021.8,56-614-135
2026-09-05 12:14:13,T,5127,270,4237887,3078,28.8,1021.8,56-614-135
2026-09-05 12:14:13,T,5128,562,4238393,3078,28.8,1021.8,56-614-135
2026-09-05 12:14:13,T,5129,57,4238460,3078,28.8,1021.8,56-614-135
2026-09-05 12:14:13,T,5130,561,4238500,3078,28.8,1021.8,56-614-135
2026-09-05 12:14:15,T,5131,120,4239900,3079,28.8,1021.8,56-614-135
2026-09-05 12:14:16,T,5132,241,4240913,3080,28.8,1021.8,56-614-135
2026-09-05 12:14:17,T,5133,123,4242014,3081,28.8,1021.8,56-614-135
2026-09-05 12:14:17,T,5134,398,4242246,3081,28.8,1021.8,56-614-135
2026-09-05 12:14:17,B,6092,466,4242246,6655,28.8,1021.8,56-614-135
2026-09-05 12:14:17,C,909,432,4242246,4868,28.8,1021.8,56-614-135
2026-09-05 12:14:18,B,6093,88,4243403,6656,28.8,1021.8,56-614-135
2026-09-05 12:14:19,T,5135,247,4243831,3082,28.8,1021.8,56-614-135
2026-09-05 12:14:19,B,6094,214,4243968,6658,28.8,1021.8,56-614-135
2026-09-05 12:14:19,B,6095,74,4244012,6658,28.8,1021.8,56-614-135
2026-09-05 12:14:19,T,5136,63,4244449,3082,28.8,1021.8,56-614-135
2026-09-05 12:14:19,T,5137,139,4244624,3082,28.8,1021.8,56-614-135
2026-09-05 12:14:20,T,5138,400,4244904,3083,28.8,1021.8,56-614-135
2026-09-05 12:14:20,B,6096,75,4245266,6659,28.8,1021.8,56-614-135
2026-09-05 12:14:21,T,5139,411,4245893,3084,28.8,1021.8,56-614-135
2026-09-05 12:14:21,T,5140,61,4245926,3084,28.8,1021.8,56-614-135
2026-09-05 12:14:21,B,6097,381,4246385,6660,28.8,1021.8,56-614-135
2026-09-05 12:14:22,B,6098,223,4247568,6661,28.8,1021.8,56-614-135
2026-09-05 12:14:23,B,6099,209,4248385,6662,28.8,1021.8,56-614-135
2026-09-05 12:14:23,T,5141,450,4248502,3085,28.8,1021.8,56-614-135
2026-09-05 12:14:23,T,5142,68,4248582,3085,28.8,1021.8,56-614-135
2026-09-05 12:14:24,B,6100,454,4248739,6665,28.8,1021.8,56-614-135
2026-09-05 12:14:24,T,5143,497,4249384,3086,28.8,1021.8,56-614-135
2026-09-05 12:14:24,B,6101,553,4249436,6665,28.8,1021.8,56-614-135
2026-09-05 12:14:25,B,6102,121,4250093,6668,28.8,1021.8,56-614-135
2026-09-05 12:14:25,T,5144,569,4250674,3087,28.8,1021.8,56-614-135
2026-09-05 12:14:25,B,6103,527,4250674,6668,28.8,1021.8,56-614-135
2026-09-05 12:14:25,C,910,548,4250674,4877,28.8,1021.8,56-614-135
2026-09-05 12:14:26,B,6104,71,4250978,6671,28.8,1021.8,56-614-135
2026-09-05 12:14:26,T,5145,462,4251049,3088,28.8,1021.8,56-614-135
2026-09-05 12:14:26,B,6105,270,4251264,6671,28.8,1021.8,56-614-135
2026-09-05 12:14:26,B,6106,87,4251539,6671,28.8,1021.8,56-614-135
2026-09-05 12:14:27,B,6107,123,4251838,6673,28.8,1021.8,56-614-135
2026-09-05 12:14:27,T,5146,344,4252541,3089,28.8,1021.8,56-614-135
2026-09-05 12:14:27,B,6108,380,4252541,6673,28.8,1021.8,56-614-135
2026-09-05 12:14:27,C,911,362,4252541,4881,28.8,1021.8,56-614-135
2026-09-05 12:14:28,B,6109,140,4252990,6675,28.8,1021.7,56-614-135
2026-09-05 12:14:28,B,6110,279,4253336,6675,28.8,1021.7,56-614-135
2026-09-05 12:14:28,T,5147,78,4253511,3089,28.8,1021.7,56-614-135
2026-09-05 12:14:29,B,6111,85,4254102,6676,28.8,1021.7,56-614-135
2026-09-05 12:14:30,T,5148,340,4255766,3090,28.8,1021.7,56-614-135
2026-09-05 12:14:30,B,6112,345,4255766,6678,28.8,1021.7,56-614-135
2026-09-05 12:14:30,C,912,342,4255766,4884,28.8,1021.7,56-614-135
2026-09-05 12:14:31,B,6113,162,4255980,6683,28.8,1021.7,56-614-135
2026-09-05 12:14:31,T,5149,417,4256058,3091,28.8,1021.7,56-614-135
2026-09-05 12:14:31,B,6114,465,4256058,6683,28.8,1021.7,56-614-135
2026-09-05 12:14:31,C,913,441,4256058,4887,28.8,1021.7,56-614-135
2026-09-05 12:14:31,B,6115,229,4256150,6683,28.8,1021.7,56-614-135
2026-09-05 12:14:31,B,6116,354,4256265,6683,28.8,1021.7,56-614-135
2026-09-05 12:14:32,B,6117,51,4256864,6685,28.8,1021.7,56-614-135
2026-09-05 12:14:32,B,6118,64,4257427,6685,28.8,1021.7,56-614-135
2026-09-05 12:14:32,B,6119,276,4257516,6685,28.8,1021.7,56-614-135
2026-09-05 12:14:33,B,6120,161,4258183,6686,28.8,1021.7,56-614-135
2026-09-05 12:14:34,T,5150,102,4259068,3092,28.8,1021.7,56-614-135
2026-09-05 12:14:34,T,5151,371,4259634,3092,28.8,1021.7,56-614-135
2026-09-05 12:14:35,T,5152,275,4259974,3093,28.8,1021.7,56-614-135
2026-09-05 12:14:35,B,6121,246,4260028,6689,28.8,1021.7,56-614-135
2026-09-05 12:14:35,B,6122,295,4260470,6689,28.8,1021.7,56-614-135
2026-09-05 12:14:35,T,5153,68,4260553,3093,28.8,1021.7,56-614-135
2026-09-05 12:14:36,T,5154,307,4260908,3094,28.8,1021.7,56-614-135
2026-09-05 12:14:36,B,6123,55,4261094,6693,28.8,1021.7,56-614-135
2026-09-05 12:14:36,T,5155,496,4261465,3094,28.8,1021.7,56-614-135
2026-09-05 12:14:36,B,6124,421,4261465,6693,28.8,1021.7,56-614-135
2026-09-05 12:14:36,C,914,458,4261465,4893,28.8,1021.7,56-614-135
2026-09-05 12:14:36,B,6125,119,4261543,6693,28.8,1021.7,56-614-135
2026-09-05 12:14:36,B,6126,163,4261588,6693,28.8,1021.7,56-614-135
2026-09-05 12:14:37,T,5156,205,4262295,3095,28.8,1021.7,56-614-135
2026-09-05 12:14:37,B,6127,95,4262374,6694,28.8,1021.7,56-614-135
2026-09-05 12:14:37,T,5157,143,4262521,3095,28.8,1021.7,56-614-135
2026-09-05 12:14:37,B,6128,149,4262606,6694,28.8,1021.7,56-614-135
2026-09-05 12:14:38,T,5158,570,4263745,3096,28.8,1021.7,56-614-135
2026-09-05 12:14:38,B,6129,459,4263745,6696,28.8,1021.7,56-614-135
2026-09-05 12:14:38,C,915,514,4263745,4896,28.8,1021.7,56-614-135
2026-09-05 12:14:39,B,6130,69,4264013,6696,28.8,1021.7,56-614-135
2026-09-05 12:14:39,T,5159,67,4264164,3099,28.8,1021.7,56-614-135
2026-09-05 12:14:39,T,5160,117,4264221,3099,28.8,1021.7,56-614-135
2026-09-05 12:14:39,T,5161,86,4264351,3099,28.8,1021.7,56-614-135
2026-09-05 12:14:39,T,5162,266,4264440,3099,28.8,1021.7,56-614-135
2026-09-05 12:14:39,B,6131,251,4264918,6698,28.8,1021.7,56-614-135
2026-09-05 12:14:40,T,5163,74,4265387,3099,28.8,1021.7,56-614-135
2026-09-05 12:14:41,B,6132,156,4266738,6699,28.8,1021.7,56-614-135
2026-09-05 12:14:42,T,5164,51,4267245,3099,28.8,1021.7,56-614-135
2026-09-05 12:14:44,T,5165,201,4269138,3100,28.8,1021.8,56-614-135
2026-09-05 12:14:44,T,5166,101,4269518,3100,28.8,1021.8,56-614-135
2026-09-05 12:14:45,B,6133,199,4270168,6700,28.8,1021.8,56-614-135
2026-09-05 12:14:45,T,5167,312,4270680,3101,28.8,1021.8,56-614-135
2026-09-05 12:14:46,T,5168,555,4271289,3103,28.8,1021.8,56-614-135
2026-09-05 12:14:46,B,6134,69,4271548,6701,28.8,1021.8,56-614-135
2026-09-05 12:14:46,B,6135,80,4271673,6701,28.8,1021.8,56-614-135
2026-09-05 12:14:46,T,5169,522,4271992,3103,28.8,1021.8,56-614-135
2026-09-05 12:14:47,T,5170,107,4272256,3103,28.8,1021.8,56-614-135
2026-09-05 12:14:47,B,6136,126,4272825,6702,28.8,1021.8,56-614-135
2026-09-05 12:14:48,B,6137,120,4273108,6705,28.8,1021.7,56-614-135
2026-09-05 12:14:48,B,6138,105,4273240,6705,28.8,1021.7,56-614-135
2026-09-05 12:14:48,T,5171,398,4273310,3104,28.8,1021.7,56-614-135
2026-09-05 12:14:48,B,6139,87,4273310,6705,28.8,1021.7,56-614-135
2026-09-05 12:14:48,C,916,242,4273310,4904,28.8,1021.7,56-614-135
2026-09-05 12:14:49,B,6140,51,4274386,6705,28.8,1021.7,56-614-135
2026-09-05 12:14:49,T,5172,207,4274903,3105,28.8,1021.7,56-614-135
2026-09-05 12:14:50,T,5173,123,4275395,3106,28.8,1021.7,56-614-135
2026-09-05 12:14:51,B,6141,82,4275473,6707,28.8,1021.7,56-614-135
2026-09-05 12:14:51,T,5174,121,4275479,3106,28.8,1021.7,56-614-135
2026-09-05 12:14:51,T,5175,192,4275662,3106,28.8,1021.7,56-614-135
2026-09-05 12:14:51,B,6142,52,4275698,6707,28.8,1021.7,56-614-135
2026-09-05 12:14:52,T,5176,52,4276996,3106,28.8,1021.7,56-614-135
2026-09-05 12:14:53,B,6143,382,4278002,6708,28.8,1021.7,56-614-135
2026-09-05 12:14:53,T,5177,278,4278002,3107,28.8,1021.7,56-614-135
2026-09-05 12:14:54,T,5178,55,4279047,3107,28.8,1021.8,56-614-135
2026-09-05 12:14:54,B,6144,73,4279047,6709,28.8,1021.8,56-614-135
2026-09-05 12:14:54,C,917,64,4279047,4908,28.8,1021.8,56-614-135
2026-09-05 12:14:55,T,5179,93,4279504,3107,28.8,1021.8,56-614-135
2026-09-05 12:14:56,B,6145,168,4280972,6711,28.8,1021.8,56-614-135
2026-09-05 12:14:56,B,6146,496,4281054,6711,28.8,1021.8,56-614-135
2026-09-05 12:14:57,T,5180,217,4281667,3108,28.8,1021.8,56-614-135
2026-09-05 12:14:58,T,5181,76,4282543,3108,28.8,1021.8,56-614-135
2026-09-05 12:14:58,B,6147,395,4282780,6713,28.8,1021.8,56-614-135
2026-09-05 12:14:59,B,6148,550,4283192,6714,28.8,1021.8,56-614-135
2026-09-05 12:14:59,T,5182,65,4283644,3109,28.8,1021.8,56-614-135
2026-09-05 12:14:59,T,5183,357,4283678,3109,28.8,1021.8,56-614-135
2026-09-05 12:15:00,T,5184,515,4284486,3113,28.8,1021.8,56-614-135
2026-09-05 12:15:00,B,6149,497,4284486,6717,28.8,1021.8,56-614-135
2026-09-05 12:15:00,C,918,506,4284486,4915,28.8,1021.8,56-614-135
2026-09-05 12:15:00,T,5185,413,4284680,3113,28.8,1021.8,56-614-135
2026-09-05 12:15:00,T,5186,152,4284717,3113,28.8,1021.8,56-614-135
2026-09-05 12:15:00,T,5187,58,4284839,3113,28.8,1021.8,56-614-135
2026-09-05 12:15:00,T,5188,233,4284881,3113,28.8,1021.8,56-614-135
2026-09-05 12:15:00,B,6150,137,4284986,6717,28.8,1021.8,56-614-135
2026-09-05 12:15:00,T,5189,169,4285022,3113,28.8,1021.8,56-614-135
2026-09-05 12:15:01,T,5190,79,4285724,3115,28.8,1021.8,56-614-135
2026-09-05 12:15:01,T,5191,469,4285765,3115,28.8,1021.8,56-614-135
2026-09-05 12:15:01,B,6151,369,4285765,6718,28.8,1021.8,56-614-135
2026-09-05 12:15:01,C,919,419,4285765,4916,28.8,1021.8,56-614-135
2026-09-05 12:15:01,T,5192,288,4286025,3115,28.8,1021.8,56-614-135
2026-09-05 12:15:02,T,5193,378,4286522,3117,28.8,1021.8,56-614-135
2026-09-05 12:15:02,B,6152,620,4286522,6722,28.8,1021.8,56-614-135
2026-09-05 12:15:02,C,920,499,4286522,4920,28.8,1021.8,56-614-135
2026-09-05 12:15:02,B,6153,151,4286588,6722,28.8,1021.8,56-614-135
2026-09-05 12:15:02,T,5194,381,4286700,3117,28.8,1021.8,56-614-135
2026-09-05 12:15:02,B,6154,594,4287071,6722,28.8,1021.8,56-614-135
2026-09-05 12:15:02,T,5195,240,4287167,3117,28.8,1021.8,56-614-135
2026-09-05 12:15:03,B,6155,224,4287232,6723,28.8,1021.8,56-614-135
2026-09-05 12:15:04,T,5196,355,4288659,3119,28.8,1021.8,56-614-135
2026-09-05 12:15:04,T,5197,378,4289097,3119,28.8,1021.8,56-614-135
2026-09-05 12:15:05,B,6156,58,4289901,6724,28.8,1021.8,56-614-135
2026-09-05 12:15:07,B,6157,180,4291293,6726,28.8,1021.8,56-614-135
2026-09-05 12:15:07,B,6158,263,4292021,6726,28.8,1021.8,56-614-135
2026-09-05 12:15:07,T,5198,67,4292217,3119,28.8,1021.8,56-614-135
2026-09-05 12:15:08,B,6159,69,4292265,6732,28.8,1021.8,56-614-135
2026-09-05 12:15:08,B,6160,153,4292661,6732,28.8,1021.8,56-614-135
2026-09-05 12:15:08,B,6161,149,4292738,6732,28.8,1021.8,56-614-135
2026-09-05 12:15:08,B,6162,173,4292813,6732,28.8,1021.8,56-614-135
2026-09-05 12:15:08,T,5199,197,4293115,3120,28.8,1021.8,56-614-135
2026-09-05 12:15:08,B,6163,671,4293115,6732,28.8,1021.8,56-614-135
2026-09-05 12:15:08,C,921,434,4293115,4926,28.8,1021.8,56-614-135
2026-09-05 12:15:09,B,6164,220,4293564,6734,28.8,1021.8,56-614-135
2026-09-05 12:15:09,B,6165,64,4293859,6734,28.8,1021.8,56-614-135
2026-09-05 12:15:10,T,5200,80,4294538,3121,28.8,1021.8,56-614-135
2026-09-05 12:15:10,T,5201,186,4294543,3121,28.8,1021.8,56-614-135
2026-09-05 12:15:10,T,5202,87,4294980,3121,28.8,1021.8,56-614-135
2026-09-05 12:15:10,T,5203,104,4295030,3121,28.8,1021.8,56-614-135
2026-09-05 12:15:11,T,5204,220,4295343,3122,28.8,1021.8,56-614-135
2026-09-05 12:15:11,B,6166,238,4295450,6739,28.8,1021.8,56-614-135
2026-09-05 12:15:11,B,6167,298,4295575,6739,28.8,1021.8,56-614-135
2026-09-05 12:15:11,B,6168,219,4295713,6739,28.8,1021.8,56-614-135
2026-09-05 12:15:11,T,5205,255,4295729,3122,28.8,1021.8,56-614-135
2026-09-05 12:15:11,B,6169,316,4295763,6739,28.8,1021.8,56-614-135
2026-09-05 12:15:12,B,6170,80,4296407,6743,28.8,1021.8,56-614-135
2026-09-05 12:15:12,B,6171,255,4296881,6743,28.8,1021.8,56-614-135
2026-09-05 12:15:12,B,6172,53,4297214,6743,28.8,1021.8,56-614-135
2026-09-05 12:15:12,B,6173,574,4297274,6743,28.8,1021.8,56-614-135
2026-09-05 12:15:13,B,6174,116,4297387,6746,28.8,1021.8,56-614-135
2026-09-05 12:15:13,T,5206,591,4297400,3123,28.8,1021.8,56-614-135
2026-09-05 12:15:13,B,6175,608,4297400,6746,28.8,1021.8,56-614-135
2026-09-05 12:15:13,C,922,599,4297400,4935,28.8,1021.8,56-614-135
2026-09-05 12:15:13,B,6176,84,4297764,6746,28.8,1021.8,56-614-135
2026-09-05 12:15:16,B,6177,125,4300524,6747,28.8,1021.8,56-614-135
2026-09-05 12:15:16,T,5207,244,4300725,3126,28.8,1021.8,56-614-135
2026-09-05 12:15:16,T,5208,450,4300776,3126,28.8,1021.8,56-614-135
2026-09-05 12:15:16,T,5209,223,4300917,3126,28.8,1021.8,56-614-135
2026-09-05 12:15:17,T,5210,244,4301526,3128,28.8,1021.8,56-614-135
2026-09-05 12:15:17,T,5211,156,4301609,3128,28.8,1021.8,56-614-135
2026-09-05 12:15:17,T,5212,253,4301923,3128,28.8,1021.8,56-614-135
2026-09-05 12:15:17,B,6178,144,4301984,6749,28.8,1021.8,56-614-135
2026-09-05 12:15:17,B,6179,68,4302089,6749,28.8,1021.8,56-614-135
2026-09-05 12:15:17,T,5213,122,4302098,3128,28.8,1021.8,56-614-135
2026-09-05 12:15:18,T,5214,194,4302380,3129,28.8,1021.8,56-614-135
2026-09-05 12:15:18,T,5215,92,4302435,3129,28.8,1021.8,56-614-135
2026-09-05 12:15:18,B,6180,239,4302782,6751,28.8,1021.8,56-614-135
2026-09-05 12:15:18,B,6181,117,4302821,6751,28.8,1021.8,56-614-135
2026-09-05 12:15:20,B,6182,111,4304994,6752,28.8,1021.8,56-614-135
2026-09-05 12:15:20,T,5216,101,4305072,3129,28.8,1021.8,56-614-135
2026-09-05 12:15:21,T,5217,71,4305500,3130,28.8,1021.8,56-614-135
2026-09-05 12:15:21,T,5218,62,4305900,3130,28.8,1021.8,56-614-135
2026-09-05 12:15:21,T,5219,321,4305951,3130,28.8,1021.8,56-614-135
2026-09-05 12:15:21,B,6183,70,4306265,6753,28.8,1021.8,56-614-135
2026-09-05 12:15:22,B,6184,50,4306664,6754,28.8,1021.8,56-614-135
2026-09-05 12:15:22,B,6185,123,4307262,6754,28.8,1021.8,56-614-135
2026-09-05 12:15:23,T,5220,373,4307524,3133,28.8,1021.8,56-614-135
2026-09-05 12:15:23,B,6186,365,4307555,6756,28.8,1021.8,56-614-135
2026-09-05 12:15:23,T,5221,302,4307738,3133,28.8,1021.8,56-614-135
2026-09-05 12:15:23,T,5222,425,4307934,3133,28.8,1021.8,56-614-135
2026-09-05 12:15:23,T,5223,58,4307946,3133,28.8,1021.8,56-614-135
2026-09-05 12:15:23,B,6187,105,4308288,6756,28.8,1021.8,56-614-135
2026-09-05 12:15:24,B,6188,324,4309007,6759,28.8,1021.8,56-614-135
2026-09-05 12:15:24,B,6189,592,4309302,6759,28.8,1021.8,56-614-135
2026-09-05 12:15:25,T,5224,109,4309588,3134,28.8,1021.8,56-614-135
2026-09-05 12:15:25,B,6190,57,4309930,6761,28.8,1021.8,56-614-135
2026-09-05 12:15:25,T,5225,421,4310172,3134,28.8,1021.8,56-614-135
2026-09-05 12:15:25,B,6191,353,4310172,6761,28.8,1021.8,56-614-135
2026-09-05 12:15:25,C,923,387,4310172,4948,28.8,1021.8,56-614-135
2026-09-05 12:15:26,B,6192,55,4310695,6762,28.8,1021.8,56-614-135
2026-09-05 12:15:26,T,5226,111,4311163,3134,28.8,1021.8,56-614-135
2026-09-05 12:15:26,B,6193,53,4311453,6762,28.8,1021.8,56-614-135
2026-09-05 12:15:27,T,5227,163,4311787,3135,28.8,1021.8,56-614-135
2026-09-05 12:15:27,B,6194,362,4311794,6764,28.8,1021.8,56-614-135
2026-09-05 12:15:27,T,5228,84,4312061,3135,28.8,1021.8,56-614-135
2026-09-05 12:15:28,T,5229,183,4312749,3138,28.8,1021.8,56-614-135
2026-09-05 12:15:28,T,5230,434,4312762,3138,28.8,1021.8,56-614-135
2026-09-05 12:15:28,T,5231,170,4313124,3138,28.8,1021.8,56-614-135
2026-09-05 12:15:28,B,6195,319,4313272,6766,28.8,1021.8,56-614-135
2026-09-05 12:15:28,T,5232,296,4313300,3138,28.8,1021.8,56-614-135
2026-09-05 12:15:28,B,6196,56,4313342,6766,28.8,1021.8,56-614-135
2026-09-05 12:15:29,B,6197,490,4313905,6769,28.8,1021.8,56-614-135
2026-09-05 12:15:29,B,6198,66,4314260,6769,28.8,1021.8,56-614-135
2026-09-05 12:15:29,T,5233,148,4314315,3139,28.8,1021.8,56-614-135
2026-09-05 12:15:29,T,5234,491,4314473,3139,28.8,1021.8,56-614-135
2026-09-05 12:15:29,B,6199,651,4314473,6769,28.8,1021.8,56-614-135
2026-09-05 12:15:29,C,924,571,4314473,4954,28.8,1021.8,56-614-135
2026-09-05 12:15:30,T,5235,255,4315019,3140,28.8,1021.8,56-614-135
2026-09-05 12:15:30,B,6200,144,4315228,6770,28.8,1021.8,56-614-135
2026-09-05 12:15:31,T,5236,158,4316288,3140,28.8,1021.8,56-614-135
2026-09-05 12:15:31,B,6201,142,4316426,6771,28.8,1021.8,56-614-135
2026-09-05 12:15:33,T,5237,102,4317869,3141,28.8,1021.8,56-614-135
2026-09-05 12:15:33,T,5238,212,4317881,3141,28.8,1021.8,56-614-135
2026-09-05 12:15:33,B,6202,926,4317969,6773,28.8,1021.8,56-614-135
2026-09-05 12:15:34,B,6203,111,4318812,6777,28.8,1021.8,56-614-135
2026-09-05 12:15:34,T,5239,120,4318931,3142,28.8,1021.8,56-614-135
2026-09-05 12:15:34,B,6204,172,4319006,6777,28.8,1021.8,56-614-135
2026-09-05 12:15:34,B,6205,497,4319419,6777,28.8,1021.8,56-614-135
2026-09-05 12:15:35,B,6206,53,4319734,6781,28.8,1021.8,56-614-135
2026-09-05 12:15:35,B,6207,408,4319745,6781,28.8,1021.8,56-614-135
2026-09-05 12:15:35,B,6208,208,4320439,6781,28.8,1021.8,56-614-135
2026-09-05 12:15:35,B,6209,121,4320442,6781,28.8,1021.8,56-614-135
2026-09-05 12:15:36,T,5240,108,4321194,3143,28.8,1021.8,56-614-135
2026-09-05 12:15:36,T,5241,582,4321282,3143,28.8,1021.8,56-614-135
2026-09-05 12:15:37,B,6210,60,4321971,6781,28.8,1021.8,56-614-135
2026-09-05 12:15:37,T,5242,122,4322497,3143,28.8,1021.8,56-614-135
2026-09-05 12:15:39,B,6211,379,4323812,6783,28.8,1021.8,56-614-135
2026-09-05 12:15:39,T,5243,107,4323996,3144,28.8,1021.8,56-614-135
2026-09-05 12:15:40,B,6212,108,4325424,6785,28.8,1021.8,56-614-135
2026-09-05 12:15:40,T,5244,184,4325435,3144,28.8,1021.8,56-614-135
2026-09-05 12:15:40,B,6213,134,4325493,6785,28.8,1021.8,56-614-135
2026-09-05 12:15:41,B,6214,143,4325871,6786,28.8,1021.8,56-614-135
2026-09-05 12:15:41,T,5245,244,4325926,3146,28.8,1021.8,56-614-135
2026-09-05 12:15:41,T,5246,329,4326497,3146,28.8,1021.8,56-614-135
2026-09-05 12:15:42,B,6215,386,4326825,6787,28.8,1021.8,56-614-135
2026-09-05 12:15:43,T,5247,60,4327663,3146,28.8,1021.8,56-614-135
2026-09-05 12:15:43,B,6216,294,4328234,6789,28.8,1021.8,56-614-135
2026-09-05 12:15:43,B,6217,293,4328609,6789,28.8,1021.8,56-614-135
2026-09-05 12:15:45,B,6218,115,4329729,6792,28.8,1021.8,56-614-135
2026-09-05 12:15:45,T,5248,365,4330445,3147,28.8,1021.8,56-614-135
2026-09-05 12:15:45,B,6219,418,4330445,6792,28.8,1021.8,56-614-135
2026-09-05 12:15:45,C,925,392,4330445,4969,28.8,1021.8,56-614-135
2026-09-05 12:15:46,B,6220,96,4330786,6793,28.8,1021.8,56-614-135
2026-09-05 12:15:46,B,6221,77,4331158,6793,28.8,1021.8,56-614-135
2026-09-05 12:15:47,B,6222,138,4332453,6794,28.8,1021.8,56-614-135
2026-09-05 12:15:48,B,6223,52,4333157,6796,28.8,1021.8,56-614-135
2026-09-05 12:15:48,B,6224,58,4333634,6796,28.8,1021.8,56-614-135
2026-09-05 12:15:48,B,6225,150,4333702,6796,28.8,1021.8,56-614-135
2026-09-05 12:15:49,B,6226,409,4333971,6799,28.8,1021.8,56-614-135
2026-09-05 12:15:49,T,5249,466,4334064,3148,28.8,1021.8,56-614-135
2026-09-05 12:15:49,B,6227,82,4334331,6799,28.8,1021.8,56-614-135
2026-09-05 12:15:49,T,5250,244,4334361,3148,28.8,1021.8,56-614-135
2026-09-05 12:15:50,T,5251,406,4335003,3149,28.8,1021.8,56-614-135
2026-09-05 12:15:51,B,6228,280,4335787,6801,28.8,1021.8,56-614-135
2026-09-05 12:15:51,T,5252,542,4336081,3150,28.8,1021.8,56-614-135
2026-09-05 12:15:51,B,6229,414,4336611,6801,28.8,1021.8,56-614-135
2026-09-05 12:15:52,B,6230,485,4337166,6806,28.8,1021.8,56-614-135
2026-09-05 12:15:52,B,6231,518,4337402,6806,28.8,1021.8,56-614-135
2026-09-05 12:15:52,T,5253,410,4337405,3152,28.8,1021.8,56-614-135
2026-09-05 12:15:52,B,6232,499,4337568,6806,28.8,1021.8,56-614-135
2026-09-05 12:15:52,T,5254,535,4337568,3152,28.8,1021.8,56-614-135
2026-09-05 12:15:53,B,6233,195,4338524,6809,28.8,1021.8,56-614-135
2026-09-05 12:15:53,B,6234,545,4338592,6809,28.8,1021.8,56-614-135
2026-09-05 12:15:54,T,5255,386,4339161,3153,28.8,1021.8,56-614-135
2026-09-05 12:15:54,B,6235,477,4339161,6811,28.8,1021.8,56-614-135
2026-09-05 12:15:54,C,926,432,4339161,4982,28.8,1021.8,56-614-135
2026-09-05 12:15:54,T,5256,123,4339468,3153,28.8,1021.8,56-614-135
2026-09-05 12:15:54,B,6236,62,4339570,6811,28.8,1021.8,56-614-135
2026-09-05 12:15:55,T,5257,413,4340274,3154,28.8,1021.8,56-614-135
2026-09-05 12:15:55,B,6237,353,4340274,6812,28.8,1021.8,56-614-135
2026-09-05 12:15:55,C,927,383,4340274,4983,28.8,1021.8,56-614-135
2026-09-05 12:15:56,B,6238,277,4340834,6813,28.8,1021.8,56-614-135
2026-09-05 12:15:56,T,5258,202,4341802,3155,28.8,1021.8,56-614-135
2026-09-05 12:15:57,B,6239,55,4342514,6815,28.8,1021.8,56-614-135
2026-09-05 12:15:57,B,6240,155,4342649,6815,28.8,1021.8,56-614-135
2026-09-05 12:15:58,B,6241,163,4343137,6819,28.8,1021.8,56-614-135
2026-09-05 12:15:58,B,6242,78,4343533,6819,28.8,1021.8,56-614-135
2026-09-05 12:15:58,B,6243,231,4343618,6819,28.8,1021.8,56-614-135
2026-09-05 12:15:58,B,6244,128,4343758,6819,28.8,1021.8,56-614-135
2026-09-05 12:15:59,B,6245,121,4344075,6822,28.8,1021.8,56-614-135
2026-09-05 12:15:59,B,6246,575,4344125,6822,28.8,1021.8,56-614-135
2026-09-05 12:15:59,B,6247,153,4344575,6822,28.8,1021.8,56-614-135
2026-09-05 12:16:00,T,5259,546,4345013,3156,28.8,1021.8,56-614-135
2026-09-05 12:16:00,B,6248,654,4345013,6824,28.8,1021.8,56-614-135
2026-09-05 12:16:00,C,928,600,4345013,4990,28.8,1021.8,56-614-135
2026-09-05 12:16:02,B,6249,56,4346976,6825,28.8,1021.8,56-614-135
2026-09-05 12:16:02,B,6250,100,4347527,6825,28.8,1021.8,56-614-135
2026-09-05 12:16:02,T,5260,607,4347856,3157,28.8,1021.8,56-614-135
2026-09-05 12:16:03,B,6251,274,4348255,6829,28.8,1021.8,56-614-135
2026-09-05 12:16:03,B,6252,231,4348629,6829,28.8,1021.8,56-614-135
2026-09-05 12:16:03,B,6253,139,4348722,6829,28.8,1021.8,56-614-135
2026-09-05 12:16:03,T,5261,346,4348817,3158,28.8,1021.8,56-614-135
2026-09-05 12:16:04,B,6254,135,4349108,6832,28.8,1021.8,56-614-135
2026-09-05 12:16:04,B,6255,172,4349139,6832,28.8,1021.8,56-614-135
2026-09-05 12:16:04,B,6256,144,4349157,6832,28.8,1021.8,56-614-135
2026-09-05 12:16:04,B,6257,59,4349424,6832,28.8,1021.8,56-614-135
2026-09-05 12:16:04,T,5262,406,4349488,3159,28.8,1021.8,56-614-135
2026-09-05 12:16:05,T,5263,82,4350155,3159,28.8,1021.8,56-614-135
2026-09-05 12:16:05,T,5264,146,4350354,3159,28.8,1021.8,56-614-135
2026-09-05 12:16:06,B,6258,54,4350942,6835,28.8,1021.8,56-614-135
2026-09-05 12:16:06,B,6259,478,4351036,6835,28.8,1021.8,56-614-135
2026-09-05 12:16:06,B,6260,112,4351209,6835,28.8,1021.8,56-614-135
2026-09-05 12:16:06,T,5265,532,4351758,3160,28.8,1021.8,56-614-135
2026-09-05 12:16:07,B,6261,516,4352121,6837,28.8,1021.8,56-614-135
2026-09-05 12:16:07,T,5266,199,4352592,3161,28.8,1021.8,56-614-135
2026-09-05 12:16:08,B,6262,118,4353196,6838,28.8,1021.8,56-614-135
2026-09-05 12:16:08,T,5267,194,4353832,3162,28.8,1021.8,56-614-135
2026-09-05 12:16:09,T,5268,213,4354591,3162,28.8,1021.8,56-614-135
2026-09-05 12:16:09,B,6263,1023,4354680,6840,28.8,1021.8,56-614-135
2026-09-05 12:16:10,B,6264,178,4355281,6841,28.8,1021.8,56-614-135
2026-09-05 12:16:10,T,5269,169,4355372,3163,28.8,1021.8,56-614-135
2026-09-05 12:16:10,T,5270,104,4355799,3163,28.8,1021.8,56-614-135
2026-09-05 12:16:11,T,5271,51,4356580,3164,28.8,1021.8,56-614-135
2026-09-05 12:16:11,B,6265,179,4356795,6843,28.8,1021.8,56-614-135
2026-09-05 12:16:11,T,5272,472,4356804,3164,28.8,1021.8,56-614-135
2026-09-05 12:16:11,B,6266,425,4356846,6843,28.8,1021.8,56-614-135
2026-09-05 12:16:12,B,6267,386,4357674,6845,28.8,1021.8,56-614-135
2026-09-05 12:16:13,B,6268,244,4358056,6847,28.8,1021.8,56-614-135
2026-09-05 12:16:13,B,6269,116,4359017,6847,28.8,1021.8,56-614-135
2026-09-05 12:16:14,B,6270,258,4359106,6849,28.8,1021.8,56-614-135
2026-09-05 12:16:14,T,5273,75,4359232,3164,28.8,1021.8,56-614-135
2026-09-05 12:16:14,B,6271,270,4359289,6849,28.8,1021.8,56-614-135
2026-09-05 12:16:14,T,5274,60,4359942,3164,28.8,1021.8,56-614-135
2026-09-05 12:16:16,B,6272,144,4361689,6852,28.8,1021.8,56-614-135
2026-09-05 12:16:17,T,5275,427,4361887,3166,28.8,1021.8,56-614-135
2026-09-05 12:16:17,T,5276,364,4362033,3166,28.8,1021.8,56-614-135
2026-09-05 12:16:17,B,6273,596,4362033,6852,28.8,1021.8,56-614-135
2026-09-05 12:16:17,C,929,480,4362033,5009,28.8,1021.8,56-614-135
2026-09-05 12:21:59,T,5718,469,4703885,3418,28.9,1021.8,56-614-135
2026-09-05 12:21:59,B,6784,483,4703885,7420,28.9,1021.8,56-614-135
2026-09-05 12:21:59,C,1004,476,4703885,5419,28.9,1021.8,56-614-135
2026-09-05 12:21:59,T,5719,300,4704016,3418,28.9,1021.8,56-614-135
2026-09-05 12:21:59,B,6785,73,4704140,7420,28.9,1021.8,56-614-135
2026-09-05 12:21:59,T,5720,210,4704288,3418,28.9,1021.8,56-614-135
2026-09-05 12:21:59,B,6786,440,4704604,7420,28.9,1021.8,56-614-135
2026-09-05 12:22:00,B,6787,407,4704923,7424,28.9,1021.8,56-614-135
2026-09-05 12:22:00,T,5721,84,4705025,3418,28.9,1021.8,56-614-135
2026-09-05 12:22:00,B,6788,484,4705025,7424,28.9,1021.8,56-614-135
2026-09-05 12:22:00,C,1005,284,4705025,5421,28.9,1021.8,56-614-135
2026-09-05 12:22:00,B,6789,137,4705736,7424,28.9,1021.8,56-614-135
2026-09-05 12:22:01,T,5722,439,4705910,3419,28.9,1021.8,56-614-135
2026-09-05 12:22:01,B,6790,197,4706551,7425,28.9,1021.8,56-614-135
2026-09-05 12:22:02,T,5723,441,4707477,3420,28.9,1021.8,56-614-135
2026-09-05 12:22:02,B,6791,251,4707593,7426,28.9,1021.8,56-614-135
2026-09-05 12:22:04,B,6792,342,4709086,7429,28.9,1021.9,56-614-135
2026-09-05 12:22:04,B,6793,564,4709275,7429,28.9,1021.9,56-614-135
2026-09-05 12:22:04,T,5724,132,4709541,3420,28.9,1021.9,56-614-135
2026-09-05 12:22:04,T,5725,122,4709825,3420,28.9,1021.9,56-614-135
2026-09-05 12:22:05,B,6794,104,4710507,7430,28.9,1021.9,56-614-135
2026-09-05 12:22:06,T,5726,64,4711041,3421,28.9,1021.9,56-614-135
2026-09-05 12:22:06,B,6795,63,4711193,7432,28.9,1021.9,56-614-135
2026-09-05 12:22:06,B,6796,117,4711898,7432,28.9,1021.9,56-614-135
2026-09-05 12:22:07,B,6797,113,4712580,7433,28.9,1021.9,56-614-135
2026-09-05 12:22:07,T,5727,652,4712733,3422,28.9,1021.9,56-614-135
2026-09-05 12:22:08,B,6798,209,4713129,7435,28.9,1021.9,56-614-135
2026-09-05 12:22:08,B,6799,113,4713296,7435,28.9,1021.9,56-614-135
2026-09-05 12:22:08,B,6800,52,4713607,7435,28.9,1021.9,56-614-135
2026-09-05 12:22:09,T,5728,192,4714108,3423,28.9,1021.9,56-614-135
2026-09-05 12:22:09,T,5729,425,4714567,3423,28.9,1021.9,56-614-135
2026-09-05 12:22:10,T,5730,449,4715019,3424,28.9,1021.9,56-614-135
2026-09-05 12:22:10,T,5731,113,4715061,3424,28.9,1021.9,56-614-135
2026-09-05 12:22:10,B,6801,79,4715186,7437,28.9,1021.9,56-614-135
2026-09-05 12:22:10,B,6802,142,4715327,7437,28.9,1021.9,56-614-135
2026-09-05 12:22:11,T,5732,374,4716120,3425,28.9,1021.9,56-614-135
2026-09-05 12:22:11,B,6803,57,4716267,7439,28.9,1021.9,56-614-135
2026-09-05 12:22:11,B,6804,137,4716451,7439,28.9,1021.9,56-614-135
2026-09-05 12:22:12,T,5733,430,4717515,3426,28.9,1021.9,56-614-135
2026-09-05 12:22:12,B,6805,540,4717515,7440,28.9,1021.9,56-614-135
2026-09-05 12:22:12,C,1006,485,4717515,5433,28.9,1021.9,56-614-135
2026-09-05 12:22:13,T,5734,295,4718353,3427,28.9,1021.8,56-614-135
2026-09-05 12:22:13,B,6806,77,4718478,7441,28.9,1021.8,56-614-135
2026-09-05 12:22:14,B,6807,93,4719577,7443,28.9,1021.8,56-614-135
2026-09-05 12:22:14,B,6808,456,4719978,7443,28.9,1021.8,56-614-135
2026-09-05 12:22:15,B,6809,206,4720601,7444,28.9,1021.8,56-614-135
2026-09-05 12:22:16,T,5735,453,4721813,3428,28.9,1021.8,56-614-135
2026-09-05 12:22:17,B,6810,65,4722722,7448,28.9,1021.8,56-614-135
2026-09-05 12:22:17,T,5736,55,4722768,3429,28.9,1021.8,56-614-135
2026-09-05 12:22:17,T,5737,50,4722949,3429,28.9,1021.8,56-614-135
2026-09-05 12:22:17,T,5738,563,4722962,3429,28.9,1021.8,56-614-135
2026-09-05 12:22:17,B,6811,558,4722962,7448,28.9,1021.8,56-614-135
2026-09-05 12:22:17,C,1007,561,4722962,5438,28.9,1021.8,56-614-135
2026-09-05 12:22:17,B,6812,405,4722984,7448,28.9,1021.8,56-614-135
2026-09-05 12:22:19,B,6813,263,4723769,7449,28.9,1021.9,56-614-135
2026-09-05 12:22:20,T,5739,114,4724195,3430,28.9,1021.9,56-614-135
2026-09-05 12:22:20,B,6814,56,4724268,7451,28.9,1021.9,56-614-135
2026-09-05 12:22:20,B,6815,130,4724295,7451,28.9,1021.9,56-614-135
2026-09-05 12:22:20,T,5740,471,4724315,3430,28.9,1021.9,56-614-135
2026-09-05 12:22:21,T,5741,345,4725128,3432,28.9,1021.9,56-614-135
2026-09-05 12:22:21,T,5742,89,4725248,3432,28.9,1021.9,56-614-135
2026-09-05 12:22:21,T,5743,297,4725456,3432,28.9,1021.9,56-614-135
2026-09-05 12:22:21,B,6816,262,4725570,7452,28.9,1021.9,56-614-135
2026-09-05 12:22:22,B,6817,194,4726469,7453,28.9,1021.9,56-614-135
2026-09-05 12:22:23,B,6818,414,4727501,7456,28.9,1021.9,56-614-135
2026-09-05 12:22:23,T,5744,419,4727836,3433,28.9,1021.9,56-614-135
2026-09-05 12:22:23,B,6819,407,4727836,7456,28.9,1021.9,56-614-135
2026-09-05 12:22:23,C,1008,413,4727836,5445,28.9,1021.9,56-614-135
2026-09-05 12:22:24,T,5745,264,4728281,3434,28.9,1021.8,56-614-135
2026-09-05 12:22:24,T,5746,292,4728696,3434,28.9,1021.8,56-614-135
2026-09-05 12:22:24,B,6820,64,4728975,7457,28.9,1021.8,56-614-135
2026-09-05 12:22:25,T,5747,115,4729147,3435,28.9,1021.8,56-614-135
2026-09-05 12:22:25,B,6821,102,4729261,7460,28.9,1021.8,56-614-135
2026-09-05 12:22:25,B,6822,178,4729505,7460,28.9,1021.8,56-614-135
2026-09-05 12:22:25,B,6823,113,4729687,7460,28.9,1021.8,56-614-135
2026-09-05 12:22:27,T,5748,360,4731479,3436,28.9,1021.8,56-614-135
2026-09-05 12:22:28,B,6824,105,4732727,7462,28.9,1021.8,56-614-135
2026-09-05 12:22:28,B,6825,270,4733067,7462,28.9,1021.8,56-614-135
2026-09-05 12:22:28,T,5749,254,4733072,3437,28.9,1021.8,56-614-135
2026-09-05 12:22:28,T,5750,371,4733114,3437,28.9,1021.8,56-614-135
2026-09-05 12:22:29,T,5751,116,4733266,3439,28.9,1021.8,56-614-135
2026-09-05 12:22:29,T,5752,50,4733645,3439,28.9,1021.8,56-614-135
2026-09-05 12:22:29,T,5753,52,4733740,3439,28.9,1021.8,56-614-135
2026-09-05 12:22:29,T,5754,481,4733783,3439,28.9,1021.8,56-614-135
2026-09-05 12:22:30,B,6826,95,4734413,7464,28.9,1021.8,56-614-135
2026-09-05 12:22:30,T,5755,275,4734810,3439,28.9,1021.8,56-614-135
2026-09-05 12:22:30,B,6827,297,4734935,7464,28.9,1021.8,56-614-135
2026-09-05 12:22:31,B,6828,102,4735443,7467,28.9,1021.8,56-614-135
2026-09-05 12:22:31,B,6829,297,4735662,7467,28.9,1021.8,56-614-135
2026-09-05 12:22:31,B,6830,73,4735847,7467,28.9,1021.8,56-614-135
2026-09-05 12:22:32,T,5756,76,4736345,3439,28.9,1021.8,56-614-135
2026-09-05 12:22:33,B,6831,360,4737358,7468,28.9,1021.8,56-614-135
2026-09-05 12:22:34,B,6832,70,4738286,7469,28.9,1021.8,56-614-135
2026-09-05 12:22:34,T,5757,160,4738534,3440,28.9,1021.8,56-614-135
2026-09-05 12:22:34,T,5758,58,4739107,3440,28.9,1021.8,56-614-135
2026-09-05 12:22:35,T,5759,65,4739262,3441,28.9,1021.8,56-614-135
2026-09-05 12:22:35,T,5760,51,4739487,3441,28.9,1021.8,56-614-135
2026-09-05 12:22:35,T,5761,87,4739790,3441,28.9,1021.8,56-614-135
2026-09-05 12:22:35,T,5762,481,4740021,3441,28.9,1021.8,56-614-135
2026-09-05 12:22:36,B,6833,100,4740690,7470,28.9,1021.8,56-614-135
2026-09-05 12:22:36,B,6834,83,4740805,7470,28.9,1021.8,56-614-135
2026-09-05 12:22:37,B,6835,703,4741293,7476,28.9,1021.8,56-614-135
2026-09-05 12:22:37,B,6836,96,4741868,7476,28.9,1021.8,56-614-135
2026-09-05 12:22:37,B,6837,603,4742129,7476,28.9,1021.8,56-614-135
2026-09-05 12:22:37,B,6838,643,4742245,7476,28.9,1021.8,56-614-135
2026-09-05 12:22:38,B,6839,96,4742643,7477,28.9,1021.8,56-614-135
2026-09-05 12:22:39,T,5763,401,4743658,3442,28.9,1021.8,56-614-135
2026-09-05 12:22:39,B,6840,429,4743658,7478,28.9,1021.8,56-614-135
2026-09-05 12:22:39,C,1009,415,4743658,5460,28.9,1021.8,56-614-135
2026-09-05 12:22:40,T,5764,491,4744652,3444,28.9,1021.8,56-614-135
2026-09-05 12:22:40,T,5765,58,4744840,3444,28.9,1021.8,56-614-135
2026-09-05 12:22:40,T,5766,75,4745169,3444,28.9,1021.8,56-614-135
2026-09-05 12:22:40,B,6841,106,4745204,7479,28.9,1021.8,56-614-135
2026-09-05 12:22:42,T,5767,155,4746892,3444,28.9,1021.8,56-614-135
2026-09-05 12:22:43,T,5768,188,4747532,3446,28.9,1021.8,56-614-135
2026-09-05 12:22:43,B,6842,532,4748069,7480,28.9,1021.8,56-614-135
2026-09-05 12:22:43,T,5769,411,4748091,3446,28.9,1021.8,56-614-135
2026-09-05 12:22:43,T,5770,242,4748227,3446,28.9,1021.8,56-614-135
2026-09-05 12:22:44,B,6843,108,4748608,7484,28.9,1021.8,56-614-135
2026-09-05 12:22:44,T,5771,368,4748823,3447,28.9,1021.8,56-614-135
2026-09-05 12:22:44,B,6844,409,4748823,7484,28.9,1021.8,56-614-135
2026-09-05 12:22:44,C,1010,388,4748823,5465,28.9,1021.8,56-614-135
2026-09-05 12:22:44,B,6845,83,4749344,7484,28.9,1021.8,56-614-135
2026-09-05 12:22:45,T,5772,369,4749377,3449,28.9,1021.8,56-614-135
2026-09-05 12:22:45,T,5773,126,4749569,3449,28.9,1021.8,56-614-135
2026-09-05 12:22:45,T,5774,100,4750061,3449,28.9,1021.8,56-614-135
2026-09-05 12:22:46,B,6846,174,4750544,7485,28.9,1021.8,56-614-135
2026-09-05 12:22:46,T,5775,88,4750648,3450,28.9,1021.8,56-614-135
2026-09-05 12:22:46,B,6847,70,4750802,7485,28.9,1021.8,56-614-135
2026-09-05 12:22:46,T,5776,311,4751389,3450,28.9,1021.8,56-614-135
2026-09-05 12:22:47,B,6848,258,4751468,7487,28.9,1021.8,56-614-135
2026-09-05 12:22:47,B,6849,92,4751665,7487,28.9,1021.8,56-614-135
2026-09-05 12:22:47,T,5777,58,4751870,3450,28.9,1021.8,56-614-135
2026-09-05 12:22:48,B,6850,119,4752442,7488,28.9,1021.8,56-614-135
2026-09-05 12:22:49,B,6851,101,4753880,7489,28.9,1021.8,56-614-135
2026-09-05 12:22:50,B,6852,59,4755042,7492,28.9,1021.8,56-614-135
2026-09-05 12:22:50,T,5778,474,4755101,3451,28.9,1021.8,56-614-135
2026-09-05 12:22:50,B,6853,445,4755101,7492,28.9,1021.8,56-614-135
2026-09-05 12:22:50,C,1011,459,4755101,5472,28.9,1021.8,56-614-135
2026-09-05 12:22:50,T,5779,121,4755352,3451,28.9,1021.8,56-614-135
2026-09-05 12:22:50,B,6854,146,4755354,7492,28.9,1021.8,56-614-135
2026-09-05 12:22:51,B,6855,161,4755764,7493,28.9,1021.8,56-614-135
2026-09-05 12:22:52,B,6856,73,4756583,7495,28.9,1021.8,56-614-135
2026-09-05 12:22:52,T,5780,471,4756808,3452,28.9,1021.8,56-614-135
2026-09-05 12:22:52,B,6857,110,4757169,7495,28.9,1021.8,56-614-135
2026-09-05 12:22:53,T,5781,154,4757489,3452,28.9,1021.8,56-614-135
2026-09-05 12:22:53,B,6858,92,4757750,7496,28.9,1021.8,56-614-135
2026-09-05 12:22:54,T,5782,180,4758814,3454,28.9,1021.8,56-614-135
2026-09-05 12:22:54,B,6859,698,4759019,7497,28.9,1021.8,56-614-135
2026-09-05 12:22:54,T,5783,212,4759476,3454,28.9,1021.8,56-614-135
2026-09-05 12:22:55,B,6860,138,4759770,7498,28.9,1021.8,56-614-135
2026-09-05 12:22:57,B,6861,580,4762408,7500,28.9,1021.8,56-614-135
2026-09-05 12:22:57,T,5784,427,4762521,3455,28.9,1021.8,56-614-135
2026-09-05 12:22:58,T,5785,315,4762527,3455,28.9,1021.8,56-614-135
2026-09-05 12:22:58,B,6862,83,4762895,7502,28.9,1021.8,56-614-135
2026-09-05 12:22:58,B,6863,856,4763019,7502,28.9,1021.8,56-614-135
2026-09-05 12:22:59,B,6864,69,4763757,7504,28.9,1021.8,56-614-135
2026-09-05 12:22:59,T,5786,217,4764209,3457,28.9,1021.8,56-614-135
2026-09-05 12:22:59,T,5787,133,4764248,3457,28.9,1021.8,56-614-135
2026-09-05 12:22:59,T,5788,119,4764364,3457,28.9,1021.8,56-614-135
2026-09-05 12:22:59,B,6865,94,4764533,7504,28.9,1021.8,56-614-135
2026-09-05 12:23:00,B,6866,117,4764774,7505,28.9,1021.8,56-614-135
2026-09-05 12:23:01,B,6867,332,4766366,7506,28.9,1021.8,56-614-135
2026-09-05 12:23:02,T,5789,400,4767046,3458,28.9,1021.8,56-614-135
2026-09-05 12:23:02,B,6868,247,4767486,7507,28.9,1021.8,56-614-135
2026-09-05 12:23:03,T,5790,113,4768191,3458,28.9,1021.8,56-614-135
2026-09-05 12:23:04,B,6869,456,4768874,7509,28.9,1021.8,56-614-135
2026-09-05 12:23:04,T,5791,377,4769193,3459,28.9,1021.8,56-614-135
2026-09-05 12:23:04,B,6870,57,4769347,7509,28.9,1021.8,56-614-135
2026-09-05 12:23:05,B,6871,120,4769819,7512,28.9,1021.8,56-614-135
2026-09-05 12:23:05,T,5792,100,4770052,3459,28.9,1021.8,56-614-135
2026-09-05 12:23:05,B,6872,545,4770421,7512,28.9,1021.8,56-614-135
2026-09-05 12:23:06,T,5793,295,4771279,3460,28.9,1021.8,56-614-135
2026-09-05 12:23:07,B,6873,138,4772292,7513,28.9,1021.8,56-614-135
2026-09-05 12:23:07,T,5794,90,4772424,3460,28.9,1021.8,56-614-135
2026-09-05 12:23:08,B,6874,194,4772721,7516,28.9,1021.8,56-614-135
2026-09-05 12:23:08,B,6875,77,4772780,7516,28.9,1021.8,56-614-135
2026-09-05 12:23:08,B,6876,349,4773502,7516,28.9,1021.8,56-614-135
2026-09-05 12:23:09,B,6877,125,4773889,7518,28.9,1021.8,56-614-135
2026-09-05 12:23:09,B,6878,154,4774602,7518,28.9,1021.8,56-614-135
2026-09-05 12:23:10,B,6879,373,4774766,7519,28.9,1021.8,56-614-135
2026-09-05 12:23:10,T,5795,165,4774772,3461,28.9,1021.8,56-614-135
2026-09-05 12:23:11,T,5796,396,4776120,3462,28.9,1021.8,56-614-135
2026-09-05 12:23:11,T,5797,77,4776124,3462,28.9,1021.8,56-614-135
2026-09-05 12:23:11,B,6880,242,4776152,7521,28.9,1021.8,56-614-135
2026-09-05 12:23:11,T,5798,121,4776523,3462,28.9,1021.8,56-614-135
2026-09-05 12:23:13,B,6881,465,4777847,7522,28.9,1021.8,56-614-135
2026-09-05 12:23:13,T,5799,116,4778134,3464,28.9,1021.8,56-614-135
2026-09-05 12:23:13,T,5800,628,4778696,3464,28.9,1021.8,56-614-135
2026-09-05 12:23:14,B,6882,452,4779312,7523,28.9,1021.9,56-614-135
2026-09-05 12:23:15,B,6883,146,4779882,7526,28.9,1021.9,56-614-135
2026-09-05 12:23:15,B,6884,386,4779913,7526,28.9,1021.9,56-614-135
2026-09-05 12:23:15,T,5801,65,4780083,3464,28.9,1021.9,56-614-135
2026-09-05 12:23:16,B,6885,86,4780978,7528,28.9,1021.9,56-614-135
2026-09-05 12:23:16,B,6886,390,4781497,7528,28.9,1021.9,56-614-135
2026-09-05 12:23:17,B,6887,277,4781745,7530,28.9,1021.9,56-614-135
2026-09-05 12:23:17,B,6888,195,4782580,7530,28.9,1021.9,56-614-135
2026-09-05 12:23:17,T,5802,86,4782671,3464,28.9,1021.9,56-614-135
2026-09-05 12:23:18,B,6889,62,4783228,7531,28.9,1021.9,56-614-135
2026-09-05 12:23:19,B,6890,67,4783810,7532,28.9,1021.9,56-614-135
2026-09-05 12:23:20,T,5803,124,4784939,3466,28.9,1021.9,56-614-135
2026-09-05 12:23:20,T,5804,925,4785327,3466,28.9,1021.9,56-614-135
2026-09-05 12:23:20,B,6891,198,4785505,7533,28.9,1021.9,56-614-135
2026-09-05 12:23:21,B,6892,107,4786536,7534,28.9,1021.9,56-614-135
2026-09-05 12:23:22,B,6893,209,4787613,7535,28.9,1021.9,56-614-135
2026-09-05 12:23:24,T,5805,329,4789031,3467,28.9,1021.8,56-614-135
2026-09-05 12:23:24,B,6894,128,4789157,7537,28.9,1021.8,56-614-135
2026-09-05 12:23:24,T,5806,494,4789242,3467,28.9,1021.8,56-614-135
2026-09-05 12:23:24,B,6895,426,4789262,7537,28.9,1021.8,56-614-135
2026-09-05 12:23:25,T,5807,101,4790006,3468,28.9,1021.8,56-614-135
2026-09-05 12:23:26,B,6896,486,4791838,7539,28.9,1021.8,56-614-135
2026-09-05 12:23:27,B,6897,201,4792009,7542,28.9,1021.8,56-614-135
2026-09-05 12:23:27,T,5808,74,4792020,3469,28.9,1021.8,56-614-135
2026-09-05 12:23:27,B,6898,793,4792231,7542,28.9,1021.8,56-614-135
2026-09-05 12:23:27,T,5809,124,4792383,3469,28.9,1021.8,56-614-135
2026-09-05 12:23:27,T,5810,303,4792427,3469,28.9,1021.8,56-614-135
2026-09-05 12:23:28,B,6899,221,4793786,7543,28.9,1021.8,56-614-135
2026-09-05 12:23:28,T,5811,123,4793843,3469,28.9,1021.8,56-614-135
2026-09-05 12:23:29,B,6900,60,4794065,7546,28.9,1021.9,56-614-135
2026-09-05 12:23:29,B,6901,57,4794554,7546,28.9,1021.9,56-614-135
2026-09-05 12:23:29,T,5812,54,4794667,3469,28.9,1021.9,56-614-135
2026-09-05 12:23:29,B,6902,493,4794681,7546,28.9,1021.9,56-614-135
2026-09-05 12:23:30,B,6903,475,4795478,7547,28.9,1021.9,56-614-135
2026-09-05 12:23:31,T,5813,80,4796100,3470,28.9,1021.9,56-614-135
2026-09-05 12:23:31,B,6904,52,4796230,7549,28.9,1021.9,56-614-135
2026-09-05 12:23:31,T,5814,376,4796464,3470,28.9,1021.9,56-614-135
2026-09-05 12:23:31,B,6905,806,4796741,7549,28.9,1021.9,56-614-135
2026-09-05 12:23:32,T,5815,194,4796978,3473,28.9,1021.9,56-614-135
2026-09-05 12:23:32,T,5816,326,4797617,3473,28.9,1021.9,56-614-135
2026-09-05 12:23:32,B,6906,54,4797821,7550,28.9,1021.9,56-614-135
2026-09-05 12:23:32,T,5817,574,4797908,3473,28.9,1021.9,56-614-135
2026-09-05 12:23:33,T,5818,66,4797937,3474,28.9,1021.9,56-614-135
2026-09-05 12:23:33,T,5819,156,4798042,3474,28.9,1021.9,56-614-135
2026-09-05 12:23:33,T,5820,429,4798912,3474,28.9,1021.9,56-614-135
2026-09-05 12:23:34,T,5821,362,4799286,3476,28.9,1021.9,56-614-135
2026-09-05 12:23:34,B,6907,429,4799286,7551,28.9,1021.9,56-614-135
2026-09-05 12:23:34,C,1012,395,4799286,5514,28.9,1021.9,56-614-135
2026-09-05 12:23:34,T,5822,327,4799406,3476,28.9,1021.9,56-614-135
2026-09-05 12:23:35,T,5823,406,4800134,3479,28.9,1021.9,56-614-135
2026-09-05 12:23:35,T,5824,207,4800247,3479,28.9,1021.9,56-614-135
2026-09-05 12:23:35,T,5825,423,4800339,3479,28.9,1021.9,56-614-135
2026-09-05 12:23:35,T,5826,487,4800433,3479,28.9,1021.9,56-614-135
2026-09-05 12:23:35,B,6908,536,4800433,7554,28.9,1021.9,56-614-135
2026-09-05 12:23:35,C,1013,511,4800433,5517,28.9,1021.9,56-614-135
2026-09-05 12:23:35,B,6909,116,4800634,7554,28.9,1021.9,56-614-135
2026-09-05 12:23:36,B,6910,81,4801085,7555,28.9,1021.9,56-614-135
2026-09-05 12:23:36,B,6911,53,4801124,7555,28.9,1021.9,56-614-135
2026-09-05 12:23:36,T,5827,236,4801401,3480,28.9,1021.9,56-614-135
2026-09-05 12:23:37,T,5828,101,4802335,3482,28.9,1021.9,56-614-135
2026-09-05 12:23:37,T,5829,436,4802801,3482,28.9,1021.9,56-614-135
2026-09-05 12:23:37,B,6912,400,4802801,7557,28.9,1021.9,56-614-135
2026-09-05 12:23:37,C,1014,418,4802801,5519,28.9,1021.9,56-614-135
2026-09-05 12:23:37,T,5830,110,4802862,3482,28.9,1021.9,56-614-135
2026-09-05 12:23:38,B,6913,598,4803287,7558,28.9,1021.9,56-614-135
2026-09-05 12:23:39,T,5831,369,4804019,3484,28.9,1021.8,56-614-135
2026-09-05 12:23:39,B,6914,446,4804019,7560,28.9,1021.8,56-614-135
2026-09-05 12:23:39,C,1015,408,4804019,5522,28.9,1021.8,56-614-135
2026-09-05 12:23:39,T,5832,383,4804329,3484,28.9,1021.8,56-614-135
2026-09-05 12:23:39,B,6915,51,4804825,7560,28.9,1021.8,56-614-135
2026-09-05 12:23:39,T,5833,384,4804843,3484,28.9,1021.8,56-614-135
2026-09-05 12:23:40,T,5834,61,4805190,3484,28.9,1021.8,56-614-135
2026-09-05 12:23:40,B,6916,276,4805918,7561,28.9,1021.8,56-614-135
2026-09-05 12:23:42,B,6917,278,4807372,7563,28.9,1021.8,56-614-135
2026-09-05 12:23:42,B,6918,71,4807792,7563,28.9,1021.8,56-614-135
2026-09-05 12:23:43,B,6919,632,4808494,7566,28.9,1021.8,56-614-135
2026-09-05 12:23:43,B,6920,502,4808839,7566,28.9,1021.8,56-614-135
2026-09-05 12:23:44,B,6921,457,4809147,7569,28.9,1021.9,56-614-135
2026-09-05 12:23:44,B,6922,236,4809815,7569,28.9,1021.9,56-614-135
2026-09-05 12:23:45,B,6923,273,4810977,7570,28.9,1021.9,56-614-135
2026-09-05 12:23:47,B,6924,71,4811387,7573,28.9,1021.9,56-614-135
2026-09-05 12:23:47,T,5835,54,4811422,3485,28.9,1021.9,56-614-135
2026-09-05 12:23:47,B,6925,70,4811430,7573,28.9,1021.9,56-614-135
2026-09-05 12:23:47,B,6926,144,4811459,7573,28.9,1021.9,56-614-135
2026-09-05 12:23:47,T,5836,265,4811620,3485,28.9,1021.9,56-614-135
2026-09-05 12:23:48,T,5837,112,4812142,3486,28.9,1021.9,56-614-135
2026-09-05 12:23:48,T,5838,385,4812874,3486,28.9,1021.9,56-614-135
2026-09-05 12:23:48,B,6927,70,4813007,7573,28.9,1021.9,56-614-135
2026-09-05 12:23:49,T,5839,236,4813136,3487,28.9,1021.9,56-614-135
2026-09-05 12:23:49,T,5840,74,4813152,3487,28.9,1021.9,56-614-135
2026-09-05 12:23:49,B,6928,108,4813460,7575,28.9,1021.9,56-614-135
2026-09-05 12:23:49,B,6929,123,4813865,7575,28.9,1021.9,56-614-135
2026-09-05 12:23:50,B,6930,422,4814235,7577,28.9,1021.9,56-614-135
2026-09-05 12:23:50,B,6931,59,4814512,7577,28.9,1021.9,56-614-135
2026-09-05 12:23:50,T,5841,120,4814646,3488,28.9,1021.9,56-614-135
2026-09-05 12:23:51,T,5842,258,4815274,3490,28.9,1021.9,56-614-135
2026-09-05 12:23:51,B,6932,397,4815283,7580,28.9,1021.9,56-614-135
2026-09-05 12:23:51,T,5843,299,4815782,3490,28.9,1021.9,56-614-135
2026-09-05 12:23:51,B,6933,496,4815782,7580,28.9,1021.9,56-614-135
2026-09-05 12:23:51,C,1016,397,4815782,5535,28.9,1021.9,56-614-135
2026-09-05 12:23:51,T,5844,232,4815991,3490,28.9,1021.9,56-614-135
2026-09-05 12:23:52,B,6934,479,4817141,7582,28.9,1021.9,56-614-135
2026-09-05 12:23:53,B,6935,64,4817966,7584,28.9,1021.9,56-614-135
2026-09-05 12:23:53,T,5845,467,4818061,3491,28.9,1021.9,56-614-135
2026-09-05 12:23:53,B,6936,588,4818061,7584,28.9,1021.9,56-614-135
2026-09-05 12:23:53,C,1017,528,4818061,5537,28.9,1021.9,56-614-135
2026-09-05 12:23:54,B,6937,136,4818467,7588,28.9,1021.9,56-614-135
2026-09-05 12:23:54,T,5846,449,4818505,3492,28.9,1021.9,56-614-135
2026-09-05 12:23:54,B,6938,535,4818505,7588,28.9,1021.9,56-614-135
2026-09-05 12:23:54,C,1018,492,4818505,5540,28.9,1021.9,56-614-135
2026-09-05 12:23:54,B,6939,63,4818575,7588,28.9,1021.9,56-614-135
2026-09-05 12:23:54,B,6940,92,4818762,7588,28.9,1021.9,56-614-135
2026-09-05 12:23:55,B,6941,120,4819794,7591,28.9,1021.8,56-614-135
2026-09-05 12:23:55,B,6942,80,4819838,7591,28.9,1021.8,56-614-135
2026-09-05 12:23:55,B,6943,152,4820102,7591,28.9,1021.8,56-614-135
2026-09-05 12:23:56,T,5847,668,4820213,3494,28.9,1021.8,56-614-135
2026-09-05 12:23:56,T,5848,63,4820654,3494,28.9,1021.8,56-614-135
2026-09-05 12:23:56,T,5849,428,4820688,3494,28.9,1021.8,56-614-135
2026-09-05 12:23:57,B,6944,530,4822166,7592,28.9,1021.8,56-614-135
2026-09-05 12:23:58,B,6945,75,4822744,7593,28.9,1021.8,56-614-135
2026-09-05 12:23:58,B,6946,54,4822920,7593,28.9,1021.8,56-614-135
2026-09-05 12:23:59,B,6947,151,4823839,7594,28.9,1021.8,56-614-135
2026-09-05 12:23:59,T,5850,90,4824212,3494,28.9,1021.8,56-614-135
2026-09-05 12:24:00,T,5851,81,4824629,3494,28.9,1021.8,56-614-135
2026-09-05 12:24:00,B,6948,115,4824746,7596,28.9,1021.8,56-614-135
2026-09-05 12:24:00,B,6949,71,4825021,7596,28.9,1021.8,56-614-135
2026-09-05 12:24:01,B,6950,202,4825311,7600,28.9,1021.8,56-614-135
2026-09-05 12:24:01,B,6951,638,4825916,7600,28.9,1021.8,56-614-135
2026-09-05 12:24:01,T,5852,148,4825961,3495,28.9,1021.8,56-614-135
2026-09-05 12:24:01,B,6952,322,4826005,7600,28.9,1021.8,56-614-135
2026-09-05 12:24:02,B,6953,566,4826987,7602,28.9,1021.8,56-614-135
2026-09-05 12:24:03,T,5853,81,4827704,3495,28.9,1021.8,56-614-135
2026-09-05 12:24:03,B,6954,62,4827916,7603,28.9,1021.8,56-614-135
2026-09-05 12:24:03,B,6955,67,4828152,7603,28.9,1021.8,56-614-135
2026-09-05 12:24:04,B,6956,111,4828361,7606,28.9,1021.8,56-614-135
2026-09-05 12:24:04,T,5854,242,4828847,3496,28.9,1021.8,56-614-135
2026-09-05 12:24:04,T,5855,438,4828908,3496,28.9,1021.8,56-614-135
2026-09-05 12:24:04,B,6957,424,4828908,7606,28.9,1021.8,56-614-135
2026-09-05 12:24:04,C,1019,431,4828908,5551,28.9,1021.8,56-614-135
2026-09-05 12:24:04,B,6958,73,4829207,7606,28.9,1021.8,56-614-135
2026-09-05 12:24:05,T,5856,62,4829725,3496,28.9,1021.9,56-614-135
2026-09-05 12:24:06,B,6959,150,4830430,7609,28.9,1021.9,56-614-135
2026-09-05 12:24:06,T,5857,214,4830632,3498,28.9,1021.9,56-614-135
2026-09-05 12:24:06,T,5858,154,4830790,3498,28.9,1021.9,56-614-135
2026-09-05 12:24:06,B,6960,567,4830952,7609,28.9,1021.9,56-614-135
2026-09-05 12:24:07,T,5859,106,4831363,3499,28.9,1021.9,56-614-135
2026-09-05 12:24:07,T,5860,355,4831462,3499,28.9,1021.9,56-614-135
2026-09-05 12:24:07,T,5861,88,4831628,3499,28.9,1021.9,56-614-135
2026-09-05 12:24:08,T,5862,411,4832844,3500,28.9,1021.9,56-614-135
2026-09-05 12:24:08,T,5863,115,4833146,3500,28.9,1021.9,56-614-135
2026-09-05 12:24:09,T,5864,711,4833841,3501,28.9,1021.9,56-614-135
2026-09-05 12:24:09,B,6961,430,4833841,7612,28.9,1021.9,56-614-135
2026-09-05 12:24:09,C,1020,570,4833841,5557,28.9,1021.9,56-614-135
2026-09-05 12:24:09,B,6962,321,4833854,7612,28.9,1021.9,56-614-135
2026-09-05 12:24:09,B,6963,143,4834298,7612,28.9,1021.9,56-614-135
2026-09-05 12:24:11,B,6964,563,4835508,7615,28.9,1021.9,56-614-135
2026-09-05 12:24:11,T,5865,386,4835708,3502,28.9,1021.9,56-614-135
2026-09-05 12:24:11,B,6965,141,4835708,7615,28.9,1021.9,56-614-135
2026-09-05 12:24:11,C,1021,263,4835708,5559,28.9,1021.9,56-614-135
2026-09-05 12:24:12,B,6966,358,4836540,7618,28.9,1021.9,56-614-135
2026-09-05 12:24:12,T,5866,71,4836603,3503,28.9,1021.9,56-614-135
2026-09-05 12:24:12,T,5867,57,4836609,3503,28.9,1021.9,56-614-135
2026-09-05 12:24:12,T,5868,368,4837145,3503,28.9,1021.9,56-614-135
2026-09-05 12:24:12,B,6967,407,4837145,7618,28.9,1021.9,56-614-135
2026-09-05 12:24:12,C,1022,388,4837145,5561,28.9,1021.9,56-614-135
2026-09-05 12:24:13,T,5869,384,4838247,3504,28.9,1021.9,56-614-135
2026-09-05 12:24:13,B,6968,483,4838247,7619,28.9,1021.9,56-614-135
2026-09-05 12:24:13,C,1023,433,4838247,5562,28.9,1021.9,56-614-135
2026-09-05 12:24:14,T,5870,423,4838635,3505,28.9,1021.9,56-614-135
2026-09-05 12:24:14,B,6969,60,4838646,7620,28.9,1021.9,56-614-135
2026-09-05 12:24:15,B,6970,66,4839948,7621,28.9,1021.9,56-614-135
2026-09-05 12:24:15,B,6971,55,4840009,7621,28.9,1021.9,56-614-135
2026-09-05 12:24:16,T,5871,79,4840759,3505,28.9,1021.9,56-614-135
2026-09-05 12:24:16,B,6972,68,4840958,7622,28.9,1021.9,56-614-135
2026-09-05 12:24:17,B,6973,514,4841476,7623,28.9,1021.9,56-614-135
2026-09-05 12:24:18,B,6974,100,4842641,7625,28.9,1021.9,56-614-135
2026-09-05 12:24:18,T,5872,176,4843182,3506,28.9,1021.9,56-614-135
2026-09-05 12:24:18,B,6975,52,4843190,7625,28.9,1021.9,56-614-135
2026-09-05 12:24:19,B,6976,239,4843685,7627,28.9,1021.9,56-614-135
2026-09-05 12:24:19,T,5873,123,4843694,3506,28.9,1021.9,56-614-135
2026-09-05 12:24:19,B,6977,156,4844261,7627,28.9,1021.9,56-614-135
2026-09-05 12:24:20,B,6978,217,4844982,7628,28.9,1021.8,56-614-135
2026-09-05 12:24:21,T,5874,236,4846075,3508,28.9,1021.8,56-614-135
2026-09-05 12:24:21,T,5875,445,4846184,3508,28.9,1021.8,56-614-135
2026-09-05 12:24:21,B,6979,546,4846184,7630,28.9,1021.8,56-614-135
2026-09-05 12:24:21,C,1024,495,4846184,5569,28.9,1021.8,56-614-135
2026-09-05 12:24:22,T,5876,204,4846588,3508,28.9,1021.8,56-614-135
2026-09-05 12:24:23,T,5877,85,4847791,3509,28.9,1021.8,56-614-135
2026-09-05 12:24:23,B,6980,63,4847973,7630,28.9,1021.8,56-614-135
2026-09-05 12:24:23,T,5878,113,4848066,3509,28.9,1021.8,56-614-135
2026-09-05 12:24:23,T,5879,89,4848310,3509,28.9,1021.8,56-614-135
2026-09-05 12:24:24,T,5880,367,4848548,3510,28.9,1021.8,56-614-135
2026-09-05 12:24:25,B,6981,459,4850017,7632,28.9,1021.9,56-614-135
2026-09-05 12:24:26,T,5881,122,4850607,3512,28.9,1021.9,56-614-135
2026-09-05 12:24:26,T,5882,258,4850621,3512,28.9,1021.9,56-614-135
2026-09-05 12:24:26,T,5883,116,4851089,3512,28.9,1021.9,56-614-135
2026-09-05 12:24:26,T,5884,247,4851292,3512,28.9,1021.9,56-614-135
2026-09-05 12:24:27,T,5885,934,4851771,3516,28.9,1021.9,56-614-135
2026-09-05 12:24:27,T,5886,95,4851880,3516,28.9,1021.9,56-614-135
2026-09-05 12:24:27,T,5887,274,4852085,3516,28.9,1021.9,56-614-135
2026-09-05 12:24:27,B,6982,405,4852085,7636,28.9,1021.9,56-614-135
2026-09-05 12:24:27,C,1025,340,4852085,5576,28.9,1021.9,56-614-135
2026-09-05 12:24:27,B,6983,104,4852118,7636,28.9,1021.9,56-614-135
2026-09-05 12:24:27,B,6984,459,4852299,7636,28.9,1021.9,56-614-135
2026-09-05 12:24:27,T,5888,246,4852357,3516,28.9,1021.9,56-614-135
2026-09-05 12:24:27,T,5889,251,4852505,3516,28.9,1021.9,56-614-135
2026-09-05 12:24:28,B,6985,70,4852622,7637,28.9,1021.9,56-614-135
2026-09-05 12:24:28,T,5890,103,4852736,3516,28.9,1021.9,56-614-135
2026-09-05 12:24:28,T,5891,90,4853396,3516,28.9,1021.9,56-614-135
2026-09-05 12:24:28,B,6986,177,4853480,7637,28.9,1021.9,56-614-135
2026-09-05 12:24:29,T,5892,259,4853770,3517,28.9,1021.9,56-614-135
2026-09-05 12:24:29,B,6987,54,4853977,7642,28.9,1021.9,56-614-135
2026-09-05 12:24:29,B,6988,283,4853980,7642,28.9,1021.9,56-614-135
2026-09-05 12:24:29,B,6989,116,4854030,7642,28.9,1021.9,56-614-135
2026-09-05 12:24:29,B,6990,135,4854292,7642,28.9,1021.9,56-614-135
2026-09-05 12:24:29,B,6991,54,4854422,7642,28.9,1021.9,56-614-135
2026-09-05 12:24:30,T,5893,167,4855060,3518,28.9,1021.8,56-614-135
2026-09-05 12:24:32,B,6992,147,4856698,7643,28.9,1021.8,56-614-135
2026-09-05 12:24:32,T,5894,54,4857501,3518,28.9,1021.8,56-614-135
2026-09-05 12:24:33,B,6993,198,4858596,7644,28.9,1021.8,56-614-135
2026-09-05 12:24:34,B,6994,423,4858912,7647,28.9,1021.8,56-614-135
2026-09-05 12:24:34,B,6995,241,4858968,7647,28.9,1021.8,56-614-135
2026-09-05 12:24:34,T,5895,325,4859624,3519,28.9,1021.8,56-614-135
2026-09-05 12:24:35,T,5896,603,4860401,3520,28.9,1021.9,56-614-135
2026-09-05 12:24:38,T,5897,444,4863399,3521,28.9,1021.9,56-614-135
2026-09-05 12:24:38,B,6996,82,4863399,7647,28.9,1021.9,56-614-135
2026-09-05 12:24:38,C,1026,263,4863399,5584,28.9,1021.9,56-614-135
2026-09-05 12:24:39,B,6997,287,4864169,7650,28.9,1021.9,56-614-135
2026-09-05 12:24:39,B,6998,174,4864197,7650,28.9,1021.9,56-614-135
2026-09-05 12:24:40,B,6999,588,4864922,7652,28.9,1021.9,56-614-135
2026-09-05 12:24:40,B,7000,95,4865186,7652,28.9,1021.9,56-614-135
2026-09-05 12:24:41,T,5898,308,4866696,3521,28.9,1021.9,56-614-135
2026-09-05 12:24:41,B,7001,448,4866696,7654,28.9,1021.9,56-614-135
2026-09-05 12:24:41,C,1027,378,4866696,5587,28.9,1021.9,56-614-135
2026-09-05 12:24:42,B,7002,242,4866946,7656,28.9,1021.9,56-614-135
2026-09-05 12:24:42,B,7003,325,4867438,7656,28.9,1021.9,56-614-135
2026-09-05 12:24:42,T,5899,54,4867465,3522,28.9,1021.9,56-614-135
2026-09-05 12:24:42,T,5900,96,4867630,3522,28.9,1021.9,56-614-135
2026-09-05 12:24:43,T,5901,489,4868321,3523,28.9,1021.9,56-614-135
2026-09-05 12:24:43,T,5902,217,4868399,3523,28.9,1021.9,56-614-135
2026-09-05 12:24:44,T,5903,187,4869292,3525,28.9,1021.9,56-614-135
2026-09-05 12:24:44,B,7004,85,4869425,7659,28.9,1021.9,56-614-135
2026-09-05 12:24:44,B,7005,87,4869491,7659,28.9,1021.9,56-614-135
2026-09-05 12:24:44,T,5904,79,4869621,3525,28.9,1021.9,56-614-135
2026-09-05 12:24:44,T,5905,492,4869721,3525,28.9,1021.9,56-614-135
2026-09-05 12:24:44,B,7006,497,4869721,7659,28.9,1021.9,56-614-135
2026-09-05 12:24:44,C,1028,494,4869721,5592,28.9,1021.9,56-614-135
2026-09-05 12:24:45,B,7007,107,4869926,7664,29.0,1021.9,56-614-135
2026-09-05 12:24:45,B,7008,111,4869939,7664,29.0,1021.9,56-614-135
2026-09-05 12:24:45,B,7009,70,4869984,7664,29.0,1021.9,56-614-135
2026-09-05 12:24:45,B,7010,424,4870102,7664,29.0,1021.9,56-614-135
2026-09-05 12:24:45,B,7011,117,4870345,7664,29.0,1021.9,56-614-135
2026-09-05 12:24:46,B,7012,158,4870846,7668,29.0,1021.9,56-614-135
2026-09-05 12:24:46,T,5906,303,4870951,3526,29.0,1021.9,56-614-135
2026-09-05 12:24:46,B,7013,355,4870951,7668,29.0,1021.9,56-614-135
2026-09-05 12:24:46,C,1029,329,4870951,5597,29.0,1021.9,56-614-135
2026-09-05 12:24:46,T,5907,281,4871362,3526,29.0,1021.9,56-614-135
2026-09-05 12:24:46,B,7014,441,4871593,7668,29.0,1021.9,56-614-135
2026-09-05 12:24:47,T,5908,557,4871980,3528,29.0,1021.9,56-614-135
2026-09-05 12:24:48,T,5909,537,4873741,3529,29.0,1021.9,56-614-135
2026-09-05 12:24:49,B,7015,132,4873878,7669,29.0,1021.9,56-614-135
2026-09-05 12:24:49,T,5910,92,4874153,3529,29.0,1021.9,56-614-135
2026-09-05 12:24:50,B,7016,60,4875187,7670,28.9,1021.8,56-614-135
2026-09-05 12:24:50,B,7017,65,4875504,7670,28.9,1021.8,56-614-135
2026-09-05 12:24:52,T,5911,62,4877548,3529,28.9,1021.8,56-614-135
2026-09-05 12:24:52,B,7018,108,4877576,7671,28.9,1021.8,56-614-135
2026-09-05 12:24:53,B,7019,65,4878071,7674,28.9,1021.8,56-614-135
2026-09-05 12:24:53,B,7020,93,4878161,7674,28.9,1021.8,56-614-135
2026-09-05 12:24:53,T,5912,462,4878237,3530,28.9,1021.8,56-614-135
2026-09-05 12:24:53,T,5913,119,4878387,3530,28.9,1021.8,56-614-135
2026-09-05 12:24:53,B,7021,284,4878842,7674,28.9,1021.8,56-614-135
2026-09-05 12:24:54,T,5914,390,4878882,3532,28.9,1021.8,56-614-135
2026-09-05 12:24:54,B,7022,326,4878882,7675,28.9,1021.8,56-614-135
2026-09-05 12:24:54,C,1030,358,4878882,5603,28.9,1021.8,56-614-135
2026-09-05 12:24:54,T,5915,272,4879483,3532,28.9,1021.8,56-614-135
2026-09-05 12:24:54,T,5916,56,4879595,3532,28.9,1021.8,56-614-135
2026-09-05 12:24:55,B,7023,101,4879953,7679,29.0,1021.9,56-614-135
2026-09-05 12:24:55,T,5917,553,4880262,3533,29.0,1021.9,56-614-135
2026-09-05 12:24:55,B,7024,462,4880287,7679,29.0,1021.9,56-614-135
2026-09-05 12:24:55,B,7025,262,4880747,7679,29.0,1021.9,56-614-135
2026-09-05 12:24:56,T,5918,135,4881051,3535,29.0,1021.9,56-614-135
2026-09-05 12:24:56,T,5919,356,4881096,3535,29.0,1021.9,56-614-135
2026-09-05 12:24:56,T,5920,205,4881510,3535,29.0,1021.9,56-614-135
2026-09-05 12:24:57,T,5921,572,4881921,3537,29.0,1021.9,56-614-135
2026-09-05 12:24:57,T,5922,362,4882069,3537,29.0,1021.9,56-614-135
2026-09-05 12:24:57,B,7026,369,4882069,7682,29.0,1021.9,56-614-135
2026-09-05 12:24:57,C,1031,365,4882069,5609,29.0,1021.9,56-614-135
2026-09-05 12:24:57,B,7027,89,4882244,7682,29.0,1021.9,56-614-135
2026-09-05 12:24:57,T,5923,61,4882246,3537,29.0,1021.9,56-614-135
2026-09-05 12:24:58,B,7028,72,4883874,7682,29.0,1021.9,56-614-135
2026-09-05 12:24:59,T,5924,68,4884263,3537,29.0,1021.9,56-614-135
2026-09-05 12:24:59,B,7029,289,4884464,7685,29.0,1021.9,56-614-135
2026-09-05 12:24:59,B,7030,358,4884506,7685,29.0,1021.9,56-614-135
2026-09-05 12:25:00,B,7031,59,4885461,7687,28.9,1021.9,56-614-135
2026-09-05 12:25:00,B,7032,552,4885793,7687,28.9,1021.9,56-614-135
2026-09-05 12:25:00,T,5925,403,4885793,3538,28.9,1021.9,56-614-135
2026-09-05 12:25:01,B,7033,67,4886050,7689,28.9,1021.9,56-614-135
2026-09-05 12:25:01,T,5926,125,4886634,3539,28.9,1021.9,56-614-135
2026-09-05 12:25:01,T,5927,166,4886685,3539,28.9,1021.9,56-614-135
2026-09-05 12:25:01,B,7034,575,4886821,7689,28.9,1021.9,56-614-135
2026-09-05 12:25:01,T,5928,375,4886821,3539,28.9,1021.9,56-614-135
2026-09-05 12:25:02,B,7035,394,4887536,7691,28.9,1021.9,56-614-135
2026-09-05 12:25:03,T,5929,898,4888257,3542,28.9,1021.9,56-614-135
2026-09-05 12:25:03,T,5930,210,4888344,3542,28.9,1021.9,56-614-135
2026-09-05 12:25:03,B,7036,359,4888354,7695,28.9,1021.9,56-614-135
2026-09-05 12:25:03,B,7037,106,4888608,7695,28.9,1021.9,56-614-135
2026-09-05 12:25:03,T,5931,348,4888876,3542,28.9,1021.9,56-614-135
2026-09-05 12:25:03,B,7038,450,4888876,7695,28.9,1021.9,56-614-135
2026-09-05 12:25:03,C,1032,399,4888876,5618,28.9,1021.9,56-614-135
2026-09-05 12:25:04,T,5932,102,4889141,3543,28.9,1021.9,56-614-135
2026-09-05 12:25:04,T,5933,81,4889764,3543,28.9,1021.9,56-614-135
2026-09-05 12:25:04,T,5934,338,4890010,3543,28.9,1021.9,56-614-135
2026-09-05 12:25:04,B,7039,363,4890010,7695,28.9,1021.9,56-614-135
2026-09-05 12:25:04,C,1033,350,4890010,5620,28.9,1021.9,56-614-135
2026-09-05 12:25:05,B,7040,78,4890223,7698,28.9,1021.8,56-614-135
2026-09-05 12:25:05,T,5935,100,4890487,3544,28.9,1021.8,56-614-135
2026-09-05 12:25:05,B,7041,388,4890534,7698,28.9,1021.8,56-614-135
2026-09-05 12:25:06,T,5936,260,4891540,3545,28.9,1021.8,56-614-135
2026-09-05 12:25:07,T,5937,91,4892101,3545,28.9,1021.8,56-614-135
2026-09-05 12:25:07,B,7042,224,4892171,7699,28.9,1021.8,56-614-135
2026-09-05 12:25:08,B,7043,318,4893513,7701,28.9,1021.8,56-614-135
2026-09-05 12:25:08,T,5938,267,4893705,3546,28.9,1021.8,56-614-135
2026-09-05 12:25:08,T,5939,99,4893832,3546,28.9,1021.8,56-614-135
2026-09-05 12:25:09,B,7044,166,4894361,7703,28.9,1021.8,56-614-135
2026-09-05 12:25:09,T,5940,345,4895005,3547,28.9,1021.8,56-614-135
2026-09-05 12:25:09,B,7045,460,4895005,7703,28.9,1021.8,56-614-135
2026-09-05 12:25:10,C,1034,402,4895005,5625,28.9,1021.8,56-614-135
2026-09-05 12:25:10,B,7046,460,4895306,7705,29.0,1021.8,56-614-135
2026-09-05 12:25:10,T,5941,191,4896026,3547,29.0,1021.8,56-614-135
2026-09-05 12:25:12,T,5942,173,4896884,3548,29.0,1021.8,56-614-135
2026-09-05 12:25:14,T,5943,108,4898477,3549,29.0,1021.8,56-614-135
2026-09-05 12:25:14,T,5944,837,4898871,3549,29.0,1021.8,56-614-135
2026-09-05 12:25:15,T,5945,157,4899814,3550,29.0,1021.8,56-614-135
2026-09-05 12:25:16,B,7047,254,4900565,7706,29.0,1021.9,56-614-135
2026-09-05 12:25:16,T,5946,59,4901111,3550,29.0,1021.9,56-614-135
2026-09-05 12:25:17,B,7048,564,4901259,7707,29.0,1021.9,56-614-135
2026-09-05 12:25:17,T,5947,60,4901425,3550,29.0,1021.9,56-614-135
2026-09-05 12:25:18,T,5948,336,4902388,3551,29.0,1021.9,56-614-135
2026-09-05 12:25:18,B,7049,344,4903043,7709,29.0,1021.9,56-614-135
2026-09-05 12:25:19,B,7050,95,4903696,7711,29.0,1021.9,56-614-135
2026-09-05 12:25:19,T,5949,422,4903719,3552,29.0,1021.9,56-614-135
2026-09-05 12:25:19,B,7051,376,4903719,7711,29.0,1021.9,56-614-135
2026-09-05 12:25:19,C,1035,399,4903719,5631,29.0,1021.9,56-614-135
2026-09-05 12:25:20,T,5950,110,4904440,3552,29.0,1021.9,56-614-135
2026-09-05 12:25:20,B,7052,278,4904565,7713,29.0,1021.9,56-614-135
2026-09-05 12:25:20,B,7053,130,4905109,7713,29.0,1021.9,56-614-135
2026-09-05 12:25:21,T,5951,251,4905444,3553,28.9,1021.8,56-614-135
2026-09-05 12:25:21,B,7054,275,4905507,7714,28.9,1021.8,56-614-135
2026-09-05 12:25:22,B,7055,672,4906280,7717,28.9,1021.8,56-614-135
2026-09-05 12:25:22,B,7056,258,4906385,7717,28.9,1021.8,56-614-135
2026-09-05 12:25:22,T,5952,359,4906499,3554,28.9,1021.8,56-614-135
2026-09-05 12:25:23,B,7057,274,4907233,7719,28.9,1021.8,56-614-135
2026-09-05 12:25:23,T,5953,202,4907396,3555,28.9,1021.8,56-614-135
2026-09-05 12:25:23,B,7058,52,4907580,7719,28.9,1021.8,56-614-135
2026-09-05 12:25:23,T,5954,63,4907756,3555,28.9,1021.8,56-614-135
2026-09-05 12:25:23,T,5955,459,4907767,3555,28.9,1021.8,56-614-135
2026-09-05 12:25:23,T,5956,68,4907901,3555,28.9,1021.8,56-614-135
2026-09-05 12:25:24,B,7059,105,4908233,7721,28.9,1021.8,56-614-135
2026-09-05 12:25:24,B,7060,73,4908354,7721,28.9,1021.8,56-614-135
2026-09-05 12:25:25,B,7061,55,4909316,7721,28.9,1021.8,56-614-135
2026-09-05 12:25:25,T,5957,50,4909858,3555,28.9,1021.8,56-614-135
2026-09-05 12:25:26,T,5958,62,4910258,3556,28.9,1021.8,56-614-135
2026-09-05 12:25:26,T,5959,363,4910405,3556,28.9,1021.8,56-614-135
2026-09-05 12:25:26,B,7062,427,4910405,7723,28.9,1021.8,56-614-135
2026-09-05 12:25:26,C,1036,395,4910405,5640,28.9,1021.8,56-614-135
2026-09-05 12:25:27,B,7063,526,4911410,7725,28.9,1021.8,56-614-135
2026-09-05 12:25:27,B,7064,220,4912103,7725,28.9,1021.8,56-614-135
2026-09-05 12:25:28,B,7065,819,4912569,7727,28.9,1021.8,56-614-135
2026-09-05 12:25:29,T,5960,50,4913545,3557,28.9,1021.8,56-614-135
2026-09-05 12:25:29,T,5961,66,4913938,3557,28.9,1021.8,56-614-135
2026-09-05 12:25:29,B,7066,320,4914238,7729,28.9,1021.8,56-614-135
2026-09-05 12:25:29,T,5962,72,4914244,3557,28.9,1021.8,56-614-135
2026-09-05 12:25:30,B,7067,363,4914907,7731,28.9,1021.8,56-614-135
2026-09-05 12:25:30,B,7068,429,4914925,7731,28.9,1021.8,56-614-135
2026-09-05 12:25:31,T,5963,399,4915339,3558,29.0,1021.8,56-614-135
2026-09-05 12:25:31,T,5964,137,4915482,3558,29.0,1021.8,56-614-135
2026-09-05 12:25:31,B,7069,206,4915675,7734,29.0,1021.8,56-614-135
2026-09-05 12:25:31,B,7070,130,4916040,7734,29.0,1021.8,56-614-135
2026-09-05 12:25:33,B,7071,165,4917424,7738,29.0,1021.8,56-614-135
2026-09-05 12:25:33,B,7072,68,4917708,7738,29.0,1021.8,56-614-135
2026-09-05 12:25:33,B,7073,512,4917872,7738,29.0,1021.8,56-614-135
2026-09-05 12:25:33,T,5965,528,4917872,3559,29.0,1021.8,56-614-135
2026-09-05 12:25:33,B,7074,163,4918146,7738,29.0,1021.8,56-614-135
2026-09-05 12:25:34,B,7075,70,4918703,7739,29.0,1021.8,56-614-135
2026-09-05 12:25:34,T,5966,619,4919233,3560,29.0,1021.8,56-614-135
2026-09-05 12:25:34,T,5967,155,4919329,3560,29.0,1021.8,56-614-135
2026-09-05 12:25:34,B,7076,52,4919331,7739,29.0,1021.8,56-614-135
2026-09-05 12:25:35,B,7077,242,4919639,7743,29.0,1021.8,56-614-135
2026-09-05 12:25:35,T,5968,135,4919949,3563,29.0,1021.8,56-614-135
2026-09-05 12:25:35,T,5969,435,4920102,3563,29.0,1021.8,56-614-135
2026-09-05 12:25:35,B,7078,740,4920102,7743,29.0,1021.8,56-614-135
2026-09-05 12:25:35,C,1037,588,4920102,5653,29.0,1021.8,56-614-135
2026-09-05 12:25:35,T,5970,280,4920217,3563,29.0,1021.8,56-614-135
2026-09-05 12:25:35,T,5971,64,4920248,3563,29.0,1021.8,56-614-135
2026-09-05 12:25:35,B,7079,204,4920322,7743,29.0,1021.8,56-614-135
2026-09-05 12:25:36,T,5972,67,4921050,3563,29.0,1021.9,56-614-135
2026-09-05 12:25:36,T,5973,113,4921191,3563,29.0,1021.9,56-614-135
2026-09-05 12:25:36,B,7080,544,4921231,7745,29.0,1021.9,56-614-135
2026-09-05 12:25:37,T,5974,499,4922249,3564,29.0,1021.9,56-614-135
2026-09-05 12:25:37,B,7081,331,4922249,7746,29.0,1021.9,56-614-135
2026-09-05 12:25:37,C,1038,415,4922249,5655,29.0,1021.9,56-614-135
2026-09-05 12:25:38,T,5975,130,4922801,3565,29.0,1021.9,56-614-135
2026-09-05 12:25:38,T,5976,55,4923380,3565,29.0,1021.9,56-614-135
2026-09-05 12:25:39,T,5977,480,4923476,3568,29.0,1021.9,56-614-135
2026-09-05 12:25:39,T,5978,67,4923578,3568,29.0,1021.9,56-614-135
2026-09-05 12:25:39,B,7082,110,4923658,7749,29.0,1021.9,56-614-135
2026-09-05 12:25:39,T,5979,375,4923848,3568,29.0,1021.9,56-614-135
2026-09-05 12:25:39,B,7083,127,4923899,7749,29.0,1021.9,56-614-135
2026-09-05 12:25:39,T,5980,548,4924193,3568,29.0,1021.9,56-614-135
2026-09-05 12:25:39,B,7084,496,4924193,7749,29.0,1021.9,56-614-135
2026-09-05 12:25:39,C,1039,522,4924193,5659,29.0,1021.9,56-614-135
2026-09-05 12:25:39,T,5981,82,4924212,3568,29.0,1021.9,56-614-135
2026-09-05 12:25:40,B,7085,51,4924519,7751,29.0,1021.9,56-614-135
2026-09-05 12:25:40,T,5982,79,4924761,3568,29.0,1021.9,56-614-135
2026-09-05 12:25:40,B,7086,165,4925003,7751,29.0,1021.9,56-614-135
2026-09-05 12:25:41,T,5983,373,4925533,3571,29.0,1021.9,56-614-135
2026-09-05 12:25:41,B,7087,449,4925533,7753,29.0,1021.9,56-614-135
2026-09-05 12:25:41,C,1040,411,4925533,5662,29.0,1021.9,56-614-135
2026-09-05 12:25:41,T,5984,54,4925958,3571,29.0,1021.9,56-614-135
2026-09-05 12:25:41,B,7088,82,4926056,7753,29.0,1021.9,56-614-135
2026-09-05 12:25:41,T,5985,394,4926303,3571,29.0,1021.9,56-614-135
2026-09-05 12:25:41,T,5986,440,4926332,3571,29.0,1021.9,56-614-135
2026-09-05 12:25:42,T,5987,420,4926737,3572,29.0,1021.9,56-614-135
2026-09-05 12:25:42,B,7089,90,4926854,7756,29.0,1021.9,56-614-135
2026-09-05 12:25:42,B,7090,195,4927108,7756,29.0,1021.9,56-614-135
2026-09-05 12:25:42,B,7091,146,4927280,7756,29.0,1021.9,56-614-135
2026-09-05 12:25:44,T,5988,244,4928895,3572,29.0,1021.9,56-614-135
2026-09-05 12:25:44,B,7092,280,4928960,7759,29.0,1021.9,56-614-135
2026-09-05 12:25:44,B,7093,255,4929283,7759,29.0,1021.9,56-614-135
2026-09-05 12:25:44,B,7094,92,4929474,7760,29.0,1021.9,56-614-135
2026-09-05 12:25:45,B,7095,211,4929731,7761,29.0,1021.9,56-614-135
2026-09-05 12:25:45,T,5989,56,4929827,3572,29.0,1021.9,56-614-135
2026-09-05 12:25:46,B,7096,572,4930936,7763,29.0,1021.8,56-614-135
2026-09-05 12:25:46,B,7097,129,4931264,7763,29.0,1021.8,56-614-135
2026-09-05 12:25:46,T,5990,120,4931394,3573,29.0,1021.8,56-614-135
2026-09-05 12:25:48,B,7098,454,4932682,7768,29.0,1021.8,56-614-135
2026-09-05 12:25:48,T,5991,109,4932794,3573,29.0,1021.8,56-614-135
2026-09-05 12:25:48,B,7099,478,4932794,7768,29.0,1021.8,56-614-135
2026-09-05 12:25:48,C,1041,293,4932794,5670,29.0,1021.8,56-614-135
2026-09-05 12:25:48,B,7100,534,4933302,7768,29.0,1021.8,56-614-135
2026-09-05 12:25:49,T,5992,206,4933773,3575,29.0,1021.8,56-614-135
2026-09-05 12:25:49,B,7101,505,4934382,7769,29.0,1021.8,56-614-135
2026-09-05 12:25:49,T,5993,386,4934382,3575,29.0,1021.8,56-614-135
2026-09-05 12:25:50,B,7102,56,4935480,7771,29.0,1021.8,56-614-135
2026-09-05 12:25:50,B,7103,58,4935540,7771,29.0,1021.8,56-614-135
2026-09-05 12:25:51,B,7104,105,4936032,7771,29.0,1021.8,56-614-135
2026-09-05 12:25:52,B,7105,243,4936681,7774,29.0,1021.8,56-614-135
2026-09-05 12:25:52,B,7106,195,4937259,7774,29.0,1021.8,56-614-135
2026-09-05 12:25:53,T,5994,663,4937670,3576,29.0,1021.8,56-614-135
2026-09-05 12:25:53,B,7107,174,4938173,7775,29.0,1021.8,56-614-135
2026-09-05 12:25:53,T,5995,167,4938401,3576,29.0,1021.8,56-614-135
2026-09-05 12:25:54,B,7108,50,4938956,7775,29.0,1021.8,56-614-135
2026-09-05 12:25:55,T,5996,134,4939838,3577,29.0,1021.8,56-614-135
2026-09-05 12:25:56,B,7109,469,4940650,7777,29.0,1021.8,56-614-135
2026-09-05 12:25:56,T,5997,464,4940650,3578,29.0,1021.8,56-614-135
2026-09-05 12:25:56,T,5998,174,4940839,3578,29.0,1021.8,56-614-135
2026-09-05 12:25:57,B,7110,74,4941749,7779,29.0,1021.8,56-614-135
2026-09-05 12:25:57,B,7111,301,4942028,7779,29.0,1021.8,56-614-135
2026-09-05 12:25:58,T,5999,201,4943073,3579,29.0,1021.8,56-614-135
2026-09-05 12:25:59,B,7112,362,4944286,7781,29.0,1021.8,56-614-135
2026-09-05 12:25:59,B,7113,172,4944536,7781,29.0,1021.8,56-614-135
2026-09-05 12:26:00,T,6000,493,4944679,3580,29.0,1021.8,56-614-135
2026-09-05 12:26:00,B,7114,125,4945178,7783,29.0,1021.8,56-614-135
2026-09-05 12:26:00,B,7115,158,4945188,7783,29.0,1021.8,56-614-135
2026-09-05 12:26:01,B,7116,86,4946073,7785,29.0,1021.9,56-614-135
2026-09-05 12:26:01,B,7117,59,4946435,7785,29.0,1021.9,56-614-135
2026-09-05 12:26:02,T,6001,327,4947200,3581,29.0,1021.9,56-614-135
2026-09-05 12:26:02,B,7118,437,4947200,7788,29.0,1021.9,56-614-135
2026-09-05 12:26:02,C,1042,382,4947200,5684,29.0,1021.9,56-614-135
2026-09-05 12:26:02,T,6002,361,4947343,3581,29.0,1021.9,56-614-135
2026-09-05 12:26:02,B,7119,430,4947343,7788,29.0,1021.9,56-614-135
2026-09-05 12:26:02,C,1043,395,4947343,5684,29.0,1021.9,56-614-135
2026-09-05 12:26:03,T,6003,366,4948077,3583,29.0,1021.9,56-614-135
2026-09-05 12:26:03,B,7120,226,4948470,7789,29.0,1021.9,56-614-135
2026-09-05 12:26:03,T,6004,281,4948515,3583,29.0,1021.9,56-614-135
2026-09-05 12:26:04,T,6005,115,4948781,3584,29.0,1021.9,56-614-135
2026-09-05 12:26:04,B,7121,278,4948969,7791,29.0,1021.9,56-614-135
2026-09-05 12:26:04,B,7122,82,4948992,7791,29.0,1021.9,56-614-135
2026-09-05 12:26:04,T,6006,543,4949705,3584,29.0,1021.9,56-614-135
2026-09-05 12:26:05,T,6007,300,4950454,3585,29.0,1021.9,56-614-135
2026-09-05 12:26:06,T,6008,105,4951056,3585,29.0,1021.8,56-614-135
2026-09-05 12:26:06,B,7123,293,4951167,7794,29.0,1021.8,56-614-135
2026-09-05 12:26:06,B,7124,57,4951731,7794,29.0,1021.8,56-614-135
2026-09-05 12:26:06,B,7125,206,4951737,7794,29.0,1021.8,56-614-135
2026-09-05 12:26:07,B,7126,105,4952276,7795,29.0,1021.8,56-614-135
2026-09-05 12:26:08,B,7127,333,4953249,7798,29.0,1021.8,56-614-135
2026-09-05 12:26:08,B,7128,292,4953253,7798,29.0,1021.8,56-614-135
2026-09-05 12:26:08,B,7129,120,4953567,7798,29.0,1021.8,56-614-135
2026-09-05 12:26:08,T,6009,299,4953635,3586,29.0,1021.8,56-614-135
2026-09-05 12:26:10,T,6010,81,4955056,3587,29.0,1021.8,56-614-135
2026-09-05 12:26:10,B,7130,118,4955297,7799,29.0,1021.8,56-614-135
2026-09-05 12:26:10,T,6011,60,4955613,3587,29.0,1021.8,56-614-135
2026-09-05 12:26:10,T,6012,526,4955782,3587,29.0,1021.8,56-614-135
2026-09-05 12:26:11,T,6013,410,4956330,3588,29.0,1021.9,56-614-135
2026-09-05 12:26:13,B,7131,185,4958102,7804,29.0,1021.9,56-614-135
2026-09-05 12:26:13,B,7132,401,4958267,7804,29.0,1021.9,56-614-135
2026-09-05 12:26:13,T,6014,291,4958267,3590,29.0,1021.9,56-614-135
2026-09-05 12:26:13,B,7133,315,4958353,7804,29.0,1021.9,56-614-135
2026-09-05 12:26:13,T,6015,394,4958475,3590,29.0,1021.9,56-614-135
2026-09-05 12:26:13,B,7134,432,4958475,7804,29.0,1021.9,56-614-135
2026-09-05 12:26:13,C,1044,413,4958475,5697,29.0,1021.9,56-614-135
2026-09-05 12:26:14,T,6016,334,4959655,3591,29.0,1021.9,56-614-135
2026-09-05 12:26:15,B,7135,60,4959929,7806,29.0,1021.9,56-614-135
2026-09-05 12:26:15,B,7136,211,4960101,7806,29.0,1021.9,56-614-135
2026-09-05 12:26:16,B,7137,126,4961349,7807,29.0,1021.8,56-614-135
2026-09-05 12:26:17,B,7138,130,4962042,7808,29.0,1021.8,56-614-135
2026-09-05 12:26:18,T,6017,158,4963220,3592,29.0,1021.8,56-614-135
2026-09-05 12:26:18,B,7139,570,4963324,7811,29.0,1021.8,56-614-135
2026-09-05 12:26:18,B,7140,82,4963386,7811,29.0,1021.8,56-614-135
2026-09-05 12:26:18,B,7141,58,4963509,7811,29.0,1021.8,56-614-135
2026-09-05 12:26:18,T,6018,150,4963537,3592,29.0,1021.8,56-614-135
2026-09-05 12:26:19,T,6019,113,4964438,3592,29.0,1021.8,56-614-135
2026-09-05 12:26:19,B,7142,291,4964474,7813,29.0,1021.8,56-614-135
2026-09-05 12:26:19,B,7143,64,4964479,7813,29.0,1021.8,56-614-135
2026-09-05 12:26:20,B,7144,427,4965118,7814,29.0,1021.8,56-614-135
2026-09-05 12:26:20,T,6020,504,4965119,3595,29.0,1021.8,56-614-135
2026-09-05 12:26:20,T,6021,424,4965376,3595,29.0,1021.8,56-614-135
2026-09-05 12:26:20,T,6022,496,4965385,3595,29.0,1021.8,56-614-135
2026-09-05 12:26:20,T,6023,118,4965662,3595,29.0,1021.8,56-614-135
2026-09-05 12:26:21,T,6024,192,4966151,3596,29.0,1021.9,56-614-135
2026-09-05 12:26:22,T,6025,472,4966916,3597,29.0,1021.9,56-614-135
2026-09-05 12:26:22,B,7145,54,4967764,7815,29.0,1021.9,56-614-135
2026-09-05 12:26:23,T,6026,90,4968507,3597,29.0,1021.9,56-614-135
2026-09-05 12:26:23,T,6027,60,4968780,3597,29.0,1021.9,56-614-135
2026-09-05 12:26:23,B,7146,121,4968820,7816,29.0,1021.9,56-614-135
2026-09-05 12:26:24,B,7147,209,4969388,7817,29.0,1021.9,56-614-135
2026-09-05 12:26:24,T,6028,544,4969461,3599,29.0,1021.9,56-614-135
2026-09-05 12:26:24,T,6029,116,4969681,3599,29.0,1021.9,56-614-135
2026-09-05 12:26:25,T,6030,111,4970233,3599,29.0,1021.9,56-614-135
2026-09-05 12:26:26,B,7148,214,4971837,7818,29.0,1021.9,56-614-135
2026-09-05 12:26:27,T,6031,457,4972309,3601,29.0,1021.9,56-614-135
2026-09-05 12:26:27,T,6032,79,4972574,3601,29.0,1021.9,56-614-135
2026-09-05 12:26:27,B,7149,143,4972607,7819,29.0,1021.9,56-614-135
2026-09-05 12:26:27,T,6033,138,4972614,3601,29.0,1021.9,56-614-135
2026-09-05 12:26:27,T,6034,151,4972836,3601,29.0,1021.9,56-614-135
2026-09-05 12:26:28,T,6035,378,4973585,3602,29.0,1021.9,56-614-135
2026-09-05 12:26:29,T,6036,506,4974649,3604,29.0,1021.9,56-614-135
2026-09-05 12:26:29,T,6037,377,4974989,3604,29.0,1021.9,56-614-135
2026-09-05 12:26:29,B,7150,396,4974989,7821,29.0,1021.9,56-614-135
2026-09-05 12:26:29,C,1045,387,4974989,5712,29.0,1021.9,56-614-135
2026-09-05 12:26:30,T,6038,286,4975588,3604,29.0,1021.9,56-614-135
2026-09-05 12:26:32,B,7151,172,4977633,7824,29.0,1021.9,56-614-135
2026-09-05 12:26:32,B,7152,777,4977694,7824,29.0,1021.9,56-614-135
2026-09-05 12:26:32,T,6039,76,4977880,3605,29.0,1021.9,56-614-135
2026-09-05 12:26:32,T,6040,50,4977925,3605,29.0,1021.9,56-614-135
2026-09-05 12:26:33,T,6041,222,4978096,3605,29.0,1021.9,56-614-135
2026-09-05 12:26:33,B,7153,70,4978907,7824,29.0,1021.9,56-614-135
2026-09-05 12:26:34,B,7154,60,4979270,7829,29.0,1021.9,56-614-135
2026-09-05 12:26:34,T,6042,689,4979276,3606,29.0,1021.9,56-614-135
2026-09-05 12:26:34,B,7155,194,4979508,7829,29.0,1021.9,56-614-135
2026-09-05 12:26:34,B,7156,283,4979546,7829,29.0,1021.9,56-614-135
2026-09-05 12:26:34,B,7157,71,4979651,7829,29.0,1021.9,56-614-135
2026-09-05 12:26:34,B,7158,86,4979963,7829,29.0,1021.9,56-614-135
2026-09-05 12:26:35,T,6043,343,4980272,3607,29.0,1021.9,56-614-135
2026-09-05 12:26:36,B,7159,561,4981201,7831,29.0,1021.9,56-614-135
2026-09-05 12:26:36,T,6044,53,4981917,3607,29.0,1021.9,56-614-135
2026-09-05 12:26:38,B,7160,128,4982412,7831,29.0,1021.9,56-614-135
2026-09-05 12:26:38,T,6045,56,4982563,3607,29.0,1021.9,56-614-135
2026-09-05 12:26:39,T,6046,348,4983203,3609,29.0,1021.9,56-614-135
2026-09-05 12:26:39,B,7161,465,4983203,7836,29.0,1021.9,56-614-135
2026-09-05 12:26:39,C,1046,406,4983203,5722,29.0,1021.9,56-614-135
2026-09-05 12:26:39,T,6047,341,4983508,3609,29.0,1021.9,56-614-135
2026-09-05 12:26:39,B,7162,384,4983508,7836,29.0,1021.9,56-614-135
2026-09-05 12:26:39,C,1047,363,4983508,5722,29.0,1021.9,56-614-135
2026-09-05 12:26:39,B,7163,331,4983747,7836,29.0,1021.9,56-614-135
2026-09-05 12:26:40,B,7164,266,4984690,7837,29.0,1021.9,56-614-135
2026-09-05 12:26:40,T,6048,657,4984802,3610,29.0,1021.9,56-614-135
2026-09-05 12:26:41,B,7165,198,4985305,7838,29.0,1021.9,56-614-135
2026-09-05 12:26:42,B,7166,75,4986218,7840,29.0,1021.8,56-614-135
2026-09-05 12:26:42,B,7167,156,4986260,7840,29.0,1021.8,56-614-135
2026-09-05 12:26:42,T,6049,249,4986778,3611,29.0,1021.8,56-614-135
2026-09-05 12:26:43,T,6050,525,4987326,3612,29.0,1021.8,56-614-135
2026-09-05 12:26:43,B,7168,148,4987326,7841,29.0,1021.8,56-614-135
2026-09-05 12:26:43,C,1048,337,4987326,5726,29.0,1021.8,56-614-135
2026-09-05 12:26:43,T,6051,75,4987790,3612,29.0,1021.8,56-614-135
2026-09-05 12:26:44,T,6052,88,4988491,3613,29.0,1021.8,56-614-135
2026-09-05 12:26:44,B,7169,197,4988491,7845,29.0,1021.8,56-614-135
2026-09-05 12:26:44,C,1049,143,4988491,5729,29.0,1021.8,56-614-135
2026-09-05 12:26:44,B,7170,549,4988515,7845,29.0,1021.8,56-614-135
2026-09-05 12:26:44,T,6053,361,4988778,3613,29.0,1021.8,56-614-135
2026-09-05 12:26:44,B,7171,475,4988778,7845,29.0,1021.8,56-614-135
2026-09-05 12:26:44,C,1050,418,4988778,5729,29.0,1021.8,56-614-135
2026-09-05 12:26:45,B,7172,61,4989776,7846,29.0,1021.8,56-614-135
2026-09-05 12:26:46,B,7173,322,4990244,7848,29.0,1021.8,56-614-135
2026-09-05 12:26:46,T,6054,59,4990344,3614,29.0,1021.8,56-614-135
2026-09-05 12:26:46,T,6055,81,4990370,3614,29.0,1021.8,56-614-135
2026-09-05 12:26:46,T,6056,400,4990722,3614,29.0,1021.8,56-614-135
2026-09-05 12:26:46,B,7174,406,4990722,7848,29.0,1021.8,56-614-135
2026-09-05 12:26:46,C,1051,403,4990722,5731,29.0,1021.8,56-614-135
2026-09-05 12:26:47,T,6057,552,4991668,3615,29.0,1021.9,56-614-135
2026-09-05 12:26:48,T,6058,68,4992280,3616,29.0,1021.9,56-614-135
2026-09-05 12:26:48,B,7175,86,4992409,7849,29.0,1021.9,56-614-135
2026-09-05 12:26:48,T,6059,201,4993144,3616,29.0,1021.9,56-614-135
2026-09-05 12:26:49,B,7176,84,4993257,7851,29.0,1021.9,56-614-135
2026-09-05 12:26:49,T,6060,71,4994056,3617,29.0,1021.9,56-614-135
2026-09-05 12:26:49,T,6061,343,4994071,3617,29.0,1021.9,56-614-135
2026-09-05 12:26:49,B,7177,360,4994071,7851,29.0,1021.9,56-614-135
2026-09-05 12:26:49,C,1052,352,4994071,5734,29.0,1021.9,56-614-135
2026-09-05 12:26:50,T,6062,509,4994593,3619,29.0,1021.9,56-614-135
2026-09-05 12:26:50,B,7178,114,4994785,7854,29.0,1021.9,56-614-135
2026-09-05 12:26:50,T,6063,203,4994870,3619,29.0,1021.9,56-614-135
2026-09-05 12:26:50,B,7179,427,4994925,7854,29.0,1021.9,56-614-135
2026-09-05 12:26:51,T,6064,212,4995719,3619,29.0,1021.9,56-614-135
2026-09-05 12:26:52,T,6065,304,4996327,3621,29.0,1021.8,56-614-135
2026-09-05 12:26:52,T,6066,581,4996936,3621,29.0,1021.8,56-614-135
2026-09-05 12:26:52,B,7180,455,4996936,7856,29.0,1021.8,56-614-135
2026-09-05 12:26:52,C,1053,518,4996936,5739,29.0,1021.8,56-614-135
2026-09-05 12:26:52,B,7181,228,4997235,7856,29.0,1021.8,56-614-135
2026-09-05 12:26:53,T,6067,52,4997274,3621,29.0,1021.8,56-614-135
2026-09-05 12:26:53,B,7182,352,4997321,7858,29.0,1021.8,56-614-135
2026-09-05 12:26:54,T,6068,341,4998585,3622,29.0,1021.8,56-614-135
2026-09-05 12:26:54,B,7183,440,4998585,7859,29.0,1021.8,56-614-135
2026-09-05 12:26:54,C,1054,390,4998585,5741,29.0,1021.8,56-614-135
2026-09-05 12:26:55,B,7184,473,4999387,7862,29.0,1021.8,56-614-135
2026-09-05 12:26:55,B,7185,359,4999924,7862,29.0,1021.8,56-614-135
2026-09-05 12:26:55,T,6069,112,5000206,3622,29.0,1021.8,56-614-135
2026-09-05 12:26:56,B,7186,62,5000995,7864,29.0,1021.8,56-614-135
2026-09-05 12:26:56,B,7187,89,5001298,7864,29.0,1021.8,56-614-135
2026-09-05 12:26:57,T,6070,116,5001327,3623,29.0,1021.8,56-614-135
2026-09-05 12:26:57,B,7188,93,5001858,7866,29.0,1021.8,56-614-135
2026-09-05 12:26:57,B,7189,102,5001873,7866,29.0,1021.8,56-614-135
2026-09-05 12:26:57,B,7190,94,5002164,7866,29.0,1021.8,56-614-135
2026-09-05 12:26:59,B,7191,218,5003586,7869,29.0,1021.8,56-614-135
2026-09-05 12:26:59,T,6071,367,5003586,3623,29.0,1021.8,56-614-135
2026-09-05 12:26:59,B,7192,138,5004096,7869,29.0,1021.8,56-614-135
2026-09-05 12:26:59,B,7193,69,5004245,7869,29.0,1021.8,56-614-135
2026-09-05 12:27:00,B,7194,358,5004425,7873,29.0,1021.8,56-614-135
2026-09-05 12:27:00,B,7195,183,5004701,7873,29.0,1021.8,56-614-135
2026-09-05 12:27:00,T,6072,415,5004857,3624,29.0,1021.8,56-614-135
2026-09-05 12:27:00,B,7196,566,5004857,7873,29.0,1021.8,56-614-135
2026-09-05 12:27:00,C,1055,490,5004857,5749,29.0,1021.8,56-614-135
2026-09-05 12:27:01,T,6073,368,5005813,3625,29.0,1021.8,56-614-135
2026-09-05 12:27:02,B,7197,541,5006761,7876,29.0,1021.8,56-614-135
2026-09-05 12:27:02,B,7198,346,5006812,7876,29.0,1021.8,56-614-135
2026-09-05 12:27:02,T,6074,121,5006848,3626,29.0,1021.8,56-614-135
2026-09-05 12:27:03,T,6075,65,5007520,3626,29.0,1021.8,56-614-135
2026-09-05 12:27:03,T,6076,52,5008384,3626,29.0,1021.8,56-614-135
2026-09-05 12:27:04,B,7199,409,5008435,7882,29.0,1021.8,56-614-135
2026-09-05 12:27:04,T,6077,644,5008894,3627,29.0,1021.8,56-614-135
2026-09-05 12:27:04,B,7200,682,5008894,7882,29.0,1021.8,56-614-135
2026-09-05 12:27:04,C,1056,663,5008894,5755,29.0,1021.8,56-614-135
2026-09-05 12:27:04,B,7201,82,5009034,7882,29.0,1021.8,56-614-135
2026-09-05 12:27:04,B,7202,259,5009117,7882,29.0,1021.8,56-614-135
2026-09-05 12:27:04,T,6078,258,5009194,3627,29.0,1021.8,56-614-135
2026-09-05 12:27:04,B,7203,66,5009303,7882,29.0,1021.8,56-614-135
2026-09-05 12:27:05,B,7204,72,5010333,7882,29.0,1021.8,56-614-135
2026-09-05 12:27:06,B,7205,357,5010912,7884,29.0,1021.8,56-614-135
2026-09-05 12:27:06,B,7206,72,5010956,7884,29.0,1021.8,56-614-135
2026-09-05 12:27:07,T,6079,388,5011980,3629,29.0,1021.8,56-614-135
2026-09-05 12:27:07,B,7207,565,5011980,7887,29.0,1021.8,56-614-135
2026-09-05 12:27:07,C,1057,476,5011980,5758,29.0,1021.8,56-614-135
2026-09-05 12:27:07,B,7208,438,5011999,7887,29.0,1021.8,56-614-135
2026-09-05 12:27:07,T,6080,72,5012015,3629,29.0,1021.8,56-614-135
2026-09-05 12:27:07,T,6081,106,5012087,3629,29.0,1021.8,56-614-135
2026-09-05 12:27:08,T,6082,60,5012567,3630,29.0,1021.8,56-614-135
2026-09-05 12:27:08,T,6083,247,5012730,3630,29.0,1021.8,56-614-135
2026-09-05 12:27:09,B,7209,231,5013478,7890,29.0,1021.8,56-614-135
2026-09-05 12:27:09,B,7210,66,5013747,7890,29.0,1021.8,56-614-135
2026-09-05 12:27:09,B,7211,110,5013780,7890,29.0,1021.8,56-614-135
2026-09-05 12:27:10,B,7212,283,5014788,7891,29.0,1021.8,56-614-135
2026-09-05 12:27:10,T,6084,244,5015206,3630,29.0,1021.8,56-614-135
2026-09-05 12:27:11,B,7213,76,5016075,7895,29.0,1021.8,56-614-135
2026-09-05 12:27:11,B,7214,585,5016323,7895,29.0,1021.8,56-614-135
2026-09-05 12:27:11,B,7215,418,5016453,7895,29.0,1021.8,56-614-135
2026-09-05 12:27:12,B,7216,246,5016768,7898,29.0,1021.8,56-614-135
2026-09-05 12:27:12,T,6085,636,5017249,3631,29.0,1021.8,56-614-135
2026-09-05 12:27:12,B,7217,598,5017284,7898,29.0,1021.8,56-614-135
2026-09-05 12:27:13,B,7218,159,5017677,7900,29.0,1021.8,56-614-135
2026-09-05 12:27:13,B,7219,204,5018321,7900,29.0,1021.8,56-614-135
2026-09-05 12:27:14,B,7220,89,5019037,7901,29.0,1021.8,56-614-135
2026-09-05 12:27:15,T,6086,514,5019580,3634,29.0,1021.8,56-614-135
2026-09-05 12:27:15,T,6087,242,5019653,3634,29.0,1021.8,56-614-135
2026-09-05 12:27:15,B,7221,52,5019789,7903,29.0,1021.8,56-614-135
2026-09-05 12:27:15,T,6088,170,5020016,3634,29.0,1021.8,56-614-135
2026-09-05 12:27:15,B,7222,327,5020072,7903,29.0,1021.8,56-614-135
2026-09-05 12:27:15,T,6089,152,5020414,3634,29.0,1021.8,56-614-135
2026-09-05 12:27:16,B,7223,462,5021262,7905,29.0,1021.8,56-614-135
2026-09-05 12:27:16,T,6090,540,5021262,3635,29.0,1021.8,56-614-135
2026-09-05 12:27:16,B,7224,67,5021549,7905,29.0,1021.8,56-614-135
2026-09-05 12:27:17,T,6091,392,5022405,3636,29.0,1021.8,56-614-135
2026-09-05 12:27:18,T,6092,435,5022852,3637,29.0,1021.8,56-614-135
2026-09-05 12:27:19,T,6093,341,5024322,3638,29.0,1021.8,56-614-135
2026-09-05 12:27:19,B,7225,578,5024322,7907,29.0,1021.8,56-614-135
2026-09-05 12:27:19,C,1058,459,5024322,5773,29.0,1021.8,56-614-135
2026-09-05 12:27:19,B,7226,96,5024548,7907,29.0,1021.8,56-614-135
2026-09-05 12:27:20,T,6094,459,5024631,3639,29.0,1021.8,56-614-135
2026-09-05 12:27:20,B,7227,445,5024631,7914,29.0,1021.8,56-614-135
2026-09-05 12:27:20,C,1059,452,5024631,5776,29.0,1021.8,56-614-135
2026-09-05 12:27:20,B,7228,420,5024740,7914,29.0,1021.8,56-614-135
2026-09-05 12:27:20,B,7229,143,5025028,7914,29.0,1021.8,56-614-135
2026-09-05 12:27:20,B,7230,276,5025445,7914,29.0,1021.8,56-614-135
2026-09-05 12:27:20,B,7231,170,5025491,7914,29.0,1021.8,56-614-135
2026-09-05 12:27:21,B,7232,575,5026008,7916,29.0,1021.8,56-614-135
2026-09-05 12:27:21,B,7233,76,5026276,7916,29.0,1021.8,56-614-135
2026-09-05 12:27:22,T,6095,564,5026766,3640,29.0,1021.8,56-614-135
2026-09-05 12:27:22,B,7234,130,5026911,7921,29.0,1021.8,56-614-135
2026-09-05 12:27:22,B,7235,80,5027043,7921,29.0,1021.8,56-614-135
2026-09-05 12:27:22,B,7236,89,5027118,7921,29.0,1021.8,56-614-135
2026-09-05 12:27:22,B,7237,63,5027250,7921,29.0,1021.8,56-614-135
2026-09-05 12:27:22,B,7238,420,5027446,7921,29.0,1021.8,56-614-135
2026-09-05 12:27:23,B,7239,160,5027738,7927,29.0,1021.8,56-614-135
2026-09-05 12:27:23,B,7240,799,5027848,7927,29.0,1021.8,56-614-135
2026-09-05 12:27:23,B,7241,114,5028027,7927,29.0,1021.8,56-614-135
2026-09-05 12:27:23,T,6096,64,5028214,3640,29.0,1021.8,56-614-135
2026-09-05 12:27:23,B,7242,103,5028305,7927,29.0,1021.8,56-614-135
2026-09-05 12:27:23,B,7243,364,5028370,7927,29.0,1021.8,56-614-135
2026-09-05 12:27:24,T,6097,131,5028720,3640,29.0,1021.8,56-614-135
2026-09-05 12:27:25,T,6098,89,5029749,3640,29.0,1021.8,56-614-135
2026-09-05 12:27:25,B,7244,56,5030203,7927,29.0,1021.8,56-614-135
2026-09-05 12:27:26,T,6099,66,5030860,3641,29.0,1021.8,56-614-135
2026-09-05 12:27:27,B,7245,91,5032034,7930,29.0,1021.8,56-614-135
2026-09-05 12:27:27,B,7246,127,5032450,7930,29.0,1021.8,56-614-135
2026-09-05 12:27:27,B,7247,123,5032625,7930,29.0,1021.8,56-614-135
2026-09-05 12:27:28,T,6100,55,5032818,3642,29.0,1021.8,56-614-135
2026-09-05 12:27:28,T,6101,227,5033202,3642,29.0,1021.8,56-614-135
2026-09-05 12:27:28,B,7248,92,5033500,7931,29.0,1021.8,56-614-135
2026-09-05 12:27:28,T,6102,102,5033530,3642,29.0,1021.8,56-614-135
2026-09-05 12:27:29,B,7249,75,5034120,7932,29.0,1021.8,56-614-135
2026-09-05 12:27:29,T,6103,163,5034296,3642,29.0,1021.8,56-614-135
2026-09-05 12:27:29,B,7250,76,5034452,7932,29.0,1021.8,56-614-135
2026-09-05 12:27:30,T,6104,67,5035035,3643,29.0,1021.8,56-614-135
2026-09-05 12:27:30,B,7251,521,5035311,7934,29.0,1021.8,56-614-135
2026-09-05 12:27:30,T,6105,353,5035311,3643,29.0,1021.8,56-614-135
2026-09-05 12:27:30,T,6106,56,5035525,3643,29.0,1021.8,56-614-135
2026-09-05 12:27:31,T,6107,61,5035907,3644,29.0,1021.8,56-614-135
2026-09-05 12:27:31,B,7252,398,5036094,7939,29.0,1021.8,56-614-135
2026-09-05 12:27:31,T,6108,345,5036122,3644,29.0,1021.8,56-614-135
2026-09-05 12:27:31,B,7253,364,5036274,7939,29.0,1021.8,56-614-135
2026-09-05 12:27:31,B,7254,56,5036413,7939,29.0,1021.8,56-614-135
2026-09-05 12:27:31,B,7255,305,5036671,7939,29.0,1021.8,56-614-135
2026-09-05 12:27:31,B,7256,77,5036700,7939,29.0,1021.8,56-614-135
2026-09-05 12:27:32,B,7257,97,5037038,7942,29.0,1021.9,56-614-135
2026-09-05 12:27:32,B,7258,482,5037638,7942,29.0,1021.9,56-614-135
2026-09-05 12:27:32,T,6109,54,5037697,3644,29.0,1021.9,56-614-135
2026-09-05 12:27:33,T,6110,81,5037893,3644,29.0,1021.9,56-614-135
2026-09-05 12:27:34,B,7259,55,5039042,7943,29.0,1021.9,56-614-135
2026-09-05 12:27:34,B,7260,65,5039134,7943,29.0,1021.9,56-614-135
2026-09-05 12:27:35,T,6111,258,5039864,3646,29.0,1021.9,56-614-135
2026-09-05 12:27:35,B,7261,171,5040030,7945,29.0,1021.9,56-614-135
2026-09-05 12:27:35,B,7262,317,5040071,7945,29.0,1021.9,56-614-135
2026-09-05 12:27:35,T,6112,151,5040643,3646,29.0,1021.9,56-614-135
2026-09-05 12:27:36,T,6113,399,5040835,3648,29.0,1021.9,56-614-135
2026-09-05 12:27:36,T,6114,382,5040968,3648,29.0,1021.9,56-614-135
2026-09-05 12:27:36,B,7263,444,5040968,7948,29.0,1021.9,56-614-135
2026-09-05 12:27:36,C,1060,413,5040968,5798,29.0,1021.9,56-614-135
2026-09-05 12:27:36,T,6115,104,5041052,3648,29.0,1021.9,56-614-135
2026-09-05 12:27:36,B,7264,120,5041054,7948,29.0,1021.9,56-614-135
2026-09-05 12:27:36,T,6116,298,5041111,3648,29.0,1021.9,56-614-135
2026-09-05 12:27:37,T,6117,134,5041846,3650,29.0,1021.9,56-614-135
2026-09-05 12:27:37,T,6118,360,5042412,3650,29.0,1021.9,56-614-135
2026-09-05 12:27:37,T,6119,51,5042571,3650,29.0,1021.9,56-614-135
2026-09-05 12:27:38,T,6120,284,5042852,3652,29.0,1021.9,56-614-135
2026-09-05 12:27:38,B,7265,186,5042979,7951,29.0,1021.9,56-614-135
2026-09-05 12:27:38,T,6121,492,5043554,3652,29.0,1021.9,56-614-135
2026-09-05 12:27:38,T,6122,410,5043751,3652,29.0,1021.9,56-614-135
2026-09-05 12:27:38,B,7266,407,5043751,7951,29.0,1021.9,56-614-135
2026-09-05 12:27:38,C,1061,409,5043751,5802,29.0,1021.9,56-614-135
2026-09-05 12:27:38,B,7267,184,5043804,7951,29.0,1021.9,56-614-135
2026-09-05 12:27:39,B,7268,85,5044038,7955,29.0,1021.9,56-614-135
2026-09-05 12:27:39,B,7269,476,5044183,7955,29.0,1021.9,56-614-135
2026-09-05 12:27:39,B,7270,478,5044286,7955,29.0,1021.9,56-614-135
2026-09-05 12:27:40,T,6123,360,5045082,3654,29.0,1021.9,56-614-135
2026-09-05 12:27:40,B,7271,57,5045364,7957,29.0,1021.9,56-614-135
2026-09-05 12:27:40,T,6124,454,5045579,3654,29.0,1021.9,56-614-135
2026-09-05 12:27:40,B,7272,379,5045788,7957,29.0,1021.9,56-614-135
2026-09-05 12:27:41,T,6125,51,5045925,3655,29.0,1021.9,56-614-135
2026-09-05 12:27:41,B,7273,432,5046000,7961,29.0,1021.9,56-614-135
2026-09-05 12:27:41,T,6126,332,5046036,3655,29.0,1021.9,56-614-135
2026-09-05 12:27:41,B,7274,610,5046476,7961,29.0,1021.9,56-614-135
2026-09-05 12:27:41,B,7275,177,5046588,7961,29.0,1021.9,56-614-135
2026-09-05 12:27:42,T,6127,69,5047363,3656,29.0,1021.9,56-614-135
2026-09-05 12:27:42,T,6128,163,5047389,3656,29.0,1021.9,56-614-135
2026-09-05 12:27:42,B,7276,163,5047763,7962,29.0,1021.9,56-614-135
2026-09-05 12:27:43,B,7277,53,5048012,7965,29.0,1021.9,56-614-135
2026-09-05 12:27:43,B,7278,660,5048146,7965,29.0,1021.9,56-614-135
2026-09-05 12:27:43,T,6129,118,5048485,3656,29.0,1021.9,56-614-135
2026-09-05 12:27:44,B,7279,93,5049038,7966,29.0,1021.9,56-614-135
2026-09-05 12:27:44,B,7280,81,5049590,7966,29.0,1021.9,56-614-135
2026-09-05 12:27:45,T,6130,73,5050308,3656,29.0,1021.9,56-614-135
2026-09-05 12:27:45,B,7281,759,5050425,7968,29.0,1021.9,56-614-135
2026-09-05 12:27:46,T,6131,53,5051495,3656,29.0,1021.9,56-614-135
2026-09-05 12:27:47,B,7282,490,5051946,7972,29.0,1021.8,56-614-135
2026-09-05 12:27:47,T,6132,76,5052273,3657,29.0,1021.8,56-614-135
2026-09-05 12:27:47,T,6133,460,5052397,3657,29.0,1021.8,56-614-135
2026-09-05 12:27:47,B,7283,475,5052397,7972,29.0,1021.8,56-614-135
2026-09-05 12:27:47,C,1062,468,5052397,5814,29.0,1021.8,56-614-135
2026-09-05 12:27:47,B,7284,107,5052945,7972,29.0,1021.8,56-614-135
2026-09-05 12:27:48,T,6134,232,5053399,3658,29.0,1021.8,56-614-135
2026-09-05 12:27:49,T,6135,60,5054838,3658,29.0,1021.8,56-614-135
2026-09-05 12:27:49,B,7285,82,5054902,7972,29.0,1021.8,56-614-135
2026-09-05 12:27:50,B,7286,67,5055490,7973,29.0,1021.8,56-614-135
2026-09-05 12:27:51,B,7287,242,5056040,7977,29.0,1021.8,56-614-135
2026-09-05 12:27:51,B,7288,471,5056202,7977,29.0,1021.8,56-614-135
2026-09-05 12:27:51,B,7289,258,5056321,7977,29.0,1021.8,56-614-135
2026-09-05 12:27:51,T,6136,1011,5056859,3661,29.0,1021.8,56-614-135
2026-09-05 12:27:51,T,6137,249,5056882,3661,29.0,1021.8,56-614-135
2026-09-05 12:27:51,T,6138,539,5056987,3661,29.0,1021.8,56-614-135
2026-09-05 12:27:52,T,6139,94,5057139,3661,29.0,1021.8,56-614-135
2026-09-05 12:27:52,B,7290,385,5057736,7979,29.0,1021.8,56-614-135
2026-09-05 12:27:53,T,6140,62,5058177,3662,29.0,1021.8,56-614-135
2026-09-05 12:27:53,B,7291,121,5058220,7983,29.0,1021.8,56-614-135
2026-09-05 12:27:53,B,7292,314,5058338,7983,29.0,1021.8,56-614-135
2026-09-05 12:27:53,B,7293,91,5058371,7983,29.0,1021.8,56-614-135
2026-09-05 12:27:53,B,7294,463,5058573,7983,29.0,1021.8,56-614-135
2026-09-05 12:27:53,T,6141,79,5058854,3662,29.0,1021.8,56-614-135
2026-09-05 12:27:53,T,6142,273,5058935,3662,29.0,1021.8,56-614-135
2026-09-05 12:27:54,B,7295,284,5059256,7987,29.0,1021.8,56-614-135
2026-09-05 12:27:54,B,7296,83,5059557,7987,29.0,1021.8,56-614-135
2026-09-05 12:27:54,B,7297,315,5059755,7987,29.0,1021.8,56-614-135
2026-09-05 12:27:55,T,6143,145,5060531,3664,29.0,1021.8,56-614-135
2026-09-05 12:27:55,T,6144,476,5060566,3664,29.0,1021.8,56-614-135
2026-09-05 12:27:55,B,7298,617,5060566,7989,29.0,1021.8,56-614-135
2026-09-05 12:27:55,C,1063,546,5060566,5826,29.0,1021.8,56-614-135
2026-09-05 12:27:55,T,6145,53,5060880,3664,29.0,1021.8,56-614-135
2026-09-05 12:27:55,B,7299,137,5060908,7989,29.0,1021.8,56-614-135
2026-09-05 12:27:56,B,7300,468,5061602,7991,29.0,1021.8,56-614-135
2026-09-05 12:27:56,B,7301,95,5061807,7991,29.0,1021.8,56-614-135
2026-09-05 12:27:56,T,6146,484,5061853,3665,29.0,1021.8,56-614-135
2026-09-05 12:27:56,T,6147,64,5062033,3665,29.0,1021.8,56-614-135
2026-09-05 12:27:57,B,7302,118,5062228,7994,29.0,1021.8,56-614-135
2026-09-05 12:27:57,B,7303,97,5062371,7994,29.0,1021.8,56-614-135
2026-09-05 12:27:57,T,6148,111,5062470,3665,29.0,1021.8,56-614-135
2026-09-05 12:27:58,B,7304,70,5063012,7994,29.0,1021.8,56-614-135
2026-09-05 12:27:58,T,6149,416,5063425,3666,29.0,1021.8,56-614-135
2026-09-05 12:27:59,B,7305,579,5063425,7995,29.0,1021.8,56-614-135
2026-09-05 12:27:59,C,1064,498,5063425,5831,29.0,1021.8,56-614-135
2026-09-05 12:27:59,T,6150,76,5063514,3666,29.0,1021.8,56-614-135
2026-09-05 12:28:00,B,7306,226,5064199,8000,29.0,1021.8,56-614-135
2026-09-05 12:28:00,B,7307,58,5064537,8000,29.0,1021.8,56-614-135
2026-09-05 12:28:00,T,6151,62,5064772,3666,29.0,1021.8,56-614-135
2026-09-05 12:28:00,B,7308,233,5064976,8000,29.0,1021.8,56-614-135
2026-09-05 12:28:00,B,7309,156,5065077,8000,29.0,1021.8,56-614-135
2026-09-05 12:28:01,B,7310,406,5065198,8004,29.0,1021.8,56-614-135
2026-09-05 12:28:01,B,7311,244,5065755,8004,29.0,1021.8,56-614-135
2026-09-05 12:28:01,T,6152,221,5065902,3667,29.0,1021.8,56-614-135
2026-09-05 12:28:01,B,7312,317,5065905,8004,29.0,1021.8,56-614-135
2026-09-05 12:28:01,B,7313,98,5066051,8004,29.0,1021.8,56-614-135
2026-09-05 12:28:04,B,7314,100,5068229,8007,29.0,1021.8,56-614-135
2026-09-05 12:28:04,B,7315,543,5068736,8007,29.0,1021.8,56-614-135
2026-09-05 12:28:04,T,6153,533,5069127,3668,29.0,1021.8,56-614-135
2026-09-05 12:28:05,B,7316,92,5069660,8008,29.0,1021.8,56-614-135
2026-09-05 12:28:06,T,6154,103,5070379,3668,29.0,1021.8,56-614-135
2026-09-05 12:28:07,B,7317,443,5071612,8010,29.0,1021.8,56-614-135
2026-09-05 12:28:07,B,7318,138,5071898,8010,29.0,1021.8,56-614-135
2026-09-05 12:28:08,T,6155,436,5072852,3669,29.0,1021.9,56-614-135
2026-09-05 12:28:08,B,7319,513,5072852,8012,29.0,1021.9,56-614-135
2026-09-05 12:28:08,C,1065,474,5072852,5840,29.0,1021.9,56-614-135
2026-09-05 12:28:08,T,6156,50,5073126,3669,29.0,1021.9,56-614-135
2026-09-05 12:28:09,T,6157,66,5073481,3670,29.0,1021.9,56-614-135
2026-09-05 12:28:09,T,6158,132,5073539,3670,29.0,1021.9,56-614-135
2026-09-05 12:28:09,B,7320,76,5073567,8012,29.0,1021.9,56-614-135
2026-09-05 12:28:10,T,6159,1008,5074244,3671,29.0,1021.9,56-614-135
2026-09-05 12:28:12,T,6160,189,5076827,3672,29.0,1021.9,56-614-135
2026-09-05 12:28:12,T,6161,58,5076925,3672,29.0,1021.9,56-614-135
2026-09-05 12:28:13,T,6162,150,5077273,3674,29.0,1021.9,56-614-135
2026-09-05 12:28:13,T,6163,246,5077817,3674,29.0,1021.9,56-614-135
2026-09-05 12:28:13,T,6164,395,5077914,3674,29.0,1021.9,56-614-135
2026-09-05 12:28:13,T,6165,113,5077983,3674,29.0,1021.9,56-614-135
2026-09-05 12:28:14,T,6166,167,5079160,3675,29.0,1021.9,56-614-135
2026-09-05 12:28:15,T,6167,534,5079515,3676,29.0,1021.9,56-614-135
2026-09-05 12:28:15,B,7321,554,5079906,8014,29.0,1021.9,56-614-135
2026-09-05 12:28:16,B,7322,593,5080722,8017,29.0,1021.9,56-614-135
2026-09-05 12:28:16,B,7323,396,5080894,8017,29.0,1021.9,56-614-135
2026-09-05 12:28:16,T,6168,160,5081073,3677,29.0,1021.9,56-614-135
2026-09-05 12:28:16,T,6169,137,5081239,3677,29.0,1021.9,56-614-135
2026-09-05 12:28:17,T,6170,104,5081357,3678,29.0,1021.9,56-614-135
2026-09-05 12:28:17,B,7324,57,5081614,8018,29.0,1021.9,56-614-135
2026-09-05 12:28:17,B,7325,116,5082088,8018,29.0,1021.9,56-614-135
2026-09-05 12:28:17,T,6171,225,5082218,3678,29.0,1021.9,56-614-135
2026-09-05 12:28:18,T,6172,97,5083238,3678,29.0,1021.9,56-614-135
2026-09-05 12:28:20,B,7326,414,5084759,8020,29.0,1021.9,56-614-135
2026-09-05 12:28:21,B,7327,129,5085459,8021,29.0,1021.9,56-614-135
2026-09-05 12:28:21,T,6173,280,5086215,3679,29.0,1021.9,56-614-135
2026-09-05 12:28:22,B,7328,482,5087120,8022,29.0,1021.9,56-614-135
2026-09-05 12:28:22,T,6174,232,5087275,3679,29.0,1021.9,56-614-135
2026-09-05 12:28:23,T,6175,171,5087539,3680,29.0,1021.8,56-614-135
2026-09-05 12:28:23,B,7329,64,5087829,8024,29.0,1021.8,56-614-135
2026-09-05 12:28:23,B,7330,639,5088247,8024,29.0,1021.8,56-614-135
2026-09-05 12:28:24,T,6176,551,5088443,3682,29.0,1021.8,56-614-135
2026-09-05 12:28:24,T,6177,88,5088604,3682,29.0,1021.8,56-614-135
2026-09-05 12:28:24,T,6178,53,5088947,3682,29.0,1021.8,56-614-135
2026-09-05 12:28:24,B,7331,404,5089008,8026,29.0,1021.8,56-614-135
2026-09-05 12:28:24,T,6179,370,5089008,3682,29.0,1021.8,56-614-135
2026-09-05 12:28:24,T,6180,50,5089119,3682,29.0,1021.8,56-614-135
2026-09-05 12:28:25,B,7332,120,5089479,8027,29.0,1021.8,56-614-135
2026-09-05 12:28:25,T,6181,326,5089945,3683,29.0,1021.8,56-614-135
2026-09-05 12:28:26,T,6182,103,5090577,3684,29.0,1021.8,56-614-135
2026-09-05 12:28:26,B,7333,113,5090681,8030,29.0,1021.8,56-614-135
2026-09-05 12:28:26,B,7334,158,5090875,8030,29.0,1021.8,56-614-135
2026-09-05 12:28:26,B,7335,478,5090914,8030,29.0,1021.8,56-614-135
2026-09-05 12:28:26,T,6183,318,5091216,3684,29.0,1021.8,56-614-135
2026-09-05 12:28:27,B,7336,76,5091625,8032,29.0,1021.8,56-614-135
2026-09-05 12:28:27,T,6184,308,5091677,3685,29.0,1021.8,56-614-135
2026-09-05 12:28:27,B,7337,298,5091900,8032,29.0,1021.8,56-614-135
2026-09-05 12:28:27,T,6185,57,5092242,3685,29.0,1021.8,56-614-135
2026-09-05 12:28:27,T,6186,142,5092357,3685,29.0,1021.8,56-614-135
2026-09-05 12:28:28,T,6187,323,5092586,3686,29.0,1021.9,56-614-135
2026-09-05 12:28:28,B,7338,817,5092750,8034,29.0,1021.9,56-614-135
2026-09-05 12:28:29,T,6188,167,5093684,3688,29.0,1021.9,56-614-135
2026-09-05 12:28:29,T,6189,572,5093728,3688,29.0,1021.9,56-614-135
2026-09-05 12:28:29,B,7339,467,5094109,8036,29.0,1021.9,56-614-135
2026-09-05 12:28:29,B,7340,50,5094293,8036,29.0,1021.9,56-614-135
2026-09-05 12:28:30,T,6190,737,5094874,3690,29.0,1021.9,56-614-135
2026-09-05 12:28:30,T,6191,291,5094947,3690,29.0,1021.9,56-614-135
2026-09-05 12:28:30,B,7341,213,5094947,8037,29.0,1021.9,56-614-135
2026-09-05 12:28:30,C,1066,252,5094947,5864,29.0,1021.9,56-614-135
2026-09-05 12:28:30,T,6192,246,5095257,3690,29.0,1021.9,56-614-135
2026-09-05 12:28:31,T,6193,55,5095704,3691,29.0,1021.9,56-614-135
2026-09-05 12:28:31,T,6194,165,5095995,3691,29.0,1021.9,56-614-135
2026-09-05 12:28:31,B,7342,163,5096031,8040,29.0,1021.9,56-614-135
2026-09-05 12:28:31,B,7343,452,5096220,8040,29.0,1021.9,56-614-135
2026-09-05 12:28:32,T,6195,117,5097461,3691,29.0,1021.9,56-614-135
2026-09-05 12:28:33,B,7344,94,5097505,8042,29.0,1021.8,56-614-135
2026-09-05 12:28:33,B,7345,315,5097975,8042,29.0,1021.8,56-614-135
2026-09-05 12:28:34,T,6196,337,5098588,3692,29.0,1021.8,56-614-135
2026-09-05 12:28:34,T,6197,111,5099311,3692,29.0,1021.8,56-614-135
2026-09-05 12:28:34,B,7346,506,5099430,8045,29.0,1021.8,56-614-135
2026-09-05 12:28:34,B,7347,274,5099477,8045,29.0,1021.8,56-614-135
2026-09-05 12:28:35,T,6198,126,5099644,3693,29.0,1021.8,56-614-135
2026-09-05 12:28:35,B,7348,635,5099977,8046,29.0,1021.8,56-614-135
2026-09-05 12:28:35,T,6199,313,5100001,3693,29.0,1021.8,56-614-135
2026-09-05 12:28:36,B,7349,93,5100618,8048,29.0,1021.8,56-614-135
2026-09-05 12:28:36,T,6200,229,5100679,3694,29.0,1021.8,56-614-135
2026-09-05 12:28:36,B,7350,82,5101025,8048,29.0,1021.8,56-614-135
2026-09-05 12:28:37,B,7351,129,5101878,8051,29.0,1021.8,56-614-135
2026-09-05 12:28:37,B,7352,83,5102009,8051,29.0,1021.8,56-614-135
2026-09-05 12:28:37,B,7353,50,5102063,8051,29.0,1021.8,56-614-135
2026-09-05 12:28:37,T,6201,343,5102126,3695,29.0,1021.8,56-614-135
2026-09-05 12:28:37,T,6202,163,5102216,3695,29.0,1021.8,56-614-135
2026-09-05 12:28:37,B,7354,148,5102395,8051,29.0,1021.8,56-614-135
2026-09-05 12:28:38,T,6203,94,5103232,3696,29.0,1021.9,56-614-135
2026-09-05 12:28:39,T,6204,81,5104162,3696,29.0,1021.9,56-614-135
2026-09-05 12:28:39,B,7355,319,5104417,8053,29.0,1021.9,56-614-135
2026-09-05 12:28:39,B,7356,166,5104514,8053,29.0,1021.9,56-614-135
2026-09-05 12:28:40,B,7357,84,5105021,8055,29.0,1021.9,56-614-135
2026-09-05 12:28:40,B,7358,120,5105205,8055,29.0,1021.9,56-614-135
2026-09-05 12:28:40,T,6205,196,5105384,3697,29.0,1021.9,56-614-135
2026-09-05 12:28:40,T,6206,446,5105483,3697,29.0,1021.9,56-614-135
2026-09-05 12:28:41,T,6207,359,5106563,3698,29.0,1021.9,56-614-135
2026-09-05 12:28:41,B,7359,399,5106563,8057,29.0,1021.9,56-614-135
2026-09-05 12:28:41,C,1067,379,5106563,5877,29.0,1021.9,56-614-135
2026-09-05 12:28:42,B,7360,80,5106750,8057,29.0,1021.9,56-614-135
2026-09-05 12:28:42,T,6208,447,5106831,3699,29.0,1021.9,56-614-135
2026-09-05 12:28:42,T,6209,61,5107183,3699,29.0,1021.9,56-614-135
2026-09-05 12:28:43,T,6210,324,5107636,3701,29.0,1021.9,56-614-135
2026-09-05 12:28:43,B,7361,269,5107755,8061,29.0,1021.9,56-614-135
2026-09-05 12:28:43,B,7362,73,5108159,8061,29.0,1021.9,56-614-135
2026-09-05 12:28:43,T,6211,93,5108261,3701,29.0,1021.9,56-614-135
2026-09-05 12:28:43,B,7363,251,5108445,8061,29.0,1021.9,56-614-135
2026-09-05 12:28:43,B,7364,58,5108495,8061,29.0,1021.9,56-614-135
2026-09-05 12:28:43,T,6212,88,5108499,3701,29.0,1021.9,56-614-135
2026-09-05 12:28:44,B,7365,62,5108718,8066,29.0,1021.9,56-614-135
2026-09-05 12:28:44,B,7366,396,5108803,8066,29.0,1021.9,56-614-135
2026-09-05 12:28:44,B,7367,439,5109102,8066,29.0,1021.9,56-614-135
2026-09-05 12:28:44,B,7368,506,5109122,8066,29.0,1021.9,56-614-135
2026-09-05 12:28:44,T,6213,340,5109122,3702,29.0,1021.9,56-614-135
2026-09-05 12:28:44,T,6214,56,5109202,3702,29.0,1021.9,56-614-135
2026-09-05 12:28:44,T,6215,114,5109500,3702,29.0,1021.9,56-614-135
2026-09-05 12:28:45,T,6216,715,5110394,3704,29.0,1021.9,56-614-135
2026-09-05 12:28:45,T,6217,426,5110432,3704,29.0,1021.9,56-614-135
2026-09-05 12:28:45,B,7369,404,5110432,8071,29.0,1021.9,56-614-135
2026-09-05 12:28:45,C,1068,415,5110432,5887,29.0,1021.9,56-614-135
2026-09-05 12:28:45,B,7370,250,5110594,8071,29.0,1021.9,56-614-135
2026-09-05 12:28:45,B,7371,378,5110632,8071,29.0,1021.9,56-614-135
2026-09-05 12:28:46,B,7372,109,5111326,8071,29.0,1021.9,56-614-135
2026-09-05 12:28:47,B,7373,503,5111877,8073,29.0,1021.9,56-614-135
2026-09-05 12:28:48,T,6218,146,5112723,3708,29.1,1021.9,56-614-135
2026-09-05 12:28:48,T,6219,139,5112845,3708,29.1,1021.9,56-614-135
2026-09-05 12:28:48,T,6220,224,5112935,3708,29.1,1021.9,56-614-135
2026-09-05 12:28:48,T,6221,399,5113001,3708,29.1,1021.9,56-614-135
2026-09-05 12:28:48,B,7374,284,5113001,8076,29.1,1021.9,56-614-135
2026-09-05 12:28:48,C,1069,342,5113001,5892,29.1,1021.9,56-614-135
2026-09-05 12:28:48,T,6222,417,5113068,3708,29.1,1021.9,56-614-135
2026-09-05 12:28:48,B,7375,591,5113068,8076,29.1,1021.9,56-614-135
2026-09-05 12:28:48,C,1070,504,5113068,5892,29.1,1021.9,56-614-135
2026-09-05 12:28:48,T,6223,132,5113259,3708,29.1,1021.9,56-614-135
2026-09-05 12:28:48,T,6224,60,5113385,3708,29.1,1021.9,56-614-135
2026-09-05 12:28:50,T,6225,382,5114824,3709,29.1,1021.9,56-614-135
2026-09-05 12:28:50,B,7376,454,5114824,8079,29.1,1021.9,56-614-135
2026-09-05 12:28:50,C,1071,418,5114824,5894,29.1,1021.9,56-614-135
2026-09-05 12:28:50,B,7377,453,5114983,8079,29.1,1021.9,56-614-135
2026-09-05 12:28:50,B,7378,50,5115542,8079,29.1,1021.9,56-614-135
2026-09-05 12:28:50,T,6226,112,5115672,3709,29.1,1021.9,56-614-135
2026-09-05 12:28:51,B,7379,104,5116421,8080,29.1,1021.9,56-614-135
2026-09-05 12:28:53,T,6227,114,5117934,3710,29.1,1021.9,56-614-135
2026-09-05 12:28:53,B,7380,413,5118084,8084,29.1,1021.9,56-614-135
2026-09-05 12:28:53,B,7381,89,5118123,8084,29.1,1021.9,56-614-135
2026-09-05 12:28:53,B,7382,154,5118210,8084,29.1,1021.9,56-614-135
2026-09-05 12:28:53,T,6228,60,5118294,3710,29.1,1021.9,56-614-135
2026-09-05 12:28:53,B,7383,58,5118322,8084,29.1,1021.9,56-614-135
2026-09-05 12:28:53,T,6229,115,5118405,3710,29.1,1021.9,56-614-135
2026-09-05 12:28:54,B,7384,326,5118876,8086,29.1,1021.9,56-614-135
2026-09-05 12:28:54,T,6230,65,5119415,3710,29.1,1021.9,56-614-135
2026-09-05 12:28:54,B,7385,84,5119445,8086,29.1,1021.9,56-614-135
2026-09-05 12:28:54,T,6231,129,5119660,3710,29.1,1021.9,56-614-135
2026-09-05 12:28:56,B,7386,56,5121247,8087,29.1,1021.9,56-614-135
2026-09-05 12:28:56,T,6232,376,5121376,3711,29.1,1021.9,56-614-135
2026-09-05 12:28:57,T,6233,131,5121790,3712,29.1,1021.9,56-614-135
2026-09-05 12:28:57,T,6234,396,5121960,3712,29.1,1021.9,56-614-135
2026-09-05 12:28:57,B,7387,91,5122142,8088,29.1,1021.9,56-614-135
2026-09-05 12:28:59,T,6235,634,5123873,3714,29.1,1021.9,56-614-135
2026-09-05 12:28:59,B,7388,253,5124303,8090,29.1,1021.9,56-614-135
2026-09-05 12:28:59,B,7389,477,5124518,8090,29.1,1021.9,56-614-135
2026-09-05 12:28:59,T,6236,188,5124681,3714,29.1,1021.9,56-614-135
2026-09-05 12:29:00,T,6237,721,5124825,3715,29.1,1021.9,56-614-135
2026-09-05 12:29:01,B,7390,144,5125854,8095,29.1,1021.9,56-614-135
2026-09-05 12:29:01,B,7391,119,5126065,8095,29.1,1021.9,56-614-135
2026-09-05 12:29:01,B,7392,330,5126500,8095,29.1,1021.9,56-614-135
2026-09-05 12:29:01,B,7393,125,5126827,8095,29.1,1021.9,56-614-135
2026-09-05 12:29:02,B,7394,73,5127719,8095,29.1,1021.9,56-614-135
2026-09-05 12:29:03,T,6238,332,5128412,3716,29.1,1021.9,56-614-135
2026-09-05 12:29:03,B,7395,153,5128412,8096,29.1,1021.9,56-614-135
2026-09-05 12:29:03,C,1072,243,5128412,5906,29.1,1021.9,56-614-135
2026-09-05 12:29:05,B,7396,72,5130108,8098,29.1,1021.9,56-614-135
2026-09-05 12:29:05,T,6239,97,5130407,3717,29.1,1021.9,56-614-135
2026-09-05 12:29:05,T,6240,224,5130467,3717,29.1,1021.9,56-614-135
2026-09-05 12:29:05,B,7397,92,5130803,8098,29.1,1021.9,56-614-135
2026-09-05 12:29:06,B,7398,240,5131384,8101,29.1,1021.9,56-614-135
2026-09-05 12:29:06,B,7399,512,5131660,8101,29.1,1021.9,56-614-135
2026-09-05 12:29:06,B,7400,126,5131843,8101,29.1,1021.9,56-614-135
2026-09-05 12:29:07,T,6241,59,5132681,3717,29.1,1021.9,56-614-135
2026-09-05 12:29:08,T,6242,767,5133376,3719,29.1,1021.9,56-614-135
2026-09-05 12:29:08,B,7401,326,5133767,8103,29.1,1021.9,56-614-135
2026-09-05 12:29:08,T,6243,110,5133805,3719,29.1,1021.9,56-614-135
2026-09-05 12:29:09,T,6244,161,5134169,3719,29.1,1021.9,56-614-135
2026-09-05 12:29:09,T,6245,52,5134562,3719,29.1,1021.9,56-614-135
2026-09-05 12:29:09,B,7402,74,5134572,8104,29.1,1021.9,56-614-135
2026-09-05 12:29:10,T,6246,52,5134988,3720,29.1,1021.9,56-614-135
2026-09-05 12:29:10,T,6247,501,5135664,3720,29.1,1021.9,56-614-135
2026-09-05 12:29:10,B,7403,427,5135920,8105,29.1,1021.9,56-614-135
2026-09-05 12:29:11,B,7404,65,5136839,8106,29.1,1021.9,56-614-135
2026-09-05 12:29:12,B,7405,362,5137461,8107,29.1,1021.9,56-614-135
2026-09-05 12:29:13,B,7406,136,5137988,8115,29.1,1021.9,56-614-135
2026-09-05 12:29:13,B,7407,88,5138104,8115,29.1,1021.9,56-614-135
2026-09-05 12:29:13,B,7408,831,5138185,8115,29.1,1021.9,56-614-135
2026-09-05 12:29:13,B,7409,58,5138270,8115,29.1,1021.9,56-614-135
2026-09-05 12:29:13,T,6248,540,5138527,3721,29.1,1021.9,56-614-135
2026-09-05 12:29:13,B,7410,504,5138527,8115,29.1,1021.9,56-614-135
2026-09-05 12:29:13,C,1073,522,5138527,5918,29.1,1021.9,56-614-135
2026-09-05 12:29:13,B,7411,86,5138574,8115,29.1,1021.9,56-614-135
2026-09-05 12:29:13,B,7412,117,5138892,8115,29.1,1021.9,56-614-135
2026-09-05 12:29:14,T,6249,522,5139189,3723,29.1,1021.9,56-614-135
2026-09-05 12:29:14,B,7413,145,5139340,8116,29.1,1021.9,56-614-135
2026-09-05 12:29:14,T,6250,166,5139619,3723,29.1,1021.9,56-614-135
2026-09-05 12:29:14,T,6251,100,5139713,3723,29.1,1021.9,56-614-135
2026-09-05 12:29:15,B,7414,122,5140280,8117,29.1,1021.9,56-614-135
2026-09-05 12:29:15,T,6252,122,5140413,3723,29.1,1021.9,56-614-135
2026-09-05 12:29:16,B,7415,365,5141137,8120,29.1,1021.9,56-614-135
2026-09-05 12:29:16,T,6253,421,5141312,3725,29.1,1021.9,56-614-135
2026-09-05 12:29:16,T,6254,63,5141373,3725,29.1,1021.9,56-614-135
2026-09-05 12:29:16,T,6255,564,5141462,3725,29.1,1021.9,56-614-135
2026-09-05 12:29:16,B,7416,107,5141462,8120,29.1,1021.9,56-614-135
2026-09-05 12:29:16,C,1074,335,5141462,5923,29.1,1021.9,56-614-135
2026-09-05 12:29:16,B,7417,117,5141736,8120,29.1,1021.9,56-614-135
2026-09-05 12:29:17,T,6256,121,5142614,3726,29.1,1021.9,56-614-135
2026-09-05 12:29:17,T,6257,95,5142738,3726,29.1,1021.9,56-614-135
2026-09-05 12:29:18,B,7418,50,5143084,8122,29.1,1021.9,56-614-135
2026-09-05 12:29:18,B,7419,225,5143266,8122,29.1,1021.9,56-614-135
2026-09-05 12:29:18,T,6258,453,5143351,3727,29.1,1021.9,56-614-135
2026-09-05 12:29:18,B,7420,144,5143841,8122,29.1,1021.9,56-614-135
2026-09-05 12:29:18,T,6259,107,5143928,3727,29.1,1021.9,56-614-135
2026-09-05 12:29:19,B,7421,261,5144513,8124,29.1,1021.9,56-614-135
2026-09-05 12:29:19,T,6260,500,5144513,3728,29.1,1021.9,56-614-135
2026-09-05 12:29:20,B,7422,442,5145442,8125,29.1,1021.9,56-614-135
2026-09-05 12:29:20,T,6261,90,5145532,3729,29.1,1021.9,56-614-135
2026-09-05 12:29:20,T,6262,121,5145565,3729,29.1,1021.9,56-614-135
2026-09-05 12:29:21,T,6263,557,5146141,3730,29.1,1021.9,56-614-135
2026-09-05 12:29:21,T,6264,90,5146425,3730,29.1,1021.9,56-614-135
2026-09-05 12:29:21,B,7423,71,5146882,8126,29.1,1021.9,56-614-135
2026-09-05 12:29:23,B,7424,153,5148892,8127,29.1,1021.9,56-614-135
2026-09-05 12:29:25,B,7425,316,5149240,8133,29.1,1021.9,56-614-135
2026-09-05 12:29:25,B,7426,116,5149267,8133,29.1,1021.9,56-614-135
2026-09-05 12:29:25,B,7427,108,5149309,8133,29.1,1021.9,56-614-135
2026-09-05 12:29:25,B,7428,139,5149729,8133,29.1,1021.9,56-614-135
2026-09-05 12:29:25,T,6265,292,5149953,3731,29.1,1021.9,56-614-135
2026-09-05 12:29:25,B,7429,415,5149953,8133,29.1,1021.9,56-614-135
2026-09-05 12:29:25,C,1075,353,5149953,5932,29.1,1021.9,56-614-135
2026-09-05 12:29:26,T,6266,260,5150421,3733,29.1,1021.9,56-614-135
2026-09-05 12:29:26,B,7430,496,5150526,8139,29.1,1021.9,56-614-135
2026-09-05 12:29:26,B,7431,473,5150561,8139,29.1,1021.9,56-614-135
2026-09-05 12:29:26,T,6267,407,5150561,3733,29.1,1021.9,56-614-135
2026-09-05 12:29:26,B,7432,75,5150777,8139,29.1,1021.9,56-614-135
2026-09-05 12:29:26,B,7433,526,5150953,8139,29.1,1021.9,56-614-135
2026-09-05 12:29:26,B,7434,356,5151058,8139,29.1,1021.9,56-614-135
2026-09-05 12:29:27,T,6268,156,5151762,3733,29.1,1021.9,56-614-135
2026-09-05 12:29:27,B,7435,198,5152127,8140,29.1,1021.9,56-614-135
2026-09-05 12:29:28,B,7436,298,5152485,8143,29.1,1021.9,56-614-135
2026-09-05 12:29:28,B,7437,163,5152502,8143,29.1,1021.9,56-614-135
2026-09-05 12:29:29,B,7438,245,5153209,8146,29.1,1021.9,56-614-135
2026-09-05 12:29:29,B,7439,480,5153499,8146,29.1,1021.9,56-614-135
2026-09-05 12:29:29,T,6269,450,5153499,3734,29.1,1021.9,56-614-135
2026-09-05 12:29:30,B,7440,856,5154534,8147,29.1,1021.9,56-614-135
2026-09-05 12:29:31,T,6270,112,5155236,3735,29.1,1021.9,56-614-135
2026-09-05 12:29:31,T,6271,114,5155238,3735,29.1,1021.9,56-614-135
2026-09-05 12:29:31,T,6272,66,5155582,3735,29.1,1021.9,56-614-135
2026-09-05 12:29:31,B,7441,53,5155917,8148,29.1,1021.9,56-614-135
2026-09-05 12:29:32,B,7442,50,5156432,8149,29.1,1021.9,56-614-135
2026-09-05 12:29:32,B,7443,135,5156744,8149,29.1,1021.9,56-614-135
2026-09-05 12:29:32,T,6273,60,5156812,3735,29.1,1021.9,56-614-135
2026-09-05 12:29:33,T,6274,398,5157215,3737,29.1,1021.9,56-614-135
2026-09-05 12:29:33,B,7444,302,5157215,8151,29.1,1021.9,56-614-135
2026-09-05 12:29:33,C,1076,350,5157215,5944,29.1,1021.9,56-614-135
2026-09-05 12:29:33,T,6275,343,5158133,3737,29.1,1021.9,56-614-135
2026-09-05 12:29:34,T,6276,278,5158356,3738,29.1,1021.9,56-614-135
2026-09-05 12:29:34,B,7445,442,5158356,8155,29.1,1021.9,56-614-135
2026-09-05 12:29:34,C,1077,360,5158356,5947,29.1,1021.9,56-614-135
2026-09-05 12:29:34,B,7446,216,5158736,8155,29.1,1021.9,56-614-135
2026-09-05 12:29:34,T,6277,195,5159067,3738,29.1,1021.9,56-614-135
2026-09-05 12:29:34,B,7447,622,5159084,8155,29.1,1021.9,56-614-135
2026-09-05 12:29:35,T,6278,92,5160198,3738,29.1,1021.9,56-614-135
2026-09-05 12:29:35,T,6279,53,5160207,3738,29.1,1021.9,56-614-135
2026-09-05 12:29:36,B,7448,69,5160685,8156,29.1,1021.9,56-614-135
2026-09-05 12:29:36,T,6280,51,5161010,3738,29.1,1021.9,56-614-135
2026-09-05 12:29:37,T,6281,367,5161270,3741,29.1,1021.9,56-614-135
2026-09-05 12:29:37,B,7449,324,5161338,8159,29.1,1021.9,56-614-135
2026-09-05 12:29:37,T,6282,83,5161436,3741,29.1,1021.9,56-614-135
2026-09-05 12:29:37,T,6283,453,5161885,3741,29.1,1021.9,56-614-135
2026-09-05 12:29:37,B,7450,387,5161885,8159,29.1,1021.9,56-614-135
2026-09-05 12:29:37,C,1078,420,5161885,5950,29.1,1021.9,56-614-135
2026-09-05 12:29:37,T,6284,187,5161994,3741,29.1,1021.9,56-614-135
2026-09-05 12:29:38,B,7451,245,5162503,8160,29.1,1021.9,56-614-135
2026-09-05 12:29:38,T,6285,617,5163028,3742,29.1,1021.9,56-614-135
2026-09-05 12:29:39,B,7452,66,5163532,8161,29.1,1021.9,56-614-135
2026-09-05 12:29:39,T,6286,144,5163925,3742,29.1,1021.9,56-614-135
2026-09-05 12:29:40,B,7453,61,5165024,8161,29.1,1021.9,56-614-135
2026-09-05 12:29:41,B,7454,194,5165700,8163,29.1,1021.9,56-614-135
2026-09-05 12:29:41,B,7455,112,5166085,8163,29.1,1021.9,56-614-135
2026-09-05 12:29:41,T,6287,383,5166295,3743,29.1,1021.9,56-614-135
2026-09-05 12:29:43,B,7456,155,5167509,8166,29.1,1021.9,56-614-135
2026-09-05 12:29:43,T,6288,130,5167735,3744,29.1,1021.9,56-614-135
2026-09-05 12:29:43,B,7457,365,5167849,8166,29.1,1021.9,56-614-135
2026-09-05 12:29:43,B,7458,52,5168045,8166,29.1,1021.9,56-614-135
2026-09-05 12:29:44,T,6289,430,5168512,3745,29.2,1021.9,56-614-135
2026-09-05 12:29:44,B,7459,449,5168584,8171,29.2,1021.9,56-614-135
2026-09-05 12:29:44,B,7460,126,5168615,8171,29.2,1021.9,56-614-135
2026-09-05 12:29:44,B,7461,553,5168648,8171,29.2,1021.9,56-614-135
2026-09-05 12:29:45,T,6290,204,5169656,3747,29.2,1021.9,56-614-135
2026-09-05 12:29:45,T,6291,280,5169796,3747,29.2,1021.9,56-614-135
2026-09-05 12:29:45,B,7462,427,5169796,8172,29.2,1021.9,56-614-135
2026-09-05 12:29:45,C,1079,353,5169796,5959,29.2,1021.9,56-614-135
2026-09-05 12:29:45,T,6292,500,5170284,3747,29.2,1021.9,56-614-135
2026-09-05 12:29:47,T,6293,55,5171392,3747,29.2,1021.9,56-614-135
2026-09-05 12:29:47,B,7463,285,5172148,8173,29.2,1021.9,56-614-135
2026-09-05 12:29:48,T,6294,96,5172831,3747,29.2,1021.9,56-614-135
2026-09-05 12:29:48,B,7464,478,5172831,8175,29.2,1021.9,56-614-135
2026-09-05 12:29:48,C,1080,287,5172831,5961,29.2,1021.9,56-614-135
2026-09-05 12:29:49,T,6295,139,5173813,3748,29.2,1021.9,56-614-135
2026-09-05 12:29:49,B,7465,53,5173831,8176,29.2,1021.9,56-614-135
2026-09-05 12:29:49,B,7466,129,5173915,8176,29.2,1021.9,56-614-135
2026-09-05 12:29:50,T,6296,74,5174414,3748,29.2,1021.9,56-614-135
2026-09-05 12:29:50,B,7467,129,5175201,8177,29.2,1021.9,56-614-135
2026-09-05 12:29:51,T,6297,246,5175904,3749,29.2,1021.9,56-614-135
2026-09-05 12:29:51,B,7468,518,5175904,8179,29.2,1021.9,56-614-135
2026-09-05 12:29:51,C,1081,382,5175904,5964,29.2,1021.9,56-614-135
2026-09-05 12:29:52,T,6298,116,5176747,3749,29.2,1021.9,56-614-135
2026-09-05 12:29:52,B,7469,134,5177363,8180,29.2,1021.9,56-614-135
2026-09-05 12:29:52,T,6299,95,5177384,3749,29.2,1021.9,56-614-135
2026-09-05 12:29:53,B,7470,230,5177462,8184,29.2,1021.9,56-614-135
2026-09-05 12:29:53,T,6300,219,5177536,3750,29.2,1021.9,56-614-135
2026-09-05 12:29:53,T,6301,73,5177702,3750,29.2,1021.9,56-614-135
2026-09-05 12:29:53,B,7471,382,5177994,8184,29.2,1021.9,56-614-135
2026-09-05 12:29:53,B,7472,163,5178033,8184,29.2,1021.9,56-614-135
2026-09-05 12:29:53,T,6302,83,5178176,3750,29.2,1021.9,56-614-135
2026-09-05 12:29:54,T,6303,339,5178451,3752,29.2,1021.8,56-614-135
2026-09-05 12:29:54,B,7473,241,5178657,8188,29.2,1021.8,56-614-135
2026-09-05 12:29:54,B,7474,357,5178707,8188,29.2,1021.8,56-614-135
2026-09-05 12:29:54,B,7475,433,5178724,8188,29.2,1021.8,56-614-135
2026-09-05 12:29:54,T,6304,101,5178850,3752,29.2,1021.8,56-614-135
2026-09-05 12:29:54,B,7476,94,5179371,8188,29.2,1021.8,56-614-135
2026-09-05 12:29:55,B,7477,82,5179732,8190,29.2,1021.8,56-614-135
2026-09-05 12:29:55,B,7478,225,5179933,8190,29.2,1021.8,56-614-135
2026-09-05 12:29:55,T,6305,194,5180362,3752,29.2,1021.8,56-614-135
2026-09-05 12:29:56,B,7479,58,5181319,8192,29.2,1021.8,56-614-135
2026-09-05 12:29:56,B,7480,121,5181360,8192,29.2,1021.8,56-614-135
2026-09-05 12:29:58,T,6306,59,5182854,3753,29.2,1021.8,56-614-135
2026-09-05 12:29:58,T,6307,88,5183286,3753,29.2,1021.8,56-614-135
2026-09-05 12:29:58,T,6308,93,5183307,3753,29.2,1021.8,56-614-135
2026-09-05 12:29:59,B,7481,139,5184160,8193,29.2,1021.8,56-614-135
2026-09-05 12:30:00,B,7482,104,5184654,8195,29.2,1021.8,56-614-135
2026-09-05 12:30:00,T,6309,643,5184739,3755,29.2,1021.8,56-614-135
2026-09-05 12:30:00,T,6310,300,5184790,3755,29.2,1021.8,56-614-135
2026-09-05 12:30:00,B,7483,93,5185191,8195,29.2,1021.8,56-614-135
2026-09-05 12:30:01,T,6311,439,5186218,3755,29.2,1021.8,56-614-135
2026-09-05 12:30:02,T,6312,77,5186582,3758,29.2,1021.8,56-614-135
2026-09-05 12:30:02,B,7484,128,5187005,8196,29.2,1021.8,56-614-135
2026-09-05 12:30:02,T,6313,377,5187059,3758,29.2,1021.8,56-614-135
2026-09-05 12:30:02,T,6314,89,5187075,3758,29.2,1021.8,56-614-135
2026-09-05 12:30:02,T,6315,498,5187118,3758,29.2,1021.8,56-614-135
2026-09-05 12:30:02,T,6316,156,5187133,3758,29.2,1021.8,56-614-135
2026-09-05 12:30:03,B,7485,119,5187895,8197,29.2,1021.8,56-614-135
2026-09-05 12:30:03,T,6317,227,5188236,3759,29.2,1021.8,56-614-135
2026-09-05 12:30:04,T,6318,167,5189201,3759,29.2,1021.9,56-614-135
2026-09-05 12:30:04,B,7486,60,5189310,8197,29.2,1021.9,56-614-135
2026-09-05 12:30:05,B,7487,128,5189860,8198,29.2,1021.9,56-614-135
2026-09-05 12:30:05,T,6319,284,5190067,3761,29.2,1021.9,56-614-135
2026-09-05 12:30:05,T,6320,55,5190408,3761,29.2,1021.9,56-614-135
2026-09-05 12:30:05,T,6321,434,5190425,3761,29.2,1021.9,56-614-135
2026-09-05 12:30:07,B,7488,76,5191826,8199,29.2,1021.9,56-614-135
2026-09-05 12:30:07,T,6322,246,5192285,3762,29.2,1021.9,56-614-135
2026-09-05 12:30:08,B,7489,118,5192769,8202,29.2,1021.9,56-614-135
2026-09-05 12:30:08,B,7490,118,5192783,8202,29.2,1021.9,56-614-135
2026-09-05 12:30:08,T,6323,67,5193110,3762,29.2,1021.9,56-614-135
2026-09-05 12:30:08,B,7491,106,5193478,8202,29.2,1021.9,56-614-135
2026-09-05 12:30:09,T,6324,72,5194189,3762,29.2,1021.8,56-614-135
2026-09-05 12:30:09,B,7492,109,5194471,8203,29.2,1021.8,56-614-135
2026-09-05 12:30:10,T,6325,181,5194673,3763,29.2,1021.8,56-614-135
2026-09-05 12:30:10,B,7493,492,5194673,8204,29.2,1021.8,56-614-135
2026-09-05 12:30:10,C,1082,336,5194673,5983,29.2,1021.8,56-614-135
2026-09-05 12:30:12,B,7494,50,5197355,8205,29.2,1021.8,56-614-135
2026-09-05 12:30:13,B,7495,141,5197863,8207,29.2,1021.8,56-614-135
2026-09-05 12:30:13,B,7496,90,5197910,8207,29.2,1021.8,56-614-135
2026-09-05 12:30:14,T,6326,467,5198729,3764,29.2,1021.8,56-614-135
2026-09-05 12:30:14,B,7497,337,5198986,8208,29.2,1021.8,56-614-135
2026-09-05 12:30:15,T,6327,533,5199720,3765,29.2,1021.8,56-614-135
2026-09-05 12:30:15,B,7498,146,5199720,8210,29.2,1021.8,56-614-135
2026-09-05 12:30:15,C,1083,339,5199720,5987,29.2,1021.8,56-614-135
2026-09-05 12:30:15,B,7499,80,5199824,8210,29.2,1021.8,56-614-135
2026-09-05 12:30:16,B,7500,137,5200962,8211,29.2,1021.8,56-614-135
2026-09-05 12:30:16,B,7501,67,5201634,8211,29.2,1021.8,56-614-135
2026-09-05 12:30:17,B,7502,105,5201742,8212,29.2,1021.8,56-614-135
2026-09-05 12:30:17,T,6328,132,5201748,3766,29.2,1021.8,56-614-135
2026-09-05 12:30:17,T,6329,271,5201998,3766,29.2,1021.8,56-614-135
2026-09-05 12:30:17,T,6330,91,5202295,3766,29.2,1021.8,56-614-135
2026-09-05 12:30:17,T,6331,59,5202642,3766,29.2,1021.8,56-614-135
2026-09-05 12:30:18,B,7503,203,5202855,8214,29.2,1021.8,56-614-135
2026-09-05 12:30:18,B,7504,63,5203419,8214,29.2,1021.8,56-614-135
2026-09-05 12:30:19,T,6332,72,5204350,3766,29.2,1021.8,56-614-135
2026-09-05 12:30:19,B,7505,86,5204420,8216,29.2,1021.8,56-614-135
2026-09-05 12:30:19,B,7506,399,5204663,8216,29.2,1021.8,56-614-135
2026-09-05 12:30:20,T,6333,57,5205328,3767,29.2,1021.8,56-614-135
2026-09-05 12:30:20,T,6334,374,5205667,3767,29.2,1021.8,56-614-135
2026-09-05 12:30:20,B,7507,386,5205667,8218,29.2,1021.8,56-614-135
2026-09-05 12:30:20,C,1084,380,5205667,5993,29.2,1021.8,56-614-135
2026-09-05 12:30:21,B,7508,599,5205776,8220,29.2,1021.8,56-614-135
2026-09-05 12:30:21,T,6335,152,5206428,3768,29.2,1021.8,56-614-135
2026-09-05 12:30:21,B,7509,51,5206532,8220,29.2,1021.8,56-614-135
2026-09-05 12:30:22,B,7510,252,5207758,8221,29.2,1021.8,56-614-135
2026-09-05 12:30:23,T,6336,126,5207928,3768,29.2,1021.8,56-614-135
2026-09-05 12:30:23,B,7511,190,5208386,8224,29.2,1021.8,56-614-135
2026-09-05 12:30:23,T,6337,82,5208401,3768,29.2,1021.8,56-614-135
2026-09-05 12:30:23,B,7512,67,5208529,8224,29.2,1021.8,56-614-135
2026-09-05 12:30:23,B,7513,114,5208640,8224,29.2,1021.8,56-614-135
2026-09-05 12:30:24,B,7514,75,5209217,8225,29.2,1021.8,56-614-135
2026-09-05 12:30:25,B,7515,137,5209853,8226,29.2,1021.8,56-614-135
2026-09-05 12:30:25,T,6338,86,5210056,3769,29.2,1021.8,56-614-135
2026-09-05 12:30:26,T,6339,682,5210998,3770,29.2,1021.8,56-614-135
2026-09-05 12:30:26,T,6340,89,5211343,3770,29.2,1021.8,56-614-135
2026-09-05 12:30:26,T,6341,61,5211421,3770,29.2,1021.8,56-614-135
2026-09-05 12:30:26,T,6342,81,5211521,3770,29.2,1021.8,56-614-135
2026-09-05 12:30:26,B,7516,91,5211689,8227,29.2,1021.8,56-614-135
2026-09-05 12:30:27,B,7517,79,5211849,8228,29.2,1021.8,56-614-135
2026-09-05 12:30:27,B,7518,73,5212640,8228,29.2,1021.8,56-614-135
2026-09-05 12:30:27,T,6343,238,5212700,3771,29.2,1021.8,56-614-135
2026-09-05 12:30:28,T,6344,519,5213222,3773,29.2,1021.8,56-614-135
2026-09-05 12:30:28,B,7519,447,5213222,8233,29.2,1021.8,56-614-135
2026-09-05 12:30:28,C,1085,483,5213222,6003,29.2,1021.8,56-614-135
2026-09-05 12:30:28,T,6345,592,5213397,3773,29.2,1021.8,56-614-135
2026-09-05 12:30:28,B,7520,689,5213397,8233,29.2,1021.8,56-614-135
2026-09-05 12:30:28,C,1086,640,5213397,6003,29.2,1021.8,56-614-135
2026-09-05 12:30:28,B,7521,596,5213786,8233,29.2,1021.8,56-614-135
2026-09-05 12:30:29,B,7522,262,5214241,8234,29.2,1021.8,56-614-135
2026-09-05 12:30:29,T,6346,312,5214479,3774,29.2,1021.8,56-614-135
2026-09-05 12:30:30,B,7523,105,5215136,8236,29.2,1021.8,56-614-135
2026-09-05 12:30:30,T,6347,524,5215179,3775,29.2,1021.8,56-614-135
2026-09-05 12:30:30,B,7524,160,5215288,8236,29.2,1021.8,56-614-135
2026-09-05 12:30:31,T,6348,906,5216068,3776,29.2,1021.8,56-614-135
2026-09-05 12:30:31,B,7525,667,5216068,8238,29.2,1021.8,56-614-135
2026-09-05 12:30:31,C,1087,787,5216068,6007,29.2,1021.8,56-614-135
2026-09-05 12:30:32,T,6349,420,5217468,3777,29.2,1021.8,56-614-135
2026-09-05 12:30:32,B,7526,438,5217468,8240,29.2,1021.8,56-614-135
2026-09-05 12:30:32,C,1088,429,5217468,6008,29.2,1021.8,56-614-135
2026-09-05 12:30:33,B,7527,494,5218615,8241,29.2,1021.8,56-614-135
2026-09-05 12:30:33,T,6350,160,5218647,3777,29.2,1021.8,56-614-135
2026-09-05 12:30:34,T,6351,551,5218993,3778,29.3,1021.8,56-614-135
2026-09-05 12:30:34,B,7528,68,5219532,8242,29.3,1021.8,56-614-135
2026-09-05 12:30:34,T,6352,66,5219669,3778,29.3,1021.8,56-614-135
2026-09-05 12:30:35,B,7529,420,5220211,8243,29.3,1021.8,56-614-135
2026-09-05 12:30:35,T,6353,125,5220346,3779,29.3,1021.8,56-614-135
2026-09-05 12:30:37,T,6354,152,5222021,3779,29.3,1021.8,56-614-135
2026-09-05 12:30:37,B,7530,120,5222223,8246,29.3,1021.8,56-614-135
2026-09-05 12:30:37,B,7531,80,5222443,8246,29.3,1021.8,56-614-135
2026-09-05 12:30:37,B,7532,58,5222445,8246,29.3,1021.8,56-614-135
2026-09-05 12:30:38,T,6355,420,5223039,3783,29.3,1021.8,56-614-135
2026-09-05 12:30:38,T,6356,155,5223358,3783,29.3,1021.8,56-614-135
2026-09-05 12:30:38,B,7533,54,5223523,8249,29.3,1021.8,56-614-135
2026-09-05 12:30:38,T,6357,504,5223771,3783,29.3,1021.8,56-614-135
2026-09-05 12:30:38,B,7534,551,5223771,8249,29.3,1021.8,56-614-135
2026-09-05 12:30:38,C,1089,527,5223771,6016,29.3,1021.8,56-614-135
2026-09-05 12:30:38,T,6358,374,5223815,3783,29.3,1021.8,56-614-135
2026-09-05 12:30:38,B,7535,458,5223815,8249,29.3,1021.8,56-614-135
2026-09-05 12:30:38,C,1090,416,5223815,6016,29.3,1021.8,56-614-135
2026-09-05 12:30:39,B,7536,362,5224424,8255,29.3,1021.8,56-614-135
2026-09-05 12:30:39,B,7537,220,5224733,8255,29.3,1021.8,56-614-135
2026-09-05 12:30:39,B,7538,150,5224933,8255,29.3,1021.8,56-614-135
2026-09-05 12:30:39,B,7539,494,5224951,8255,29.3,1021.8,56-614-135
2026-09-05 12:30:40,T,6359,285,5225182,3784,29.3,1021.8,56-614-135
2026-09-05 12:30:40,T,6360,117,5225283,3784,29.3,1021.8,56-614-135
2026-09-05 12:30:40,T,6361,221,5225718,3784,29.3,1021.8,56-614-135
2026-09-05 12:30:40,B,7540,115,5225764,8257,29.3,1021.8,56-614-135
2026-09-05 12:30:40,B,7541,488,5225854,8257,29.3,1021.8,56-614-135
2026-09-05 12:30:41,B,7542,811,5226056,8260,29.3,1021.8,56-614-135
2026-09-05 12:30:41,T,6362,69,5226543,3784,29.3,1021.8,56-614-135
2026-09-05 12:30:41,B,7543,135,5226958,8260,29.3,1021.8,56-614-135
2026-09-05 12:30:42,T,6363,492,5227217,3786,29.3,1021.8,56-614-135
2026-09-05 12:30:42,B,7544,530,5227217,8264,29.3,1021.8,56-614-135
2026-09-05 12:30:42,C,1091,511,5227217,6025,29.3,1021.8,56-614-135
2026-09-05 12:30:42,B,7545,52,5227428,8264,29.3,1021.8,56-614-135
2026-09-05 12:30:42,T,6364,79,5227741,3786,29.3,1021.8,56-614-135
2026-09-05 12:30:42,B,7546,64,5227954,8264,29.3,1021.8,56-614-135
2026-09-05 12:30:42,T,6365,294,5227995,3786,29.3,1021.8,56-614-135
2026-09-05 12:30:42,B,7547,390,5227995,8264,29.3,1021.8,56-614-135
2026-09-05 12:30:42,C,1092,342,5227995,6025,29.3,1021.8,56-614-135
2026-09-05 12:30:44,B,7548,101,5229158,8267,29.3,1021.8,56-614-135
2026-09-05 12:30:44,B,7549,107,5229173,8267,29.3,1021.8,56-614-135
2026-09-05 12:30:44,B,7550,381,5229722,8267,29.3,1021.8,56-614-135
2026-09-05 12:30:45,T,6366,145,5230284,3787,29.3,1021.8,56-614-135
2026-09-05 12:30:45,T,6367,60,5230338,3787,29.3,1021.8,56-614-135
2026-09-05 12:30:45,T,6368,144,5230422,3787,29.3,1021.8,56-614-135
2026-09-05 12:30:46,B,7551,62,5231617,8268,29.3,1021.8,56-614-135
2026-09-05 12:30:46,T,6369,574,5231968,3788,29.3,1021.8,56-614-135
2026-09-05 12:30:47,T,6370,217,5232586,3789,29.3,1021.8,56-614-135
2026-09-05 12:30:49,T,6371,72,5233363,3789,29.3,1021.8,56-614-135
2026-09-05 12:30:50,T,6372,238,5234470,3790,29.3,1021.9,56-614-135
2026-09-05 12:30:50,T,6373,93,5234481,3790,29.3,1021.9,56-614-135
2026-09-05 12:30:50,B,7552,288,5234940,8269,29.3,1021.9,56-614-135
2026-09-05 12:30:51,T,6374,694,5235732,3792,29.3,1021.9,56-614-135
2026-09-05 12:30:51,T,6375,246,5235845,3792,29.3,1021.9,56-614-135
2026-09-05 12:30:52,B,7553,728,5236344,8271,29.3,1021.9,56-614-135
2026-09-05 12:30:52,T,6376,134,5236515,3792,29.3,1021.9,56-614-135
2026-09-05 12:30:53,B,7554,196,5238052,8272,29.3,1021.9,56-614-135
2026-09-05 12:30:54,T,6377,70,5238709,3793,29.3,1021.9,56-614-135
2026-09-05 12:30:54,B,7555,89,5239065,8273,29.3,1021.9,56-614-135
2026-09-05 12:30:55,T,6378,706,5239411,3794,29.3,1021.9,56-614-135
2026-09-05 12:30:55,B,7556,50,5239704,8274,29.3,1021.9,56-614-135
2026-09-05 12:30:55,T,6379,267,5240072,3794,29.3,1021.9,56-614-135
2026-09-05 12:30:56,T,6380,328,5240188,3796,29.3,1021.9,56-614-135
2026-09-05 12:30:56,B,7557,586,5240566,8277,29.3,1021.9,56-614-135
2026-09-05 12:30:56,B,7558,606,5240605,8277,29.3,1021.9,56-614-135
2026-09-05 12:30:56,T,6381,150,5240694,3796,29.3,1021.9,56-614-135
2026-09-05 12:30:56,T,6382,305,5240800,3796,29.3,1021.9,56-614-135
2026-09-05 12:30:57,T,6383,121,5241338,3798,29.3,1021.9,56-614-135
2026-09-05 12:30:57,B,7559,87,5241588,8279,29.3,1021.9,56-614-135
2026-09-05 12:30:57,T,6384,117,5241974,3798,29.3,1021.9,56-614-135
2026-09-05 12:30:57,T,6385,390,5242123,3798,29.3,1021.9,56-614-135
2026-09-05 12:30:57,B,7560,435,5242123,8279,29.3,1021.9,56-614-135
2026-09-05 12:30:57,C,1093,412,5242123,6039,29.3,1021.9,56-614-135
2026-09-05 12:30:58,B,7561,403,5243045,8281,29.3,1021.9,56-614-135
2026-09-05 12:31:00,T,6386,127,5244334,3799,29.3,1021.8,56-614-135
2026-09-05 12:31:00,T,6387,349,5244548,3799,29.3,1021.8,56-614-135
2026-09-05 12:31:00,T,6388,68,5245222,3799,29.3,1021.8,56-614-135
2026-09-05 12:31:02,T,6389,82,5246825,3801,29.3,1021.8,56-614-135
2026-09-05 12:31:02,B,7562,489,5246825,8282,29.3,1021.8,56-614-135
2026-09-05 12:31:02,C,1094,285,5246825,6042,29.3,1021.8,56-614-135
2026-09-05 12:31:02,T,6390,283,5247024,3801,29.3,1021.8,56-614-135
2026-09-05 12:31:02,T,6391,135,5247138,3801,29.3,1021.8,56-614-135
2026-09-05 12:31:04,T,6392,68,5248294,3801,29.3,1021.8,56-614-135
2026-09-05 12:31:04,B,7563,416,5248674,8284,29.3,1021.8,56-614-135
2026-09-05 12:31:05,T,6393,387,5249651,3803,29.3,1021.8,56-614-135
2026-09-05 12:31:05,T,6394,422,5249737,3803,29.3,1021.8,56-614-135
2026-09-05 12:31:06,B,7564,230,5250637,8286,29.3,1021.8,56-614-135
2026-09-05 12:31:06,B,7565,80,5251171,8286,29.3,1021.8,56-614-135
2026-09-05 12:31:06,T,6395,454,5251204,3804,29.3,1021.8,56-614-135
2026-09-05 12:31:07,B,7566,201,5251318,8291,29.3,1021.8,56-614-135
2026-09-05 12:31:07,B,7567,354,5251344,8291,29.3,1021.8,56-614-135
2026-09-05 12:31:07,B,7568,158,5251571,8291,29.3,1021.8,56-614-135
2026-09-05 12:31:07,B,7569,142,5251753,8291,29.3,1021.8,56-614-135
2026-09-05 12:31:07,T,6396,166,5251832,3804,29.3,1021.8,56-614-135
2026-09-05 12:31:08,T,6397,198,5252708,3805,29.3,1021.8,56-614-135
2026-09-05 12:31:08,T,6398,56,5252735,3805,29.3,1021.8,56-614-135
2026-09-05 12:31:09,T,6399,84,5253482,3806,29.3,1021.8,56-614-135
2026-09-05 12:31:09,T,6400,441,5254296,3806,29.3,1021.8,56-614-135
2026-09-05 12:31:10,B,7570,82,5254421,8295,29.3,1021.8,56-614-135
2026-09-05 12:31:10,B,7571,123,5254904,8295,29.3,1021.8,56-614-135
2026-09-05 12:31:10,T,6401,389,5255036,3807,29.3,1021.8,56-614-135
2026-09-05 12:31:10,B,7572,410,5255036,8295,29.3,1021.8,56-614-135
2026-09-05 12:31:10,C,1095,399,5255036,6051,29.3,1021.8,56-614-135
2026-09-05 12:31:10,B,7573,58,5255299,8295,29.3,1021.8,56-614-135
2026-09-05 12:31:10,B,7574,126,5255331,8295,29.3,1021.8,56-614-135
2026-09-05 12:31:11,T,6402,90,5256345,3807,29.3,1021.8,56-614-135
2026-09-05 12:31:12,B,7575,84,5256558,8297,29.3,1021.8,56-614-135
2026-09-05 12:31:12,T,6403,187,5256705,3808,29.3,1021.8,56-614-135
2026-09-05 12:31:12,B,7576,71,5257051,8297,29.3,1021.8,56-614-135
2026-09-05 12:31:13,T,6404,194,5257443,3810,29.3,1021.8,56-614-135
2026-09-05 12:31:13,T,6405,361,5257642,3810,29.3,1021.8,56-614-135
2026-09-05 12:31:13,B,7577,438,5257642,8300,29.3,1021.8,56-614-135
2026-09-05 12:31:13,C,1096,399,5257642,6055,29.3,1021.8,56-614-135
2026-09-05 12:31:13,T,6406,437,5258285,3810,29.3,1021.8,56-614-135
2026-09-05 12:31:13,B,7578,562,5258285,8300,29.3,1021.8,56-614-135
2026-09-05 12:31:13,C,1097,499,5258285,6055,29.3,1021.8,56-614-135
2026-09-05 12:31:14,T,6407,457,5259293,3812,29.3,1021.8,56-614-135
2026-09-05 12:31:14,B,7579,731,5259293,8302,29.3,1021.8,56-614-135
2026-09-05 12:31:14,C,1098,594,5259293,6057,29.3,1021.8,56-614-135
2026-09-05 12:31:14,T,6408,228,5259361,3812,29.3,1021.8,56-614-135
2026-09-05 12:31:15,B,7580,382,5259573,8303,29.3,1021.8,56-614-135
2026-09-05 12:31:16,B,7581,194,5260706,8306,29.3,1021.8,56-614-135
2026-09-05 12:31:16,T,6409,216,5260918,3813,29.3,1021.8,56-614-135
2026-09-05 12:31:16,B,7582,171,5260918,8306,29.3,1021.8,56-614-135
2026-09-05 12:31:16,C,1099,193,5260918,6060,29.3,1021.8,56-614-135
2026-09-05 12:31:16,T,6410,87,5260994,3813,29.3,1021.8,56-614-135
2026-09-05 12:31:16,B,7583,110,5261293,8306,29.3,1021.8,56-614-135
2026-09-05 12:31:17,B,7584,98,5261976,8308,29.3,1021.8,56-614-135
2026-09-05 12:31:17,B,7585,59,5262058,8308,29.3,1021.8,56-614-135
2026-09-05 12:31:18,B,7586,183,5263345,8309,29.3,1021.8,56-614-135
2026-09-05 12:31:19,B,7587,544,5263721,8314,29.3,1021.8,56-614-135
2026-09-05 12:31:19,B,7588,470,5263777,8314,29.3,1021.8,56-614-135
2026-09-05 12:31:19,B,7589,69,5264030,8314,29.3,1021.8,56-614-135
2026-09-05 12:31:19,B,7590,89,5264453,8314,29.3,1021.8,56-614-135
2026-09-05 12:31:20,B,7591,240,5264913,8315,29.3,1021.9,56-614-135
2026-09-05 12:31:21,T,6411,146,5265695,3814,29.3,1021.9,56-614-135
2026-09-05 12:31:21,T,6412,346,5265985,3814,29.3,1021.9,56-614-135
2026-09-05 12:31:21,B,7592,533,5266231,8317,29.3,1021.9,56-614-135
2026-09-05 12:31:22,T,6413,459,5266883,3816,29.3,1021.9,56-614-135
2026-09-05 12:31:22,B,7593,577,5266883,8320,29.3,1021.9,56-614-135
2026-09-05 12:31:22,C,1100,518,5266883,6068,29.3,1021.9,56-614-135
2026-09-05 12:31:22,B,7594,281,5267177,8320,29.3,1021.9,56-614-135
2026-09-05 12:31:22,T,6414,555,5267304,3816,29.3,1021.9,56-614-135
2026-09-05 12:31:22,T,6415,90,5267318,3816,29.3,1021.9,56-614-135
2026-09-05 12:31:23,T,6416,79,5267628,3819,29.3,1021.9,56-614-135
2026-09-05 12:31:23,T,6417,692,5267774,3819,29.3,1021.9,56-614-135
2026-09-05 12:31:23,B,7595,403,5267774,8323,29.3,1021.9,56-614-135
2026-09-05 12:31:23,C,1101,547,5267774,6071,29.3,1021.9,56-614-135
2026-09-05 12:31:23,B,7596,608,5268164,8323,29.3,1021.9,56-614-135
2026-09-05 12:31:23,T,6418,470,5268377,3819,29.3,1021.9,56-614-135
2026-09-05 12:31:24,T,6419,367,5269123,3821,29.3,1021.9,56-614-135
2026-09-05 12:31:24,B,7597,528,5269123,8326,29.3,1021.9,56-614-135
2026-09-05 12:31:24,C,1102,447,5269123,6073,29.3,1021.9,56-614-135
2026-09-05 12:31:24,T,6420,519,5269353,3821,29.3,1021.9,56-614-135
2026-09-05 12:31:24,B,7598,507,5269353,8326,29.3,1021.9,56-614-135
2026-09-05 12:31:24,C,1103,513,5269353,6073,29.3,1021.9,56-614-135
2026-09-05 12:31:25,B,7599,73,5269908,8327,29.4,1021.9,56-614-135
2026-09-05 12:31:25,T,6421,507,5270313,3822,29.4,1021.9,56-614-135
2026-09-05 12:31:25,T,6422,320,5270525,3822,29.4,1021.9,56-614-135
2026-09-05 12:31:26,B,7600,935,5270595,8329,29.4,1021.9,56-614-135
2026-09-05 12:31:26,T,6423,79,5270726,3823,29.4,1021.9,56-614-135
2026-09-05 12:31:26,B,7601,78,5271109,8329,29.4,1021.9,56-614-135
2026-09-05 12:31:26,T,6424,56,5271378,3823,29.4,1021.9,56-614-135
2026-09-05 12:31:27,T,6425,185,5271882,3823,29.4,1021.9,56-614-135
2026-09-05 12:31:27,B,7602,52,5272444,8330,29.4,1021.9,56-614-135
2026-09-05 12:31:28,B,7603,120,5272767,8332,29.4,1021.9,56-614-135
2026-09-05 12:31:28,B,7604,134,5272870,8332,29.4,1021.9,56-614-135
2026-09-05 12:31:28,T,6426,92,5273400,3823,29.4,1021.9,56-614-135
2026-09-05 12:31:29,T,6427,519,5273702,3825,29.4,1021.9,56-614-135
2026-09-05 12:31:29,B,7605,387,5273702,8333,29.4,1021.9,56-614-135
2026-09-05 12:31:29,C,1104,453,5273702,6079,29.4,1021.9,56-614-135
2026-09-05 12:31:29,T,6428,97,5273809,3825,29.4,1021.9,56-614-135
2026-09-05 12:31:29,T,6429,120,5274452,3825,29.4,1021.9,56-614-135
2026-09-05 12:31:30,T,6430,355,5274766,3827,29.4,1021.9,56-614-135
2026-09-05 12:31:30,B,7606,374,5274766,8336,29.4,1021.9,56-614-135
2026-09-05 12:31:30,C,1105,365,5274766,6081,29.4,1021.9,56-614-135
2026-09-05 12:31:30,T,6431,374,5275178,3827,29.4,1021.9,56-614-135
2026-09-05 12:31:30,B,7607,567,5275261,8336,29.4,1021.9,56-614-135
2026-09-05 12:31:31,B,7608,289,5276027,8340,29.4,1021.9,56-614-135
2026-09-05 12:31:31,B,7609,119,5276071,8340,29.4,1021.9,56-614-135
2026-09-05 12:31:31,B,7610,129,5276081,8340,29.4,1021.9,56-614-135
2026-09-05 12:31:31,T,6432,111,5276105,3827,29.4,1021.9,56-614-135
2026-09-05 12:31:32,T,6433,278,5276809,3829,29.4,1021.9,56-614-135
2026-09-05 12:31:32,B,7611,76,5277138,8342,29.4,1021.9,56-614-135
2026-09-05 12:31:32,T,6434,66,5277315,3829,29.4,1021.9,56-614-135
2026-09-05 12:31:32,T,6435,313,5277386,3829,29.4,1021.9,56-614-135
2026-09-05 12:31:32,B,7612,394,5277386,8342,29.4,1021.9,56-614-135
2026-09-05 12:31:32,C,1106,354,5277386,6085,29.4,1021.9,56-614-135
2026-09-05 12:31:33,T,6436,469,5277703,3830,29.4,1021.9,56-614-135
2026-09-05 12:31:34,T,6437,171,5278742,3831,29.4,1021.9,56-614-135
2026-09-05 12:31:34,T,6438,62,5278811,3831,29.4,1021.9,56-614-135
2026-09-05 12:31:34,T,6439,56,5279490,3831,29.4,1021.9,56-614-135
2026-09-05 12:31:34,T,6440,157,5279642,3831,29.4,1021.9,56-614-135
2026-09-05 12:31:35,B,7613,442,5280259,8345,29.4,1021.8,56-614-135
2026-09-05 12:31:35,B,7614,359,5280396,8345,29.4,1021.8,56-614-135
2026-09-05 12:31:36,T,6441,50,5281114,3831,29.4,1021.8,56-614-135
2026-09-05 12:31:36,B,7615,104,5281122,8348,29.4,1021.8,56-614-135
2026-09-05 12:31:36,B,7616,106,5281310,8348,29.4,1021.8,56-614-135
2026-09-05 12:31:36,B,7617,378,5281386,8348,29.4,1021.8,56-614-135
2026-09-05 12:31:37,B,7618,187,5282558,8349,29.4,1021.8,56-614-135
2026-09-05 12:31:38,T,6442,91,5282703,3832,29.4,1021.8,56-614-135
2026-09-05 12:31:38,T,6443,299,5282878,3832,29.4,1021.8,56-614-135
2026-09-05 12:31:38,T,6444,88,5283095,3832,29.4,1021.8,56-614-135
2026-09-05 12:31:38,B,7619,71,5283511,8350,29.4,1021.8,56-614-135
2026-09-05 12:31:39,B,7620,154,5283885,8353,29.4,1021.8,56-614-135
2026-09-05 12:31:39,T,6445,78,5284145,3833,29.4,1021.8,56-614-135
2026-09-05 12:31:39,T,6446,390,5284308,3833,29.4,1021.8,56-614-135
2026-09-05 12:31:39,B,7621,548,5284308,8353,29.4,1021.8,56-614-135
2026-09-05 12:31:39,C,1107,469,5284308,6093,29.4,1021.8,56-614-135
2026-09-05 12:31:40,T,6447,78,5285041,3833,29.4,1021.9,56-614-135
2026-09-05 12:31:40,B,7622,444,5285174,8354,29.4,1021.9,56-614-135
2026-09-05 12:31:41,T,6448,260,5286081,3834,29.4,1021.9,56-614-135
2026-09-05 12:31:41,B,7623,157,5286116,8355,29.4,1021.9,56-614-135
2026-09-05 12:31:41,T,6449,61,5286227,3834,29.4,1021.9,56-614-135
2026-09-05 12:31:42,B,7624,530,5287248,8360,29.4,1021.9,56-614-135
2026-09-05 12:31:42,B,7625,548,5287271,8360,29.4,1021.9,56-614-135
2026-09-05 12:31:42,B,7626,249,5287485,8360,29.4,1021.9,56-614-135
2026-09-05 12:31:42,T,6450,168,5287489,3835,29.4,1021.9,56-614-135
2026-09-05 12:31:43,B,7627,56,5287996,8362,29.4,1021.9,56-614-135
2026-09-05 12:31:43,B,7628,203,5288029,8362,29.4,1021.9,56-614-135
2026-09-05 12:31:44,T,6451,55,5288893,3835,29.4,1021.9,56-614-135
2026-09-05 12:31:45,B,7629,61,5289835,8364,29.4,1021.9,56-614-135
2026-09-05 12:31:45,T,6452,214,5290063,3837,29.4,1021.9,56-614-135
2026-09-05 12:31:45,T,6453,542,5290731,3837,29.4,1021.9,56-614-135
2026-09-05 12:31:45,B,7630,494,5290731,8364,29.4,1021.9,56-614-135
2026-09-05 12:31:45,C,1108,518,5290731,6100,29.4,1021.9,56-614-135
2026-09-05 12:31:46,B,7631,779,5291287,8366,29.4,1021.9,56-614-135
2026-09-05 12:31:46,T,6454,63,5291318,3837,29.4,1021.9,56-614-135
2026-09-05 12:31:46,B,7632,60,5291381,8366,29.4,1021.9,56-614-135
2026-09-05 12:31:48,T,6455,57,5293703,3838,29.4,1021.9,56-614-135
2026-09-05 12:31:48,T,6456,362,5293750,3838,29.4,1021.9,56-614-135
2026-09-05 12:31:48,B,7633,556,5293750,8371,29.4,1021.9,56-614-135
2026-09-05 12:31:48,C,1109,459,5293750,6105,29.4,1021.9,56-614-135
2026-09-05 12:31:48,B,7634,431,5293783,8371,29.4,1021.9,56-614-135
2026-09-05 12:31:48,T,6457,380,5293801,3838,29.4,1021.9,56-614-135
2026-09-05 12:31:48,B,7635,597,5293801,8371,29.4,1021.9,56-614-135
2026-09-05 12:31:48,C,1110,488,5293801,6105,29.4,1021.9,56-614-135
2026-09-05 12:31:49,B,7636,119,5293875,8373,29.4,1021.9,56-614-135
2026-09-05 12:31:49,T,6458,318,5294051,3839,29.4,1021.9,56-614-135
2026-09-05 12:31:49,B,7637,109,5294830,8373,29.4,1021.9,56-614-135
2026-09-05 12:31:50,T,6459,639,5295346,3842,29.4,1021.9,56-614-135
2026-09-05 12:31:50,T,6460,122,5295353,3842,29.4,1021.9,56-614-135
2026-09-05 12:31:50,B,7638,381,5295389,8376,29.4,1021.9,56-614-135
2026-09-05 12:31:50,T,6461,447,5295509,3842,29.4,1021.9,56-614-135
2026-09-05 12:31:50,B,7639,113,5295638,8376,29.4,1021.9,56-614-135
2026-09-05 12:31:50,B,7640,68,5295675,8376,29.4,1021.9,56-614-135
2026-09-05 12:31:51,B,7641,120,5296050,8377,29.4,1021.9,56-614-135
2026-09-05 12:31:52,T,6462,588,5296946,3843,29.4,1021.9,56-614-135
2026-09-05 12:31:52,B,7642,71,5297140,8378,29.4,1021.9,56-614-135
2026-09-05 12:31:53,T,6463,266,5298040,3844,29.4,1021.9,56-614-135
2026-09-05 12:31:53,T,6464,69,5298546,3844,29.4,1021.9,56-614-135
2026-09-05 12:31:54,B,7643,107,5298960,8380,29.4,1021.9,56-614-135
2026-09-05 12:31:54,B,7644,163,5299097,8380,29.4,1021.9,56-614-135
2026-09-05 12:31:55,T,6465,398,5300366,3844,29.4,1021.8,56-614-135
2026-09-05 12:31:55,B,7645,216,5300366,8381,29.4,1021.8,56-614-135
2026-09-05 12:31:55,C,1111,307,5300366,6113,29.4,1021.8,56-614-135
2026-09-05 12:31:56,T,6466,142,5301031,3846,29.4,1021.8,56-614-135
2026-09-05 12:31:56,B,7646,188,5301179,8383,29.4,1021.8,56-614-135
2026-09-05 12:31:56,T,6467,107,5301281,3846,29.4,1021.8,56-614-135
2026-09-05 12:31:56,B,7647,185,5301394,8383,29.4,1021.8,56-614-135
2026-09-05 12:31:56,T,6468,140,5301696,3846,29.4,1021.8,56-614-135
2026-09-05 12:31:56,T,6469,96,5301811,3846,29.4,1021.8,56-614-135
2026-09-05 12:31:57,T,6470,629,5302862,3847,29.4,1021.8,56-614-135
2026-09-05 12:31:57,B,7648,345,5302862,8385,29.4,1021.8,56-614-135
2026-09-05 12:31:57,C,1112,487,5302862,6116,29.4,1021.8,56-614-135
2026-09-05 12:31:58,B,7649,158,5303327,8387,29.4,1021.8,56-614-135
2026-09-05 12:31:58,B,7650,103,5303358,8387,29.4,1021.8,56-614-135
2026-09-05 12:31:59,B,7651,54,5304825,8387,29.4,1021.8,56-614-135
2026-09-05 12:32:00,T,6471,197,5304961,3848,29.4,1021.9,56-614-135
2026-09-05 12:32:00,T,6472,84,5305243,3848,29.4,1021.9,56-614-135
2026-09-05 12:32:00,B,7652,78,5305302,8388,29.4,1021.9,56-614-135
2026-09-05 12:32:01,B,7653,239,5306080,8392,29.4,1021.9,56-614-135
2026-09-05 12:32:01,T,6473,168,5306171,3849,29.4,1021.9,56-614-135
2026-09-05 12:32:01,T,6474,374,5306272,3849,29.4,1021.9,56-614-135
2026-09-05 12:32:01,B,7654,542,5306272,8392,29.4,1021.9,56-614-135
2026-09-05 12:32:01,C,1113,458,5306272,6121,29.4,1021.9,56-614-135
2026-09-05 12:32:01,B,7655,466,5306444,8392,29.4,1021.9,56-614-135
2026-09-05 12:32:02,T,6475,50,5307895,3849,29.4,1021.9,56-614-135
2026-09-05 12:32:02,B,7656,99,5307917,8395,29.4,1021.9,56-614-135
2026-09-05 12:32:02,B,7657,298,5307935,8395,29.4,1021.9,56-614-135
2026-09-05 12:32:03,B,7658,631,5308019,8397,29.4,1021.9,56-614-135
2026-09-05 12:32:03,B,7659,104,5308527,8397,29.4,1021.9,56-614-135
2026-09-05 12:32:03,T,6476,52,5308908,3849,29.4,1021.9,56-614-135
2026-09-05 12:32:04,T,6477,323,5309280,3851,29.4,1021.9,56-614-135
2026-09-05 12:32:04,B,7660,466,5309632,8401,29.4,1021.9,56-614-135
2026-09-05 12:32:04,T,6478,344,5309632,3851,29.4,1021.9,56-614-135
2026-09-05 12:32:04,B,7661,551,5309666,8401,29.4,1021.9,56-614-135
2026-09-05 12:32:04,T,6479,52,5309778,3851,29.4,1021.9,56-614-135
2026-09-05 12:32:04,B,7662,166,5309786,8401,29.4,1021.9,56-614-135
2026-09-05 12:32:05,B,7663,94,5310669,8402,29.5,1021.8,56-614-135
2026-09-05 12:32:05,T,6480,51,5310724,3851,29.5,1021.8,56-614-135
2026-09-05 12:32:06,B,7664,222,5311612,8404,29.5,1021.8,56-614-135
2026-09-05 12:32:07,B,7665,273,5312175,8407,29.5,1021.8,56-614-135
2026-09-05 12:32:07,T,6481,360,5312736,3853,29.5,1021.8,56-614-135
2026-09-05 12:32:07,T,6482,510,5312945,3853,29.5,1021.8,56-614-135
2026-09-05 12:32:07,B,7666,578,5312945,8407,29.5,1021.8,56-614-135
2026-09-05 12:32:07,C,1114,544,5312945,6130,29.5,1021.8,56-614-135
2026-09-05 12:32:08,B,7667,74,5313461,8407,29.5,1021.8,56-614-135
2026-09-05 12:32:09,B,7668,73,5314569,8409,29.5,1021.8,56-614-135
2026-09-05 12:32:09,B,7669,50,5314839,8409,29.5,1021.8,56-614-135
2026-09-05 12:32:10,T,6483,495,5315125,3854,29.5,1021.8,56-614-135
2026-09-05 12:32:11,B,7670,567,5315125,8411,29.5,1021.8,56-614-135
2026-09-05 12:32:11,C,1115,531,5315125,6133,29.5,1021.8,56-614-135
2026-09-05 12:32:11,B,7671,120,5315472,8411,29.5,1021.8,56-614-135
2026-09-05 12:32:12,T,6484,62,5316373,3854,29.5,1021.8,56-614-135
2026-09-05 12:32:12,B,7672,410,5316889,8414,29.5,1021.8,56-614-135
2026-09-05 12:32:12,T,6485,193,5316972,3854,29.5,1021.8,56-614-135
2026-09-05 12:32:12,B,7673,463,5317042,8414,29.5,1021.8,56-614-135
2026-09-05 12:32:13,B,7674,145,5317797,8417,29.5,1021.8,56-614-135
2026-09-05 12:32:13,T,6486,364,5317830,3855,29.5,1021.8,56-614-135
2026-09-05 12:32:13,B,7675,190,5317906,8417,29.5,1021.8,56-614-135
2026-09-05 12:32:14,B,7676,239,5318265,8419,29.5,1021.8,56-614-135
2026-09-05 12:32:14,B,7677,129,5318850,8419,29.5,1021.8,56-614-135
2026-09-05 12:32:14,T,6487,181,5319057,3856,29.5,1021.8,56-614-135
2026-09-05 12:32:15,T,6488,388,5319205,3857,29.5,1021.8,56-614-135
2026-09-05 12:32:15,T,6489,335,5319808,3857,29.5,1021.8,56-614-135
2026-09-05 12:32:15,B,7678,458,5319808,8420,29.5,1021.8,56-614-135
2026-09-05 12:32:15,C,1116,396,5319808,6139,29.5,1021.8,56-614-135
2026-09-05 12:32:16,B,7679,142,5320384,8423,29.5,1021.8,56-614-135
2026-09-05 12:32:16,T,6490,368,5320435,3858,29.5,1021.8,56-614-135
2026-09-05 12:32:16,B,7680,51,5320591,8423,29.5,1021.8,56-614-135
2026-09-05 12:32:16,B,7681,86,5320601,8423,29.5,1021.8,56-614-135
2026-09-05 12:32:17,B,7682,58,5321280,8425,29.5,1021.8,56-614-135
2026-09-05 12:32:17,B,7683,64,5321292,8425,29.5,1021.8,56-614-135
2026-09-05 12:32:17,T,6491,62,5321448,3858,29.5,1021.8,56-614-135
2026-09-05 12:32:17,B,7684,113,5321796,8425,29.5,1021.8,56-614-135
2026-09-05 12:32:18,B,7685,132,5322192,8427,29.5,1021.8,56-614-135
2026-09-05 12:32:18,B,7686,111,5322460,8427,29.5,1021.8,56-614-135
2026-09-05 12:32:18,T,6492,387,5323152,3859,29.5,1021.8,56-614-135
2026-09-05 12:32:19,T,6493,315,5323211,3862,29.5,1021.8,56-614-135
2026-09-05 12:32:19,B,7687,152,5323323,8428,29.5,1021.8,56-614-135
2026-09-05 12:32:19,T,6494,564,5323564,3862,29.5,1021.8,56-614-135
2026-09-05 12:32:19,T,6495,163,5324132,3862,29.5,1021.8,56-614-135
2026-09-05 12:32:20,B,7688,357,5324814,8432,29.5,1021.8,56-614-135
2026-09-05 12:32:20,B,7689,68,5324855,8432,29.5,1021.8,56-614-135
2026-09-05 12:32:20,B,7690,58,5324998,8432,29.5,1021.8,56-614-135
2026-09-05 12:32:20,B,7691,156,5325157,8432,29.5,1021.8,56-614-135
2026-09-05 12:32:21,T,6496,332,5325355,3862,29.5,1021.8,56-614-135
2026-09-05 12:32:21,B,7692,55,5325820,8436,29.5,1021.8,56-614-135
2026-09-05 12:32:21,B,7693,69,5325830,8436,29.5,1021.8,56-614-135
2026-09-05 12:32:21,B,7694,251,5325963,8436,29.5,1021.8,56-614-135
2026-09-05 12:32:21,B,7695,185,5326177,8436,29.5,1021.8,56-614-135
2026-09-05 12:32:22,T,6497,224,5326256,3864,29.5,1021.8,56-614-135
2026-09-05 12:32:22,T,6498,325,5327044,3864,29.5,1021.8,56-614-135
2026-09-05 12:32:23,T,6499,250,5327371,3865,29.5,1021.8,56-614-135
2026-09-05 12:32:23,T,6500,455,5327618,3865,29.5,1021.8,56-614-135
2026-09-05 12:32:23,B,7696,83,5328166,8437,29.5,1021.8,56-614-135
2026-09-05 12:32:24,B,7697,157,5328253,8441,29.5,1021.8,56-614-135
2026-09-05 12:32:24,T,6501,82,5328330,3866,29.5,1021.8,56-614-135
2026-09-05 12:32:24,T,6502,50,5328811,3866,29.5,1021.8,56-614-135
2026-09-05 12:32:24,B,7698,102,5328889,8441,29.5,1021.8,56-614-135
2026-09-05 12:32:24,B,7699,446,5329011,8441,29.5,1021.8,56-614-135
2026-09-05 12:32:24,T,6503,85,5329174,3866,29.5,1021.8,56-614-135
2026-09-05 12:32:24,B,7700,86,5329177,8441,29.5,1021.8,56-614-135
2026-09-05 12:32:24,T,6504,71,5329195,3866,29.5,1021.8,56-614-135
2026-09-05 12:32:25,T,6505,102,5329547,3868,29.5,1021.8,56-614-135
2026-09-05 12:32:25,T,6506,442,5330138,3868,29.5,1021.8,56-614-135
2026-09-05 12:32:26,T,6507,454,5330994,3869,29.5,1021.8,56-614-135
2026-09-05 12:32:26,B,7701,412,5330994,8443,29.5,1021.8,56-614-135
2026-09-05 12:32:26,C,1117,433,5330994,6156,29.5,1021.8,56-614-135
2026-09-05 12:32:27,T,6508,438,5331456,3870,29.5,1021.8,56-614-135
2026-09-05 12:32:27,B,7702,557,5331456,8446,29.5,1021.8,56-614-135
2026-09-05 12:32:27,C,1118,497,5331456,6158,29.5,1021.8,56-614-135
2026-09-05 12:32:27,B,7703,365,5331715,8446,29.5,1021.8,56-614-135
2026-09-05 12:32:27,T,6509,132,5332281,3870,29.5,1021.8,56-614-135
2026-09-05 12:32:28,T,6510,53,5332482,3871,29.5,1021.8,56-614-135
2026-09-05 12:32:28,T,6511,382,5333230,3871,29.5,1021.8,56-614-135
2026-09-05 12:32:28,T,6512,99,5333287,3871,29.5,1021.8,56-614-135
2026-09-05 12:32:29,B,7704,514,5333609,8448,29.5,1021.8,56-614-135
2026-09-05 12:32:31,B,7705,485,5336237,8449,29.5,1021.9,56-614-135
2026-09-05 12:32:32,B,7706,101,5336460,8455,29.5,1021.9,56-614-135
2026-09-05 12:32:32,T,6513,66,5336917,3873,29.5,1021.9,56-614-135
2026-09-05 12:32:32,B,7707,630,5336927,8455,29.5,1021.9,56-614-135
2026-09-05 12:32:32,T,6514,309,5336945,3873,29.5,1021.9,56-614-135
2026-09-05 12:32:32,B,7708,439,5336945,8455,29.5,1021.9,56-614-135
2026-09-05 12:32:32,C,1119,374,5336945,6164,29.5,1021.9,56-614-135
2026-09-05 12:32:32,T,6515,162,5337186,3873,29.5,1021.9,56-614-135
2026-09-05 12:32:32,B,7709,597,5337191,8455,29.5,1021.9,56-614-135
2026-09-05 12:32:33,T,6516,52,5337419,3874,29.5,1021.9,56-614-135
2026-09-05 12:32:33,B,7710,76,5337502,8456,29.5,1021.9,56-614-135
2026-09-05 12:32:33,T,6517,777,5337512,3874,29.5,1021.9,56-614-135
2026-09-05 12:32:33,T,6518,105,5337517,3874,29.5,1021.9,56-614-135
2026-09-05 12:32:33,T,6519,54,5337999,3874,29.5,1021.9,56-614-135
2026-09-05 12:32:34,B,7711,615,5338618,8461,29.5,1021.9,56-614-135
2026-09-05 12:32:34,T,6520,116,5338850,3875,29.5,1021.9,56-614-135
2026-09-05 12:32:34,B,7712,559,5339060,8461,29.5,1021.9,56-614-135
2026-09-05 12:32:34,T,6521,228,5339135,3875,29.5,1021.9,56-614-135
2026-09-05 12:32:34,B,7713,522,5339190,8461,29.5,1021.9,56-614-135
2026-09-05 12:32:35,T,6522,162,5339393,3877,29.5,1021.9,56-614-135
2026-09-05 12:32:35,B,7714,304,5339449,8465,29.5,1021.9,56-614-135
2026-09-05 12:32:35,T,6523,344,5340266,3877,29.5,1021.9,56-614-135
2026-09-05 12:32:35,B,7715,383,5340266,8465,29.5,1021.9,56-614-135
2026-09-05 12:32:35,C,1120,363,5340266,6171,29.5,1021.9,56-614-135
2026-09-05 12:32:35,B,7716,240,5340329,8465,29.5,1021.9,56-614-135
2026-09-05 12:32:36,T,6524,368,5340462,3877,29.5,1021.8,56-614-135
2026-09-05 12:32:37,B,7717,53,5341779,8467,29.5,1021.8,56-614-135
2026-09-05 12:32:37,B,7718,350,5342168,8467,29.5,1021.8,56-614-135
2026-09-05 12:32:38,B,7719,105,5342642,8473,29.5,1021.8,56-614-135
2026-09-05 12:32:38,B,7720,160,5342784,8473,29.5,1021.8,56-614-135
2026-09-05 12:32:38,B,7721,106,5342793,8473,29.5,1021.8,56-614-135
2026-09-05 12:32:38,B,7722,162,5342824,8473,29.5,1021.8,56-614-135
2026-09-05 12:32:38,B,7723,484,5342859,8473,29.5,1021.8,56-614-135
2026-09-05 12:32:39,B,7724,255,5343514,8476,29.5,1021.8,56-614-135
2026-09-05 12:32:39,B,7725,64,5343991,8476,29.5,1021.8,56-614-135
2026-09-05 12:32:39,T,6525,201,5344068,3878,29.5,1021.8,56-614-135
2026-09-05 12:32:39,B,7726,95,5344168,8476,29.5,1021.8,56-614-135
2026-09-05 12:32:40,B,7727,447,5345318,8478,29.5,1021.8,56-614-135
2026-09-05 12:32:41,B,7728,242,5345516,8481,29.5,1021.8,56-614-135
2026-09-05 12:32:41,T,6526,386,5346078,3880,29.5,1021.8,56-614-135
2026-09-05 12:32:41,T,6527,272,5346411,3880,29.5,1021.8,56-614-135
2026-09-05 12:32:41,B,7729,709,5346411,8481,29.5,1021.8,56-614-135
2026-09-05 12:32:41,C,1121,490,5346411,6180,29.5,1021.8,56-614-135
2026-09-05 12:32:41,B,7730,59,5346463,8481,29.5,1021.8,56-614-135
2026-09-05 12:32:42,B,7731,348,5346681,8483,29.5,1021.8,56-614-135
2026-09-05 12:32:43,T,6528,54,5347789,3880,29.5,1021.8,56-614-135
2026-09-05 12:32:43,B,7732,78,5348138,8485,29.5,1021.8,56-614-135
2026-09-05 12:32:43,B,7733,326,5348361,8485,29.5,1021.8,56-614-135
2026-09-05 12:32:44,T,6529,107,5348598,3880,29.5,1021.8,56-614-135
2026-09-05 12:32:44,B,7734,412,5348824,8486,29.5,1021.8,56-614-135
2026-09-05 12:32:44,T,6530,69,5348915,3880,29.5,1021.8,56-614-135
2026-09-05 12:32:44,T,6531,112,5349303,3880,29.5,1021.8,56-614-135
2026-09-05 12:32:45,B,7735,113,5349587,8489,29.5,1021.8,56-614-135
2026-09-05 12:32:45,B,7736,220,5350192,8489,29.5,1021.8,56-614-135
2026-09-05 12:32:46,B,7737,497,5351054,8490,29.5,1021.8,56-614-135
2026-09-05 12:32:47,T,6532,68,5351605,3882,29.5,1021.8,56-614-135
2026-09-05 12:32:47,T,6533,125,5351790,3882,29.5,1021.8,56-614-135
2026-09-05 12:32:47,B,7738,261,5352108,8492,29.5,1021.8,56-614-135
2026-09-05 12:32:47,T,6534,402,5352299,3882,29.5,1021.8,56-614-135
2026-09-05 12:32:47,B,7739,55,5352299,8492,29.5,1021.8,56-614-135
2026-09-05 12:32:47,C,1122,228,5352299,6187,29.5,1021.8,56-614-135
2026-09-05 12:32:48,B,7740,63,5352603,8498,29.5,1021.8,56-614-135
2026-09-05 12:32:48,B,7741,191,5352803,8498,29.5,1021.8,56-614-135
2026-09-05 12:32:48,T,6535,358,5352890,3884,29.5,1021.8,56-614-135
2026-09-05 12:32:48,B,7742,430,5352890,8498,29.5,1021.8,56-614-135
2026-09-05 12:32:48,C,1123,394,5352890,6191,29.5,1021.8,56-614-135
2026-09-05 12:32:48,B,7743,110,5353009,8498,29.5,1021.8,56-614-135
2026-09-05 12:32:48,T,6536,398,5353269,3884,29.5,1021.8,56-614-135
2026-09-05 12:32:48,B,7744,406,5353269,8498,29.5,1021.8,56-614-135
2026-09-05 12:32:48,C,1124,402,5353269,6191,29.5,1021.8,56-614-135
2026-09-05 12:32:49,T,6537,122,5353854,3884,29.5,1021.8,56-614-135
2026-09-05 12:32:49,B,7745,617,5354321,8499,29.5,1021.8,56-614-135
2026-09-05 12:32:50,T,6538,549,5354632,3886,29.5,1021.8,56-614-135
2026-09-05 12:32:50,B,7746,329,5354632,8502,29.5,1021.8,56-614-135
2026-09-05 12:32:50,C,1125,439,5354632,6194,29.5,1021.8,56-614-135
2026-09-05 12:32:50,T,6539,50,5354776,3886,29.5,1021.8,56-614-135
2026-09-05 12:32:50,T,6540,419,5354845,3886,29.5,1021.8,56-614-135
2026-09-05 12:32:50,B,7747,436,5354845,8502,29.5,1021.8,56-614-135
2026-09-05 12:32:50,C,1126,427,5354845,6194,29.5,1021.8,56-614-135
2026-09-05 12:32:51,B,7748,68,5355688,8504,29.5,1021.8,56-614-135
2026-09-05 12:32:51,T,6541,113,5355826,3886,29.5,1021.8,56-614-135
2026-09-05 12:32:51,B,7749,90,5356505,8504,29.5,1021.8,56-614-135
2026-09-05 12:32:52,B,7750,88,5357068,8507,29.5,1021.8,56-614-135
2026-09-05 12:32:52,T,6542,535,5357230,3887,29.5,1021.8,56-614-135
2026-09-05 12:32:52,B,7751,91,5357517,8507,29.5,1021.8,56-614-135
2026-09-05 12:32:52,B,7752,120,5357584,8507,29.5,1021.8,56-614-135
2026-09-05 12:32:53,B,7753,135,5357658,8508,29.5,1021.8,56-614-135
2026-09-05 12:32:54,B,7754,71,5358737,8512,29.5,1021.8,56-614-135
2026-09-05 12:32:54,B,7755,137,5359170,8512,29.5,1021.8,56-614-135
2026-09-05 12:32:54,B,7756,63,5359333,8512,29.5,1021.8,56-614-135
2026-09-05 12:32:54,T,6543,429,5359411,3888,29.5,1021.8,56-614-135
2026-09-05 12:32:54,B,7757,520,5359411,8512,29.5,1021.8,56-614-135
2026-09-05 12:32:54,C,1127,474,5359411,6200,29.5,1021.8,56-614-135
2026-09-05 12:32:55,T,6544,98,5360393,3889,29.5,1021.8,56-614-135
2026-09-05 12:32:55,B,7758,470,5360514,8513,29.5,1021.8,56-614-135
2026-09-05 12:32:57,B,7759,418,5361733,8520,29.6,1021.8,56-614-135
2026-09-05 12:32:57,B,7760,418,5361774,8520,29.6,1021.8,56-614-135
2026-09-05 12:32:57,B,7761,533,5361880,8520,29.6,1021.8,56-614-135
2026-09-05 12:32:57,B,7762,360,5362077,8520,29.6,1021.8,56-614-135
2026-09-05 12:32:57,T,6545,340,5362294,3889,29.6,1021.8,56-614-135
2026-09-05 12:32:57,B,7763,55,5362591,8520,29.6,1021.8,56-614-135
2026-09-05 12:32:58,T,6546,373,5363301,3890,29.6,1021.8,56-614-135
2026-09-05 12:32:58,B,7764,462,5363301,8522,29.6,1021.8,56-614-135
2026-09-05 12:32:58,C,1128,418,5363301,6206,29.6,1021.8,56-614-135
2026-09-05 12:32:59,B,7765,105,5364313,8523,29.6,1021.8,56-614-135
2026-09-05 12:33:00,B,7766,144,5364746,8526,29.6,1021.8,56-614-135
2026-09-05 12:33:00,B,7767,69,5364861,8526,29.6,1021.8,56-614-135
2026-09-05 12:33:00,B,7768,58,5365009,8526,29.6,1021.8,56-614-135
2026-09-05 12:33:00,B,7769,62,5365157,8526,29.6,1021.8,56-614-135
2026-09-05 12:33:00,T,6547,296,5365597,3891,29.6,1021.8,56-614-135
2026-09-05 12:33:01,T,6548,82,5366328,3891,29.6,1021.8,56-614-135
2026-09-05 12:33:01,T,6549,79,5366581,3891,29.6,1021.8,56-614-135
2026-09-05 12:33:02,T,6550,84,5367382,3892,29.6,1021.8,56-614-135
2026-09-05 12:33:03,T,6551,295,5368246,3892,29.6,1021.8,56-614-135
2026-09-05 12:33:03,T,6552,52,5368686,3892,29.6,1021.8,56-614-135
2026-09-05 12:33:04,B,7770,141,5368996,8528,29.6,1021.8,56-614-135
2026-09-05 12:33:04,B,7771,350,5369367,8528,29.6,1021.8,56-614-135
2026-09-05 12:33:05,T,6553,99,5369783,3896,29.6,1021.8,56-614-135
2026-09-05 12:33:05,T,6554,439,5370231,3896,29.6,1021.8,56-614-135
2026-09-05 12:33:05,T,6555,96,5370292,3896,29.6,1021.8,56-614-135
2026-09-05 12:33:05,T,6556,361,5370500,3896,29.6,1021.8,56-614-135
2026-09-05 12:33:05,T,6557,50,5370558,3896,29.6,1021.8,56-614-135
2026-09-05 12:33:05,T,6558,404,5370618,3896,29.6,1021.8,56-614-135
2026-09-05 12:33:05,B,7772,658,5370618,8530,29.6,1021.8,56-614-135
2026-09-05 12:33:05,C,1129,531,5370618,6213,29.6,1021.8,56-614-135
2026-09-05 12:33:06,B,7773,80,5370937,8532,29.6,1021.8,56-614-135
2026-09-05 12:33:06,B,7774,78,5371338,8532,29.6,1021.8,56-614-135
2026-09-05 12:33:07,T,6559,398,5371932,3897,29.6,1021.8,56-614-135
2026-09-05 12:33:07,B,7775,527,5371932,8537,29.6,1021.8,56-614-135
2026-09-05 12:33:07,C,1130,462,5371932,6217,29.6,1021.8,56-614-135
2026-09-05 12:33:07,B,7776,50,5371977,8537,29.6,1021.8,56-614-135
2026-09-05 12:33:07,B,7777,178,5372078,8537,29.6,1021.8,56-614-135
2026-09-05 12:33:07,B,7778,364,5372484,8537,29.6,1021.8,56-614-135
2026-09-05 12:33:08,T,6560,586,5372849,3898,29.6,1021.8,56-614-135
2026-09-05 12:33:08,B,7779,424,5372849,8541,29.6,1021.8,56-614-135
2026-09-05 12:33:08,C,1131,505,5372849,6219,29.6,1021.8,56-614-135
2026-09-05 12:33:08,T,6561,77,5372859,3898,29.6,1021.8,56-614-135
2026-09-05 12:33:08,B,7780,51,5373021,8541,29.6,1021.8,56-614-135
2026-09-05 12:33:08,B,7781,65,5373084,8541,29.6,1021.8,56-614-135
2026-09-05 12:33:08,B,7782,485,5373090,8541,29.6,1021.8,56-614-135
2026-09-05 12:33:09,B,7783,70,5373935,8542,29.6,1021.8,56-614-135
2026-09-05 12:33:09,T,6562,105,5374751,3898,29.6,1021.8,56-614-135
2026-09-05 12:33:11,T,6563,154,5375996,3900,29.6,1021.8,56-614-135
2026-09-05 12:33:11,T,6564,88,5376078,3900,29.6,1021.8,56-614-135
2026-09-05 12:33:11,B,7784,98,5376189,8545,29.6,1021.8,56-614-135
2026-09-05 12:33:11,T,6565,582,5376766,3900,29.6,1021.8,56-614-135
2026-09-05 12:33:11,B,7785,608,5376766,8545,29.6,1021.8,56-614-135
2026-09-05 12:33:11,C,1132,595,5376766,6222,29.6,1021.8,56-614-135
2026-09-05 12:33:12,B,7786,180,5377181,8551,29.6,1021.8,56-614-135
2026-09-05 12:33:12,B,7787,310,5377189,8551,29.6,1021.8,56-614-135
2026-09-05 12:33:12,T,6566,124,5377383,3900,29.6,1021.8,56-614-135
2026-09-05 12:33:12,B,7788,366,5377639,8551,29.6,1021.8,56-614-135
2026-09-05 12:33:12,B,7789,513,5377677,8551,29.6,1021.8,56-614-135
2026-09-05 12:33:12,B,7790,71,5377694,8551,29.6,1021.8,56-614-135
2026-09-05 12:33:13,T,6567,450,5377917,3902,29.6,1021.8,56-614-135
2026-09-05 12:33:13,T,6568,194,5378281,3902,29.6,1021.8,56-614-135
2026-09-05 12:33:13,B,7791,414,5378724,8553,29.6,1021.8,56-614-135
2026-09-05 12:33:14,T,6569,348,5379020,3903,29.6,1021.8,56-614-135
2026-09-05 12:33:14,T,6570,239,5379307,3903,29.6,1021.8,56-614-135
2026-09-05 12:33:14,B,7792,172,5379381,8556,29.6,1021.8,56-614-135
2026-09-05 12:33:14,B,7793,153,5379701,8556,29.6,1021.8,56-614-135
2026-09-05 12:33:14,B,7794,364,5379824,8556,29.6,1021.8,56-614-135
2026-09-05 12:33:15,T,6571,74,5379925,3905,29.6,1021.8,56-614-135
2026-09-05 12:33:15,B,7795,121,5379948,8559,29.6,1021.8,56-614-135
2026-09-05 12:33:15,B,7796,404,5380037,8559,29.6,1021.8,56-614-135
2026-09-05 12:33:15,T,6572,448,5380594,3905,29.6,1021.8,56-614-135
2026-09-05 12:33:15,T,6573,695,5380841,3905,29.6,1021.8,56-614-135
2026-09-05 12:33:16,T,6574,132,5381143,3906,29.6,1021.8,56-614-135
2026-09-05 12:33:16,B,7797,259,5381187,8560,29.6,1021.8,56-614-135
2026-09-05 12:33:17,B,7798,195,5382279,8567,29.6,1021.8,56-614-135
2026-09-05 12:33:17,B,7799,90,5382313,8567,29.6,1021.8,56-614-135
2026-09-05 12:33:17,B,7800,241,5382407,8567,29.6,1021.8,56-614-135
2026-09-05 12:33:17,T,6575,335,5382470,3907,29.6,1021.8,56-614-135
2026-09-05 12:33:17,B,7801,557,5382470,8567,29.6,1021.8,56-614-135
2026-09-05 12:33:17,C,1133,446,5382470,6237,29.6,1021.8,56-614-135
2026-09-05 12:33:17,B,7802,507,5382584,8567,29.6,1021.8,56-614-135
2026-09-05 12:33:17,T,6576,144,5382902,3907,29.6,1021.8,56-614-135
2026-09-05 12:33:18,B,7803,446,5383053,8568,29.6,1021.8,56-614-135
2026-09-05 12:33:18,T,6577,460,5383053,3910,29.6,1021.8,56-614-135
2026-09-05 12:33:18,T,6578,164,5383639,3910,29.6,1021.8,56-614-135
2026-09-05 12:33:18,T,6579,460,5383814,3910,29.6,1021.8,56-614-135
2026-09-05 12:33:19,T,6580,222,5384334,3910,29.6,1021.8,56-614-135
2026-09-05 12:33:20,B,7804,171,5385325,8570,29.6,1021.8,56-614-135
2026-09-05 12:33:21,B,7805,575,5386776,8571,29.6,1021.8,56-614-135
2026-09-05 12:33:22,B,7806,163,5387118,8572,29.6,1021.8,56-614-135
2026-09-05 12:33:22,T,6581,370,5387444,3911,29.6,1021.8,56-614-135
2026-09-05 12:33:23,T,6582,248,5388070,3915,29.6,1021.8,56-614-135
2026-09-05 12:33:23,B,7807,820,5388104,8576,29.6,1021.8,56-614-135
2026-09-05 12:33:23,T,6583,303,5388183,3915,29.6,1021.8,56-614-135
2026-09-05 12:33:23,B,7808,416,5388183,8576,29.6,1021.8,56-614-135
2026-09-05 12:33:23,C,1134,359,5388183,6246,29.6,1021.8,56-614-135
2026-09-05 12:33:23,T,6584,267,5388444,3915,29.6,1021.8,56-614-135
2026-09-05 12:33:23,T,6585,478,5388484,3915,29.6,1021.8,56-614-135
2026-09-05 12:33:23,T,6586,121,5388720,3915,29.6,1021.8,56-614-135
2026-09-05 12:33:23,T,6587,333,5388787,3915,29.6,1021.8,56-614-135
2026-09-05 12:33:25,B,7809,69,5390288,8581,29.6,1021.8,56-614-135
2026-09-05 12:33:25,B,7810,62,5390333,8581,29.6,1021.8,56-614-135
2026-09-05 12:33:25,T,6588,364,5390338,3917,29.6,1021.8,56-614-135
2026-09-05 12:33:25,B,7811,454,5390371,8581,29.6,1021.8,56-614-135
2026-09-05 12:33:25,B,7812,153,5390659,8581,29.6,1021.8,56-614-135
2026-09-05 12:33:25,B,7813,110,5390767,8581,29.6,1021.8,56-614-135
2026-09-05 12:33:25,T,6589,591,5390876,3917,29.6,1021.8,56-614-135
2026-09-05 12:33:26,B,7814,344,5391709,8584,29.6,1021.8,56-614-135
2026-09-05 12:33:26,T,6590,426,5391917,3918,29.6,1021.8,56-614-135
2026-09-05 12:33:26,B,7815,227,5391988,8584,29.6,1021.8,56-614-135
2026-09-05 12:33:27,T,6591,143,5392068,3919,29.6,1021.8,56-614-135
2026-09-05 12:33:27,T,6592,150,5392556,3919,29.6,1021.8,56-614-135
2026-09-05 12:33:28,B,7816,305,5393284,8591,29.6,1021.8,56-614-135
2026-09-05 12:33:28,B,7817,292,5393628,8591,29.6,1021.8,56-614-135
2026-09-05 12:33:28,B,7818,184,5393902,8591,29.6,1021.8,56-614-135
2026-09-05 12:33:28,B,7819,64,5393906,8591,29.6,1021.8,56-614-135
2026-09-05 12:33:28,B,7820,282,5393929,8591,29.6,1021.8,56-614-135
2026-09-05 12:33:28,B,7821,356,5393976,8591,29.6,1021.8,56-614-135
2026-09-05 12:33:29,B,7822,261,5394082,8595,29.6,1021.8,56-614-135
2026-09-05 12:33:29,T,6593,714,5394271,3921,29.6,1021.8,56-614-135
2026-09-05 12:33:29,B,7823,586,5394271,8595,29.6,1021.8,56-614-135
2026-09-05 12:33:29,C,1135,650,5394271,6258,29.6,1021.8,56-614-135
2026-09-05 12:33:30,B,7824,119,5394462,8595,29.6,1021.8,56-614-135
2026-09-05 12:33:30,T,6594,80,5394553,3921,29.6,1021.8,56-614-135
2026-09-05 12:33:30,T,6595,225,5394637,3921,29.6,1021.8,56-614-135
2026-09-05 12:33:30,B,7825,104,5395658,8596,29.6,1021.8,56-614-135
2026-09-05 12:33:32,T,6596,132,5396286,3921,29.6,1021.8,56-614-135
2026-09-05 12:33:32,B,7826,164,5396380,8597,29.6,1021.8,56-614-135
2026-09-05 12:33:34,B,7827,165,5398288,8602,29.6,1021.8,56-614-135
2026-09-05 12:33:34,B,7828,580,5398531,8602,29.6,1021.8,56-614-135
2026-09-05 12:33:34,T,6597,345,5398531,3922,29.6,1021.8,56-614-135
2026-09-05 12:33:34,B,7829,152,5398878,8602,29.6,1021.8,56-614-135
2026-09-05 12:33:34,B,7830,122,5398925,8602,29.6,1021.8,56-614-135
2026-09-05 12:33:35,B,7831,103,5399395,8604,29.6,1021.8,56-614-135
2026-09-05 12:33:35,T,6598,161,5399568,3923,29.6,1021.8,56-614-135
2026-09-05 12:33:35,B,7832,61,5399953,8604,29.6,1021.8,56-614-135
2026-09-05 12:33:36,B,7833,137,5400706,8607,29.6,1021.8,56-614-135
2026-09-05 12:33:36,T,6599,55,5400821,3923,29.6,1021.8,56-614-135
2026-09-05 12:33:36,B,7834,421,5400913,8607,29.6,1021.8,56-614-135
2026-09-05 12:33:37,T,6600,73,5401265,3924,29.6,1021.8,56-614-135
2026-09-05 12:33:37,T,6601,401,5401298,3924,29.6,1021.8,56-614-135
2026-09-05 12:33:37,B,7835,101,5401666,8610,29.6,1021.8,56-614-135
2026-09-05 12:33:37,B,7836,122,5401751,8610,29.6,1021.8,56-614-135
2026-09-05 12:33:37,B,7837,534,5402119,8610,29.6,1021.8,56-614-135
2026-09-05 12:33:39,B,7838,323,5403432,8612,29.6,1021.8,56-614-135
2026-09-05 12:33:39,T,6602,162,5403808,3924,29.6,1021.8,56-614-135
2026-09-05 12:33:40,B,7839,359,5404307,8616,29.6,1021.8,56-614-135
2026-09-05 12:33:40,T,6603,70,5404333,3927,29.6,1021.8,56-614-135
2026-09-05 12:33:40,B,7840,365,5404997,8616,29.6,1021.8,56-614-135
2026-09-05 12:33:40,T,6604,239,5405003,3927,29.6,1021.8,56-614-135
2026-09-05 12:33:40,T,6605,59,5405005,3927,29.6,1021.8,56-614-135
2026-09-05 12:33:40,T,6606,437,5405031,3927,29.6,1021.8,56-614-135
2026-09-05 12:33:40,T,6607,353,5405116,3927,29.6,1021.8,56-614-135
2026-09-05 12:33:40,B,7841,562,5405116,8616,29.6,1021.8,56-614-135
2026-09-05 12:33:40,C,1136,457,5405116,6272,29.6,1021.8,56-614-135
2026-09-05 12:33:41,B,7842,538,5406148,8618,29.6,1021.8,56-614-135
2026-09-05 12:33:42,T,6608,253,5407010,3928,29.7,1021.8,56-614-135
2026-09-05 12:33:43,B,7843,161,5407333,8623,29.7,1021.8,56-614-135
2026-09-05 12:33:43,B,7844,174,5407424,8623,29.7,1021.8,56-614-135
2026-09-05 12:33:43,B,7845,50,5407434,8623,29.7,1021.8,56-614-135
2026-09-05 12:33:43,B,7846,99,5407443,8623,29.7,1021.8,56-614-135
2026-09-05 12:33:43,B,7847,225,5407495,8623,29.7,1021.8,56-614-135
2026-09-05 12:33:43,T,6609,104,5408053,3928,29.7,1021.8,56-614-135
2026-09-05 12:33:44,T,6610,321,5408476,3929,29.7,1021.8,56-614-135
2026-09-05 12:33:44,B,7848,749,5408547,8625,29.7,1021.8,56-614-135
2026-09-05 12:33:45,T,6611,145,5409365,3931,29.7,1021.8,56-614-135
2026-09-05 12:33:45,T,6612,311,5409795,3931,29.7,1021.8,56-614-135
2026-09-05 12:33:45,T,6613,195,5410050,3931,29.7,1021.8,56-614-135
2026-09-05 12:33:46,T,6614,104,5410283,3933,29.7,1021.8,56-614-135
2026-09-05 12:33:46,B,7849,57,5410368,8625,29.7,1021.8,56-614-135
2026-09-05 12:33:46,T,6615,115,5410766,3933,29.7,1021.8,56-614-135
2026-09-05 12:33:46,T,6616,196,5411174,3933,29.7,1021.8,56-614-135
2026-09-05 12:33:46,T,6617,213,5411258,3933,29.7,1021.8,56-614-135
2026-09-05 12:33:47,B,7850,95,5411451,8628,29.7,1021.8,56-614-135
2026-09-05 12:33:47,B,7851,308,5412064,8628,29.7,1021.8,56-614-135
2026-09-05 12:33:47,T,6618,120,5412200,3933,29.7,1021.8,56-614-135
2026-09-05 12:33:48,T,6619,544,5412385,3934,29.7,1021.8,56-614-135
2026-09-05 12:33:48,T,6620,114,5412467,3934,29.7,1021.8,56-614-135
2026-09-05 12:33:48,B,7852,84,5412670,8630,29.7,1021.8,56-614-135
2026-09-05 12:33:48,B,7853,129,5412771,8630,29.7,1021.8,56-614-135
2026-09-05 12:33:49,B,7854,72,5413739,8632,29.7,1021.8,56-614-135
2026-09-05 12:33:49,B,7855,375,5414266,8632,29.7,1021.8,56-614-135
2026-09-05 12:33:50,T,6621,95,5414408,3936,29.7,1021.8,56-614-135
2026-09-05 12:33:50,B,7856,247,5414723,8636,29.7,1021.8,56-614-135
2026-09-05 12:33:50,B,7857,102,5414956,8636,29.7,1021.8,56-614-135
2026-09-05 12:33:50,T,6622,535,5415003,3936,29.7,1021.8,56-614-135
2026-09-05 12:33:50,B,7858,481,5415003,8636,29.7,1021.8,56-614-135
2026-09-05 12:33:50,C,1137,508,5415003,6286,29.7,1021.8,56-614-135
2026-09-05 12:33:51,B,7859,812,5415349,8638,29.7,1021.8,56-614-135
2026-09-05 12:33:51,B,7860,80,5415578,8638,29.7,1021.8,56-614-135
2026-09-05 12:33:51,T,6623,229,5415961,3936,29.7,1021.8,56-614-135
2026-09-05 12:33:52,T,6624,459,5416426,3938,29.7,1021.8,56-614-135
2026-09-05 12:33:52,B,7861,64,5416616,8640,29.7,1021.8,56-614-135
2026-09-05 12:33:52,B,7862,58,5417056,8640,29.7,1021.8,56-614-135
2026-09-05 12:33:52,T,6625,222,5417283,3938,29.7,1021.8,56-614-135
2026-09-05 12:33:53,T,6626,97,5417669,3938,29.7,1021.8,56-614-135
2026-09-05 12:33:53,B,7863,56,5417674,8640,29.7,1021.8,56-614-135
2026-09-05 12:33:53,T,6627,77,5417795,3938,29.7,1021.8,56-614-135
2026-09-05 12:33:54,B,7864,148,5418955,8641,29.7,1021.8,56-614-135
2026-09-05 12:33:54,T,6628,200,5419309,3939,29.7,1021.8,56-614-135
2026-09-05 12:33:54,T,6629,58,5419363,3939,29.7,1021.8,56-614-135
2026-09-05 12:33:55,B,7865,214,5419730,8644,29.7,1021.8,56-614-135
2026-09-05 12:33:55,B,7866,128,5419745,8644,29.7,1021.8,56-614-135
2026-09-05 12:33:55,B,7867,106,5420023,8644,29.7,1021.8,56-614-135
2026-09-05 12:33:56,B,7868,300,5420406,8647,29.7,1021.8,56-614-135
2026-09-05 12:33:56,T,6630,178,5421184,3940,29.7,1021.8,56-614-135
2026-09-05 12:33:56,B,7869,125,5421376,8647,29.7,1021.8,56-614-135
2026-09-05 12:33:57,T,6631,56,5422331,3940,29.7,1021.8,56-614-135
2026-09-05 12:33:57,B,7870,58,5422338,8648,29.7,1021.8,56-614-135
2026-09-05 12:33:58,B,7871,147,5423100,8650,29.7,1021.8,56-614-135
2026-09-05 12:33:58,B,7872,63,5423110,8650,29.7,1021.8,56-614-135
2026-09-05 12:33:58,T,6632,60,5423183,3940,29.7,1021.8,56-614-135
2026-09-05 12:33:58,B,7873,53,5423298,8650,29.7,1021.8,56-614-135
2026-09-05 12:33:59,T,6633,108,5423771,3940,29.7,1021.8,56-614-135
2026-09-05 12:33:59,B,7874,80,5423775,8651,29.7,1021.8,56-614-135
2026-09-05 12:34:00,B,7875,139,5424640,8654,29.7,1021.8,56-614-135
2026-09-05 12:34:00,B,7876,96,5424665,8654,29.7,1021.8,56-614-135
2026-09-05 12:34:00,T,6634,76,5424671,3941,29.7,1021.8,56-614-135
2026-09-05 12:34:00,T,6635,368,5424825,3941,29.7,1021.8,56-614-135
2026-09-05 12:34:00,B,7877,54,5425382,8654,29.7,1021.8,56-614-135
2026-09-05 12:34:00,T,6636,98,5425413,3941,29.7,1021.8,56-614-135
2026-09-05 12:34:02,B,7878,279,5426744,8659,29.7,1021.8,56-614-135
2026-09-05 12:34:02,B,7879,554,5426761,8659,29.7,1021.8,56-614-135
2026-09-05 12:34:02,B,7880,74,5426851,8659,29.7,1021.8,56-614-135
2026-09-05 12:34:02,B,7881,343,5427273,8659,29.7,1021.8,56-614-135
2026-09-05 12:34:02,T,6637,62,5427450,3942,29.7,1021.8,56-614-135
2026-09-05 12:34:03,B,7882,179,5427511,8661,29.7,1021.8,56-614-135
2026-09-05 12:34:03,B,7883,71,5427682,8661,29.7,1021.8,56-614-135
2026-09-05 12:34:03,B,7884,50,5427808,8661,29.7,1021.8,56-614-135
2026-09-05 12:34:03,T,6638,74,5428380,3942,29.7,1021.8,56-614-135
2026-09-05 12:34:04,B,7885,68,5428690,8663,29.7,1021.8,56-614-135
2026-09-05 12:34:04,T,6639,171,5428952,3942,29.7,1021.8,56-614-135
2026-09-05 12:34:04,B,7886,119,5429234,8663,29.7,1021.8,56-614-135
2026-09-05 12:34:05,B,7887,55,5429555,8665,29.7,1021.8,56-614-135
2026-09-05 12:34:05,B,7888,578,5429907,8665,29.7,1021.8,56-614-135
2026-09-05 12:34:06,B,7889,640,5430670,8667,29.7,1021.8,56-614-135
2026-09-05 12:34:06,T,6640,135,5430893,3943,29.7,1021.8,56-614-135
2026-09-05 12:34:07,B,7890,51,5431803,8668,29.7,1021.8,56-614-135
2026-09-05 12:34:08,B,7891,54,5432710,8672,29.7,1021.8,56-614-135
2026-09-05 12:34:08,T,6641,463,5432874,3945,29.7,1021.8,56-614-135
2026-09-05 12:34:08,T,6642,73,5432999,3945,29.7,1021.8,56-614-135
2026-09-05 12:34:08,T,6643,311,5433106,3945,29.7,1021.8,56-614-135
2026-09-05 12:34:08,B,7892,430,5433106,8672,29.7,1021.8,56-614-135
2026-09-05 12:34:08,C,1138,371,5433106,6309,29.7,1021.8,56-614-135
2026-09-05 12:34:08,T,6644,362,5433281,3945,29.7,1021.8,56-614-135
2026-09-05 12:34:08,B,7893,500,5433281,8672,29.7,1021.8,56-614-135
2026-09-05 12:34:08,C,1139,431,5433281,6309,29.7,1021.8,56-614-135
2026-09-05 12:34:10,T,6645,182,5435002,3947,29.7,1021.8,56-614-135
2026-09-05 12:34:10,T,6646,189,5435091,3947,29.7,1021.8,56-614-135
2026-09-05 12:34:11,B,7894,612,5435769,8673,29.7,1021.8,56-614-135
2026-09-05 12:34:11,T,6647,172,5435919,3948,29.7,1021.8,56-614-135
2026-09-05 12:34:11,T,6648,143,5436571,3948,29.7,1021.8,56-614-135
2026-09-05 12:34:12,T,6649,432,5437019,3949,29.7,1021.8,56-614-135
2026-09-05 12:34:12,B,7895,408,5437019,8676,29.7,1021.8,56-614-135
2026-09-05 12:34:12,C,1140,420,5437019,6312,29.7,1021.8,56-614-135
2026-09-05 12:34:12,B,7896,63,5437539,8676,29.7,1021.8,56-614-135
2026-09-05 12:34:13,T,6650,248,5437713,3950,29.7,1021.8,56-614-135
2026-09-05 12:34:13,T,6651,227,5438368,3950,29.7,1021.8,56-614-135
2026-09-05 12:34:13,T,6652,63,5438560,3950,29.7,1021.8,56-614-135
2026-09-05 12:34:14,T,6653,152,5439039,3952,29.7,1021.8,56-614-135
2026-09-05 12:34:14,T,6654,272,5439536,3952,29.7,1021.8,56-614-135
2026-09-05 12:34:14,T,6655,846,5439603,3952,29.7,1021.8,56-614-135
2026-09-05 12:34:15,B,7897,112,5439759,8678,29.7,1021.8,56-614-135
2026-09-05 12:34:15,B,7898,68,5440477,8678,29.7,1021.8,56-614-135
2026-09-05 12:34:16,T,6656,413,5441276,3953,29.7,1021.8,56-614-135
2026-09-05 12:34:17,T,6657,86,5442370,3954,29.7,1021.8,56-614-135
2026-09-05 12:34:17,T,6658,95,5442584,3954,29.7,1021.8,56-614-135
2026-09-05 12:34:17,T,6659,59,5442594,3954,29.7,1021.8,56-614-135
2026-09-05 12:34:18,T,6660,64,5443486,3954,29.7,1021.8,56-614-135
2026-09-05 12:34:19,B,7899,50,5444160,8682,29.7,1021.8,56-614-135
2026-09-05 12:34:19,T,6661,163,5444182,3957,29.7,1021.8,56-614-135
2026-09-05 12:34:19,T,6662,322,5444224,3957,29.7,1021.8,56-614-135
2026-09-05 12:34:19,T,6663,87,5444312,3957,29.7,1021.8,56-614-135
2026-09-05 12:34:19,B,7900,699,5444517,8682,29.7,1021.8,56-614-135
2026-09-05 12:34:19,T,6664,452,5444580,3957,29.7,1021.8,56-614-135
2026-09-05 12:34:19,B,7901,436,5444580,8682,29.7,1021.8,56-614-135
2026-09-05 12:34:19,C,1141,444,5444580,6319,29.7,1021.8,56-614-135
2026-09-05 12:34:20,T,6665,204,5444791,3957,29.7,1021.8,56-614-135
2026-09-05 12:34:20,B,7902,332,5445419,8683,29.7,1021.8,56-614-135
2026-09-05 12:34:21,T,6666,326,5446341,3958,29.7,1021.8,56-614-135
2026-09-05 12:34:21,B,7903,70,5446431,8684,29.7,1021.8,56-614-135
2026-09-05 12:34:22,T,6667,453,5446761,3960,29.7,1021.9,56-614-135
2026-09-05 12:34:22,T,6668,242,5447642,3960,29.7,1021.9,56-614-135
2026-09-05 12:34:22,T,6669,362,5447702,3960,29.7,1021.9,56-614-135
2026-09-05 12:34:22,B,7904,518,5447702,8686,29.7,1021.9,56-614-135
2026-09-05 12:34:22,C,1142,440,5447702,6323,29.7,1021.9,56-614-135
2026-09-05 12:34:23,T,6670,245,5447733,3961,29.7,1021.9,56-614-135
2026-09-05 12:34:23,B,7905,98,5448399,8687,29.7,1021.9,56-614-135
2026-09-05 12:34:24,T,6671,494,5449107,3962,29.7,1021.9,56-614-135
2026-09-05 12:34:24,B,7906,271,5449510,8688,29.7,1021.9,56-614-135
2026-09-05 12:34:25,T,6672,142,5449772,3962,29.7,1021.9,56-614-135
2026-09-05 12:34:25,B,7907,211,5449830,8689,29.7,1021.9,56-614-135
2026-09-05 12:34:26,T,6673,201,5451543,3963,29.7,1021.9,56-614-135
2026-09-05 12:34:26,T,6674,62,5451572,3963,29.7,1021.9,56-614-135
2026-09-05 12:34:27,B,7908,83,5452244,8692,29.8,1021.8,56-614-135
2026-09-05 12:34:27,B,7909,65,5452336,8692,29.8,1021.8,56-614-135
2026-09-05 12:34:27,B,7910,278,5452773,8692,29.8,1021.8,56-614-135
2026-09-05 12:34:28,B,7911,77,5453130,8694,29.8,1021.8,56-614-135
2026-09-05 12:34:28,T,6675,69,5453682,3963,29.8,1021.8,56-614-135
2026-09-05 12:34:28,B,7912,146,5453732,8694,29.8,1021.8,56-614-135
2026-09-05 12:34:29,T,6676,382,5454404,3964,29.8,1021.8,56-614-135
2026-09-05 12:34:29,B,7913,102,5454523,8695,29.8,1021.8,56-614-135
2026-09-05 12:34:30,T,6677,214,5455546,3965,29.8,1021.8,56-614-135
2026-09-05 12:34:31,T,6678,58,5456500,3966,29.8,1021.8,56-614-135
2026-09-05 12:34:31,T,6679,232,5456614,3966,29.8,1021.8,56-614-135
2026-09-05 12:34:32,T,6680,153,5456943,3967,29.8,1021.8,56-614-135
2026-09-05 12:34:32,B,7914,123,5457042,8700,29.8,1021.8,56-614-135
2026-09-05 12:34:32,B,7915,50,5457198,8700,29.8,1021.8,56-614-135
2026-09-05 12:34:32,B,7916,68,5457282,8700,29.8,1021.8,56-614-135
2026-09-05 12:34:32,T,6681,703,5457717,3967,29.8,1021.8,56-614-135
2026-09-05 12:34:32,B,7917,409,5457717,8700,29.8,1021.8,56-614-135
2026-09-05 12:34:32,C,1143,556,5457717,6334,29.8,1021.8,56-614-135
2026-09-05 12:34:32,B,7918,95,5457804,8700,29.8,1021.8,56-614-135
2026-09-05 12:34:34,B,7919,88,5459404,8704,29.8,1021.8,56-614-135
2026-09-05 12:34:34,T,6682,67,5459609,3967,29.8,1021.8,56-614-135
2026-09-05 12:34:34,B,7920,147,5459643,8704,29.8,1021.8,56-614-135
2026-09-05 12:34:34,B,7921,650,5459703,8704,29.8,1021.8,56-614-135
2026-09-05 12:34:35,B,7922,601,5460085,8706,29.8,1021.8,56-614-135
2026-09-05 12:34:36,B,7923,141,5461014,8709,29.8,1021.8,56-614-135
2026-09-05 12:34:36,T,6683,71,5461035,3969,29.8,1021.8,56-614-135
2026-09-05 12:34:36,T,6684,737,5461102,3969,29.8,1021.8,56-614-135
2026-09-05 12:34:36,B,7924,472,5461102,8709,29.8,1021.8,56-614-135
2026-09-05 12:34:36,C,1144,604,5461102,6339,29.8,1021.8,56-614-135
2026-09-05 12:34:37,T,6685,58,5461908,3970,29.8,1021.9,56-614-135
2026-09-05 12:34:37,T,6686,206,5461979,3970,29.8,1021.9,56-614-135
2026-09-05 12:34:37,T,6687,386,5462176,3970,29.8,1021.9,56-614-135
2026-09-05 12:34:37,B,7925,543,5462605,8710,29.8,1021.9,56-614-135
2026-09-05 12:34:39,B,7926,229,5463934,8712,29.8,1021.9,56-614-135
2026-09-05 12:34:39,T,6688,333,5464292,3971,29.8,1021.9,56-614-135
2026-09-05 12:34:40,B,7927,364,5465454,8716,29.8,1021.9,56-614-135
2026-09-05 12:34:40,B,7928,167,5465509,8716,29.8,1021.9,56-614-135
2026-09-05 12:34:40,B,7929,166,5465573,8716,29.8,1021.9,56-614-135
2026-09-05 12:34:40,B,7930,56,5465670,8716,29.8,1021.9,56-614-135
2026-09-05 12:34:41,T,6689,74,5465968,3971,29.8,1021.9,56-614-135
2026-09-05 12:34:41,B,7931,64,5466014,8718,29.8,1021.9,56-614-135
2026-09-05 12:34:41,B,7932,134,5466219,8718,29.8,1021.9,56-614-135
2026-09-05 12:34:42,B,7933,520,5467075,8722,29.8,1021.8,56-614-135
2026-09-05 12:34:42,T,6690,389,5467117,3974,29.8,1021.8,56-614-135
2026-09-05 12:34:42,B,7934,409,5467117,8722,29.8,1021.8,56-614-135
2026-09-05 12:34:42,C,1145,399,5467117,6348,29.8,1021.8,56-614-135
2026-09-05 12:34:42,T,6691,430,5467338,3974,29.8,1021.8,56-614-135
2026-09-05 12:34:42,T,6692,69,5467411,3974,29.8,1021.8,56-614-135
2026-09-05 12:34:42,T,6693,219,5467639,3974,29.8,1021.8,56-614-135
2026-09-05 12:34:42,B,7935,94,5467810,8722,29.8,1021.8,56-614-135
2026-09-05 12:34:43,B,7936,129,5468647,8724,29.8,1021.8,56-614-135
2026-09-05 12:34:43,B,7937,300,5468899,8724,29.8,1021.8,56-614-135
2026-09-05 12:34:44,B,7938,79,5469589,8725,29.8,1021.8,56-614-135
2026-09-05 12:34:45,B,7939,112,5470212,8729,29.8,1021.8,56-614-135
2026-09-05 12:34:45,B,7940,480,5470700,8729,29.8,1021.8,56-614-135
2026-09-05 12:34:45,B,7941,61,5470980,8729,29.8,1021.8,56-614-135
2026-09-05 12:34:46,B,7942,157,5471365,8730,29.8,1021.8,56-614-135
2026-09-05 12:34:46,T,6694,572,5471384,3976,29.8,1021.8,56-614-135
2026-09-05 12:34:46,T,6695,295,5471894,3976,29.8,1021.8,56-614-135
2026-09-05 12:34:47,T,6696,298,5472031,3976,29.8,1021.8,56-614-135
2026-09-05 12:34:47,B,7943,644,5472343,8732,29.8,1021.8,56-614-135
2026-09-05 12:34:47,B,7944,50,5472550,8732,29.8,1021.8,56-614-135
2026-09-05 12:34:48,B,7945,348,5473254,8734,29.8,1021.8,56-614-135
2026-09-05 12:34:49,T,6697,70,5474169,3977,29.8,1021.8,56-614-135
2026-09-05 12:34:49,T,6698,209,5474388,3977,29.8,1021.8,56-614-135
2026-09-05 12:34:49,B,7946,322,5474675,8735,29.8,1021.8,56-614-135
2026-09-05 12:34:50,B,7947,88,5475959,8736,29.8,1021.8,56-614-135
2026-09-05 12:34:51,T,6699,239,5476257,3979,29.8,1021.8,56-614-135
2026-09-05 12:34:51,T,6700,86,5476341,3979,29.8,1021.8,56-614-135
2026-09-05 12:34:51,T,6701,233,5476364,3979,29.8,1021.8,56-614-135
2026-09-05 12:34:52,T,6702,453,5477338,3980,29.8,1021.8,56-614-135
2026-09-05 12:34:52,B,7948,572,5477338,8738,29.8,1021.8,56-614-135
2026-09-05 12:34:52,C,1146,512,5477338,6359,29.8,1021.8,56-614-135
2026-09-05 12:34:52,T,6703,71,5477813,3980,29.8,1021.8,56-614-135
2026-09-05 12:34:52,T,6704,76,5477826,3980,29.8,1021.8,56-614-135
2026-09-05 12:34:53,T,6705,734,5478463,3982,29.8,1021.8,56-614-135
2026-09-05 12:34:53,B,7949,491,5478599,8739,29.8,1021.8,56-614-135
2026-09-05 12:34:53,T,6706,130,5479067,3982,29.8,1021.8,56-614-135
2026-09-05 12:34:54,T,6707,74,5479494,3983,29.8,1021.8,56-614-135
2026-09-05 12:34:54,B,7950,105,5479746,8740,29.8,1021.8,56-614-135
2026-09-05 12:34:54,T,6708,504,5479880,3983,29.8,1021.8,56-614-135
2026-09-05 12:34:56,B,7951,194,5480789,8742,29.8,1021.8,56-614-135
2026-09-05 12:34:57,B,7952,167,5481242,8746,29.8,1021.8,56-614-135
2026-09-05 12:34:57,B,7953,430,5481288,8746,29.8,1021.8,56-614-135
2026-09-05 12:34:57,T,6709,112,5481310,3983,29.8,1021.8,56-614-135
2026-09-05 12:34:57,B,7954,407,5482057,8746,29.8,1021.8,56-614-135
2026-09-05 12:34:58,T,6710,221,5482961,3984,29.8,1021.8,56-614-135
2026-09-05 12:34:58,T,6711,100,5483040,3984,29.8,1021.8,56-614-135
2026-09-05 12:34:58,B,7955,279,5483127,8747,29.8,1021.8,56-614-135
2026-09-05 12:34:59,T,6712,133,5483172,3985,29.8,1021.8,56-614-135
2026-09-05 12:34:59,B,7956,551,5483694,8751,29.8,1021.8,56-614-135
2026-09-05 12:34:59,T,6713,87,5484011,3985,29.8,1021.8,56-614-135
2026-09-05 12:34:59,B,7957,272,5484047,8751,29.8,1021.8,56-614-135
2026-09-05 12:35:00,T,6714,76,5484499,3985,29.8,1021.8,56-614-135
2026-09-05 12:35:01,T,6715,413,5485334,3986,29.8,1021.8,56-614-135
2026-09-05 12:35:01,B,7958,266,5485515,8752,29.8,1021.8,56-614-135
2026-09-05 12:35:02,T,6716,169,5486168,3987,29.8,1021.8,56-614-135
2026-09-05 12:35:02,T,6717,56,5486204,3987,29.8,1021.8,56-614-135
2026-09-05 12:35:02,T,6718,364,5486454,3987,29.8,1021.8,56-614-135
2026-09-05 12:35:02,B,7959,115,5486840,8753,29.8,1021.8,56-614-135
2026-09-05 12:35:04,T,6719,360,5488234,3989,29.8,1021.8,56-614-135
2026-09-05 12:35:04,B,7960,616,5488234,8755,29.8,1021.8,56-614-135
2026-09-05 12:35:04,C,1147,488,5488234,6372,29.8,1021.8,56-614-135
2026-09-05 12:35:04,T,6720,124,5488607,3989,29.8,1021.8,56-614-135
2026-09-05 12:35:04,T,6721,82,5488891,3989,29.8,1021.8,56-614-135
2026-09-05 12:35:05,T,6722,435,5489458,3990,29.8,1021.8,56-614-135
2026-09-05 12:35:05,B,7961,479,5489458,8758,29.8,1021.8,56-614-135
2026-09-05 12:35:05,C,1148,457,5489458,6374,29.8,1021.8,56-614-135
2026-09-05 12:35:05,B,7962,477,5490146,8758,29.8,1021.8,56-614-135
2026-09-05 12:35:06,T,6723,106,5490454,3990,29.8,1021.8,56-614-135
2026-09-05 12:35:06,T,6724,99,5490724,3990,29.8,1021.8,56-614-135
2026-09-05 12:35:07,B,7963,83,5491425,8759,29.8,1021.8,56-614-135
2026-09-05 12:35:07,T,6725,144,5491971,3991,29.8,1021.8,56-614-135
2026-09-05 12:35:07,T,6726,246,5492133,3991,29.8,1021.8,56-614-135
2026-09-05 12:35:08,B,7964,512,5492383,8762,29.8,1021.8,56-614-135
2026-09-05 12:35:08,B,7965,301,5492580,8762,29.8,1021.8,56-614-135
2026-09-05 12:35:09,B,7966,220,5493881,8764,29.8,1021.8,56-614-135
2026-09-05 12:35:09,B,7967,115,5493902,8764,29.8,1021.8,56-614-135
2026-09-05 12:35:10,B,7968,152,5494945,8766,29.8,1021.8,56-614-135
2026-09-05 12:35:10,T,6727,148,5495107,3992,29.8,1021.8,56-614-135
2026-09-05 12:35:11,T,6728,121,5495574,3993,29.8,1021.8,56-614-135
2026-09-05 12:35:11,B,7969,52,5495775,8768,29.8,1021.8,56-614-135
2026-09-05 12:35:11,T,6729,115,5495900,3993,29.8,1021.8,56-614-135
2026-09-05 12:35:11,B,7970,455,5496008,8768,29.8,1021.8,56-614-135
2026-09-05 12:35:12,B,7971,103,5496569,8769,29.8,1021.8,56-614-135
2026-09-05 12:35:13,B,7972,606,5497428,8772,29.9,1021.8,56-614-135
2026-09-05 12:35:13,T,6730,417,5497659,3996,29.9,1021.8,56-614-135
2026-09-05 12:35:13,T,6731,352,5498034,3996,29.9,1021.8,56-614-135
2026-09-05 12:35:13,T,6732,362,5498075,3996,29.9,1021.8,56-614-135
2026-09-05 12:35:13,B,7973,462,5498075,8772,29.9,1021.8,56-614-135
2026-09-05 12:35:13,C,1149,412,5498075,6384,29.9,1021.8,56-614-135
2026-09-05 12:35:13,T,6733,118,5498285,3996,29.9,1021.8,56-614-135
2026-09-05 12:35:14,B,7974,123,5498404,8779,29.9,1021.8,56-614-135
2026-09-05 12:35:14,B,7975,152,5498558,8779,29.9,1021.8,56-614-135
2026-09-05 12:35:14,T,6734,350,5498976,3996,29.9,1021.8,56-614-135
2026-09-05 12:35:14,B,7976,548,5498976,8779,29.9,1021.8,56-614-135
2026-09-05 12:35:14,C,1150,449,5498976,6388,29.9,1021.8,56-614-135
2026-09-05 12:35:14,B,7977,527,5499026,8779,29.9,1021.8,56-614-135
2026-09-05 12:35:14,B,7978,155,5499094,8779,29.9,1021.8,56-614-135
2026-09-05 12:35:15,T,6735,461,5499407,3998,29.9,1021.8,56-614-135
2026-09-05 12:35:15,T,6736,292,5500307,3998,29.9,1021.8,56-614-135
2026-09-05 12:35:16,T,6737,574,5501047,3999,29.9,1021.8,56-614-135
2026-09-05 12:35:16,B,7979,304,5501047,8782,29.9,1021.8,56-614-135
2026-09-05 12:35:16,C,1151,439,5501047,6391,29.9,1021.8,56-614-135
2026-09-05 12:35:16,B,7980,71,5501230,8782,29.9,1021.8,56-614-135
2026-09-05 12:35:16,B,7981,93,5501297,8782,29.9,1021.8,56-614-135
2026-09-05 12:35:17,B,7982,55,5502107,8783,29.9,1021.8,56-614-135
2026-09-05 12:35:18,B,7983,102,5502448,8788,29.9,1021.8,56-614-135
2026-09-05 12:35:18,B,7984,638,5502666,8788,29.9,1021.8,56-614-135
2026-09-05 12:35:18,B,7985,77,5502668,8788,29.9,1021.8,56-614-135
2026-09-05 12:35:18,T,6738,529,5502668,4001,29.9,1021.8,56-614-135
2026-09-05 12:35:18,B,7986,119,5502847,8788,29.9,1021.8,56-614-135
2026-09-05 12:35:18,T,6739,279,5503070,4001,29.9,1021.8,56-614-135
2026-09-05 12:35:18,T,6740,77,5503342,4001,29.9,1021.8,56-614-135
2026-09-05 12:35:19,B,7987,281,5504351,8790,29.9,1021.8,56-614-135
2026-09-05 12:35:19,B,7988,164,5504391,8790,29.9,1021.8,56-614-135
2026-09-05 12:35:20,B,7989,297,5504574,8792,29.9,1021.8,56-614-135
2026-09-05 12:35:22,B,7990,164,5506662,8794,29.9,1021.8,56-614-135
2026-09-05 12:35:22,B,7991,98,5507057,8794,29.9,1021.8,56-614-135
2026-09-05 12:35:23,B,7992,359,5507502,8798,29.9,1021.8,56-614-135
2026-09-05 12:35:23,B,7993,143,5507951,8798,29.9,1021.8,56-614-135
2026-09-05 12:35:23,T,6741,209,5508301,4003,29.9,1021.8,56-614-135
2026-09-05 12:35:23,B,7994,84,5508318,8798,29.9,1021.8,56-614-135
2026-09-05 12:35:23,T,6742,515,5508330,4003,29.9,1021.8,56-614-135
2026-09-05 12:35:23,B,7995,141,5508430,8798,29.9,1021.8,56-614-135
2026-09-05 12:35:25,T,6743,342,5509682,4003,29.9,1021.8,56-614-135
2026-09-05 12:35:25,B,7996,161,5509682,8800,29.9,1021.8,56-614-135
2026-09-05 12:35:25,C,1152,251,5509682,6402,29.9,1021.8,56-614-135
2026-09-05 12:35:26,B,7997,55,5511371,8801,29.9,1021.8,56-614-135
2026-09-05 12:35:26,T,6744,393,5511390,4004,29.9,1021.8,56-614-135
2026-09-05 12:35:26,B,7998,167,5511461,8801,29.9,1021.8,56-614-135
2026-09-05 12:35:27,B,7999,153,5512071,8804,29.9,1021.8,56-614-135
2026-09-05 12:35:27,B,8000,169,5512207,8804,29.9,1021.8,56-614-135
2026-09-05 12:35:28,B,8001,99,5513301,8805,29.9,1021.8,56-614-135
2026-09-05 12:35:29,B,8002,142,5513692,8809,29.9,1021.8,56-614-135
2026-09-05 12:35:29,B,8003,290,5513802,8809,29.9,1021.8,56-614-135
2026-09-05 12:35:29,T,6745,88,5514428,4005,29.9,1021.8,56-614-135
2026-09-05 12:35:30,T,6746,79,5514598,4006,29.9,1021.8,56-614-135
2026-09-05 12:35:30,T,6747,512,5514985,4006,29.9,1021.8,56-614-135
2026-09-05 12:35:30,T,6748,157,5515301,4006,29.9,1021.8,56-614-135
2026-09-05 12:35:31,T,6749,434,5516201,4008,29.9,1021.8,56-614-135
2026-09-05 12:35:31,B,8004,732,5516201,8810,29.9,1021.8,56-614-135
2026-09-05 12:35:31,C,1153,583,5516201,6409,29.9,1021.8,56-614-135
2026-09-05 12:35:31,T,6750,227,5516254,4008,29.9,1021.8,56-614-135
2026-09-05 12:35:32,T,6751,274,5516637,4009,29.9,1021.8,56-614-135
2026-09-05 12:35:32,T,6752,89,5517222,4009,29.9,1021.8,56-614-135
2026-09-05 12:35:33,T,6753,200,5518014,4010,29.9,1021.8,56-614-135
2026-09-05 12:35:33,T,6754,202,5518471,4010,29.9,1021.8,56-614-135
2026-09-05 12:35:35,B,8005,104,5519735,8815,29.9,1021.8,56-614-135
2026-09-05 12:35:35,T,6755,407,5519788,4011,29.9,1021.8,56-614-135
2026-09-05 12:35:35,B,8006,421,5519788,8815,29.9,1021.8,56-614-135
2026-09-05 12:35:35,C,1154,414,5519788,6413,29.9,1021.8,56-614-135
2026-09-05 12:35:35,B,8007,111,5520103,8815,29.9,1021.8,56-614-135
2026-09-05 12:35:35,B,8008,57,5520123,8815,29.9,1021.8,56-614-135
2026-09-05 12:35:35,T,6756,139,5520406,4011,29.9,1021.8,56-614-135
2026-09-05 12:35:36,T,6757,129,5520686,4012,29.9,1021.8,56-614-135
2026-09-05 12:35:37,B,8009,153,5521991,8816,29.9,1021.8,56-614-135
2026-09-05 12:35:38,T,6758,185,5522741,4012,29.9,1021.8,56-614-135
2026-09-05 12:35:39,B,8010,78,5524347,8817,29.9,1021.8,56-614-135
2026-09-05 12:35:40,T,6759,550,5524677,4014,29.9,1021.8,56-614-135
2026-09-05 12:35:40,B,8011,422,5524677,8820,29.9,1021.8,56-614-135
2026-09-05 12:35:40,C,1155,486,5524677,6417,29.9,1021.8,56-614-135
2026-09-05 12:35:40,B,8012,473,5525159,8820,29.9,1021.8,56-614-135
2026-09-05 12:35:40,T,6760,538,5525191,4014,29.9,1021.8,56-614-135
2026-09-05 12:35:41,B,8013,116,5525683,8826,29.9,1021.8,56-614-135
2026-09-05 12:35:41,B,8014,638,5526195,8826,29.9,1021.8,56-614-135
2026-09-05 12:35:41,B,8015,472,5526473,8826,29.9,1021.8,56-614-135
2026-09-05 12:35:41,B,8016,88,5526514,8826,29.9,1021.8,56-614-135
2026-09-05 12:35:41,B,8017,53,5526517,8826,29.9,1021.8,56-614-135
2026-09-05 12:35:42,T,6761,418,5526671,4015,29.9,1021.8,56-614-135
2026-09-05 12:35:43,T,6762,174,5527753,4016,29.9,1021.8,56-614-135
2026-09-05 12:35:43,B,8018,54,5528175,8827,29.9,1021.8,56-614-135
2026-09-05 12:35:44,B,8019,87,5528890,8831,29.9,1021.8,56-614-135
2026-09-05 12:35:44,B,8020,68,5529295,8831,29.9,1021.8,56-614-135
2026-09-05 12:35:44,B,8021,208,5529441,8831,29.9,1021.8,56-614-135
2026-09-05 12:35:44,B,8022,457,5529667,8831,29.9,1021.8,56-614-135
2026-09-05 12:35:45,T,6763,223,5529758,4017,29.9,1021.8,56-614-135
2026-09-05 12:35:45,T,6764,67,5530002,4017,29.9,1021.8,56-614-135
2026-09-05 12:35:45,T,6765,65,5530620,4017,29.9,1021.8,56-614-135
2026-09-05 12:35:46,T,6766,382,5530778,4018,29.9,1021.8,56-614-135
2026-09-05 12:35:46,B,8023,64,5531034,8834,29.9,1021.8,56-614-135
2026-09-05 12:35:46,T,6767,55,5531576,4018,29.9,1021.8,56-614-135
2026-09-05 12:35:46,T,6768,294,5531581,4018,29.9,1021.8,56-614-135
2026-09-05 12:35:46,B,8024,564,5531581,8834,29.9,1021.8,56-614-135
2026-09-05 12:35:46,C,1156,429,5531581,6426,29.9,1021.8,56-614-135
2026-09-05 12:35:47,B,8025,127,5531882,8837,29.9,1021.8,56-614-135
2026-09-05 12:35:47,B,8026,510,5531923,8837,29.9,1021.8,56-614-135
2026-09-05 12:35:48,B,8027,280,5532830,8839,29.9,1021.8,56-614-135
2026-09-05 12:35:48,B,8028,60,5533328,8839,29.9,1021.8,56-614-135
2026-09-05 12:35:48,T,6769,225,5533330,4019,29.9,1021.8,56-614-135
2026-09-05 12:35:49,T,6770,75,5533836,4020,29.9,1021.8,56-614-135
2026-09-05 12:35:49,T,6771,187,5534463,4020,29.9,1021.8,56-614-135
2026-09-05 12:35:49,B,8029,133,5534522,8841,29.9,1021.8,56-614-135
2026-09-05 12:35:49,B,8030,58,5534631,8841,29.9,1021.8,56-614-135
2026-09-05 12:35:51,B,8031,473,5535913,8844,29.9,1021.8,56-614-135
2026-09-05 12:35:51,T,6772,152,5536288,4021,29.9,1021.8,56-614-135
2026-09-05 12:35:51,B,8032,55,5536288,8844,29.9,1021.8,56-614-135
2026-09-05 12:35:51,C,1157,104,5536288,6432,29.9,1021.8,56-614-135
2026-09-05 12:35:51,T,6773,90,5536530,4021,29.9,1021.8,56-614-135
2026-09-05 12:35:51,B,8033,55,5536607,8844,29.9,1021.8,56-614-135
2026-09-05 12:35:51,T,6774,63,5536665,4021,29.9,1021.8,56-614-135
2026-09-05 12:35:52,B,8034,236,5537011,8845,29.9,1021.8,56-614-135
2026-09-05 12:35:52,T,6775,385,5537351,4022,29.9,1021.8,56-614-135
2026-09-05 12:35:53,T,6776,124,5537962,4023,29.9,1021.8,56-614-135
2026-09-05 12:35:53,T,6777,350,5538370,4023,29.9,1021.8,56-614-135
2026-09-05 12:35:53,B,8035,486,5538370,8848,29.9,1021.8,56-614-135
2026-09-05 12:35:53,C,1158,418,5538370,6435,29.9,1021.8,56-614-135
2026-09-05 12:35:53,B,8036,176,5538535,8848,29.9,1021.8,56-614-135
2026-09-05 12:35:54,B,8037,54,5538915,8852,29.9,1021.8,56-614-135
2026-09-05 12:35:54,T,6778,63,5538939,4024,29.9,1021.8,56-614-135
2026-09-05 12:35:54,T,6779,262,5538953,4024,29.9,1021.8,56-614-135
2026-09-05 12:35:54,T,6780,152,5539165,4024,29.9,1021.8,56-614-135
2026-09-05 12:35:54,B,8038,360,5539209,8852,29.9,1021.8,56-614-135
2026-09-05 12:35:54,T,6781,50,5539690,4024,29.9,1021.8,56-614-135
2026-09-05 12:35:54,B,8039,409,5539717,8852,29.9,1021.8,56-614-135
2026-09-05 12:35:55,T,6782,559,5540319,4026,29.9,1021.8,56-614-135
2026-09-05 12:35:55,T,6783,267,5540379,4026,29.9,1021.8,56-614-135
2026-09-05 12:35:56,T,6784,599,5540922,4028,29.9,1021.8,56-614-135
2026-09-05 12:35:56,T,6785,231,5541494,4028,29.9,1021.8,56-614-135
2026-09-05 12:35:56,T,6786,229,5541645,4028,29.9,1021.8,56-614-135
2026-09-05 12:35:57,T,6787,403,5541890,4029,29.9,1021.8,56-614-135
2026-09-05 12:35:57,B,8040,156,5541905,8854,29.9,1021.8,56-614-135
2026-09-05 12:35:57,B,8041,53,5542619,8854,29.9,1021.8,56-614-135
2026-09-05 12:35:58,B,8042,68,5543039,8855,29.9,1021.8,56-614-135
2026-09-05 12:35:58,B,8043,66,5543439,8855,29.9,1021.8,56-614-135
2026-09-05 12:35:58,T,6788,520,5543508,4031,29.9,1021.8,56-614-135
2026-09-05 12:35:58,T,6789,158,5543643,4031,29.9,1021.8,56-614-135
2026-09-05 12:35:59,B,8044,573,5544498,8858,29.9,1021.8,56-614-135
2026-09-05 12:35:59,B,8045,53,5544601,8858,29.9,1021.8,56-614-135
2026-09-05 12:35:59,T,6790,214,5544821,4031,29.9,1021.8,56-614-135
2026-09-05 12:36:00,B,8046,263,5545034,8860,29.9,1021.8,56-614-135
2026-09-05 12:36:00,B,8047,163,5545259,8860,29.9,1021.8,56-614-135
2026-09-05 12:36:00,T,6791,117,5545791,4032,29.9,1021.8,56-614-135
2026-09-05 12:36:01,T,6792,521,5546029,4034,29.9,1021.8,56-614-135
2026-09-05 12:36:01,B,8048,147,5546315,8864,29.9,1021.8,56-614-135
2026-09-05 12:36:01,B,8049,83,5546627,8864,29.9,1021.8,56-614-135
2026-09-05 12:36:01,T,6793,550,5546795,4034,29.9,1021.8,56-614-135
2026-09-05 12:36:01,B,8050,526,5546795,8864,29.9,1021.8,56-614-135
2026-09-05 12:36:01,C,1159,538,5546795,6449,29.9,1021.8,56-614-135
2026-09-05 12:36:02,T,6794,179,5547366,4034,29.9,1021.8,56-614-135
2026-09-05 12:36:02,B,8051,63,5547554,8865,29.9,1021.8,56-614-135
2026-09-05 12:36:02,B,8052,50,5547884,8865,29.9,1021.8,56-614-135
2026-09-05 12:36:03,B,8053,425,5548311,8871,29.9,1021.8,56-614-135
2026-09-05 12:36:03,T,6795,408,5548351,4035,29.9,1021.8,56-614-135
2026-09-05 12:36:03,B,8054,556,5548351,8871,29.9,1021.8,56-614-135
2026-09-05 12:36:03,C,1160,482,5548351,6453,29.9,1021.8,56-614-135
2026-09-05 12:36:03,B,8055,428,5548511,8871,29.9,1021.8,56-614-135
2026-09-05 12:36:03,T,6796,108,5548830,4035,29.9,1021.8,56-614-135
2026-09-05 12:36:04,T,6797,348,5548957,4038,29.9,1021.8,56-614-135
2026-09-05 12:36:04,B,8056,136,5548957,8876,29.9,1021.8,56-614-135
2026-09-05 12:36:04,C,1161,242,5548957,6457,29.9,1021.8,56-614-135
2026-09-05 12:36:04,B,8057,91,5549080,8876,29.9,1021.8,56-614-135
2026-09-05 12:36:04,B,8058,156,5549148,8876,29.9,1021.8,56-614-135
2026-09-05 12:36:04,B,8059,56,5549310,8876,29.9,1021.8,56-614-135
2026-09-05 12:36:04,T,6798,454,5549357,4038,29.9,1021.8,56-614-135
2026-09-05 12:36:04,T,6799,508,5549368,4038,29.9,1021.8,56-614-135
2026-09-05 12:36:04,B,8060,476,5549744,8876,29.9,1021.8,56-614-135
2026-09-05 12:36:05,T,6800,57,5550093,4038,29.9,1021.8,56-614-135
2026-09-05 12:36:05,B,8061,479,5550546,8879,29.9,1021.8,56-614-135
2026-09-05 12:36:05,B,8062,117,5550550,8879,29.9,1021.8,56-614-135
2026-09-05 12:36:07,T,6801,72,5552798,4039,29.9,1021.8,56-614-135
2026-09-05 12:36:07,T,6802,129,5552860,4039,29.9,1021.8,56-614-135
2026-09-05 12:36:08,T,6803,369,5553952,4040,30.0,1021.8,56-614-135
2026-09-05 12:36:09,T,6804,72,5554170,4040,30.0,1021.8,56-614-135
2026-09-05 12:36:09,T,6805,167,5554540,4040,30.0,1021.8,56-614-135
2026-09-05 12:36:09,B,8063,348,5554762,8881,30.0,1021.8,56-614-135
2026-09-05 12:36:10,B,8064,121,5555108,8882,30.0,1021.8,56-614-135
2026-09-05 12:36:11,T,6806,56,5556330,4040,30.0,1021.8,56-614-135
2026-09-05 12:36:11,B,8065,281,5556724,8883,30.0,1021.8,56-614-135
2026-09-05 12:36:13,B,8066,230,5558139,8888,30.0,1021.8,56-614-135
2026-09-05 12:36:13,B,8067,291,5558698,8888,30.0,1021.8,56-614-135
2026-09-05 12:36:13,B,8068,277,5558973,8888,30.0,1021.8,56-614-135
2026-09-05 12:36:14,B,8069,582,5559078,8892,30.0,1021.8,56-614-135
2026-09-05 12:36:14,T,6807,554,5559482,4043,30.0,1021.8,56-614-135
2026-09-05 12:36:14,B,8070,557,5559482,8892,30.0,1021.8,56-614-135
2026-09-05 12:36:14,C,1162,555,5559482,6468,30.0,1021.8,56-614-135
2026-09-05 12:36:14,T,6808,486,5559768,4043,30.0,1021.8,56-614-135
2026-09-05 12:36:14,B,8071,247,5559768,8892,30.0,1021.8,56-614-135
2026-09-05 12:36:14,C,1163,366,5559768,6468,30.0,1021.8,56-614-135
2026-09-05 12:36:14,T,6809,169,5559925,4043,30.0,1021.8,56-614-135
2026-09-05 12:36:15,B,8072,130,5560374,8894,30.0,1021.8,56-614-135
2026-09-05 12:36:15,B,8073,90,5560759,8894,30.0,1021.8,56-614-135
2026-09-05 12:36:16,B,8074,221,5561349,8897,30.0,1021.8,56-614-135
2026-09-05 12:36:16,B,8075,446,5561962,8897,30.0,1021.8,56-614-135
2026-09-05 12:36:16,T,6810,475,5561962,4044,30.0,1021.8,56-614-135
2026-09-05 12:36:16,T,6811,105,5562056,4044,30.0,1021.8,56-614-135
2026-09-05 12:36:17,T,6812,226,5562201,4045,30.0,1021.8,56-614-135
2026-09-05 12:36:18,B,8076,826,5563435,8902,30.0,1021.8,56-614-135
2026-09-05 12:36:18,B,8077,241,5563961,8902,30.0,1021.8,56-614-135
2026-09-05 12:36:18,T,6813,405,5563970,4046,30.0,1021.8,56-614-135
2026-09-05 12:36:18,B,8078,53,5564077,8902,30.0,1021.8,56-614-135
2026-09-05 12:36:20,B,8079,425,5564573,8911,30.0,1021.8,56-614-135
2026-09-05 12:36:20,T,6814,496,5564573,4048,30.0,1021.8,56-614-135
2026-09-05 12:36:20,B,8080,376,5564689,8911,30.0,1021.8,56-614-135
2026-09-05 12:36:20,T,6815,421,5564775,4048,30.0,1021.8,56-614-135
2026-09-05 12:36:20,B,8081,524,5564775,8911,30.0,1021.8,56-614-135
2026-09-05 12:36:20,C,1164,473,5564775,6480,30.0,1021.8,56-614-135
2026-09-05 12:36:20,B,8082,89,5564839,8911,30.0,1021.8,56-614-135
2026-09-05 12:36:20,T,6816,434,5564923,4048,30.0,1021.8,56-614-135
2026-09-05 12:36:20,B,8083,454,5564923,8911,30.0,1021.8,56-614-135
2026-09-05 12:36:20,C,1165,444,5564923,6480,30.0,1021.8,56-614-135
2026-09-05 12:36:20,B,8084,452,5564929,8911,30.0,1021.8,56-614-135
2026-09-05 12:36:21,B,8085,76,5565128,8912,30.0,1021.8,56-614-135
2026-09-05 12:36:22,B,8086,450,5566349,8916,30.0,1021.8,56-614-135
2026-09-05 12:36:22,B,8087,134,5566460,8916,30.0,1021.8,56-614-135
2026-09-05 12:36:22,B,8088,131,5566673,8916,30.0,1021.8,56-614-135
2026-09-05 12:36:22,B,8089,95,5566875,8916,30.0,1021.8,56-614-135
2026-09-05 12:36:23,T,6817,394,5567787,4049,30.0,1021.8,56-614-135
2026-09-05 12:36:24,B,8090,355,5568617,8920,30.0,1021.8,56-614-135
2026-09-05 12:36:24,B,8091,92,5568692,8920,30.0,1021.8,56-614-135
2026-09-05 12:36:24,T,6818,189,5568856,4050,30.0,1021.8,56-614-135
2026-09-05 12:36:24,B,8092,290,5568882,8920,30.0,1021.8,56-614-135
2026-09-05 12:36:26,B,8093,196,5570572,8923,30.0,1021.8,56-614-135
2026-09-05 12:36:26,T,6819,564,5570669,4051,30.0,1021.8,56-614-135
2026-09-05 12:36:26,B,8094,343,5570669,8923,30.0,1021.8,56-614-135
2026-09-05 12:36:26,C,1166,453,5570669,6487,30.0,1021.8,56-614-135
2026-09-05 12:36:26,T,6820,95,5570681,4051,30.0,1021.8,56-614-135
2026-09-05 12:36:27,T,6821,406,5571264,4052,30.0,1021.8,56-614-135
2026-09-05 12:36:27,B,8095,381,5571264,8926,30.0,1021.8,56-614-135
2026-09-05 12:36:27,C,1167,394,5571264,6489,30.0,1021.8,56-614-135
2026-09-05 12:36:27,B,8096,157,5571584,8926,30.0,1021.8,56-614-135
2026-09-05 12:36:28,T,6822,94,5572348,4054,30.0,1021.8,56-614-135
2026-09-05 12:36:28,T,6823,422,5572446,4054,30.0,1021.8,56-614-135
2026-09-05 12:36:28,B,8097,472,5572446,8933,30.0,1021.8,56-614-135
2026-09-05 12:36:28,C,1168,447,5572446,6493,30.0,1021.8,56-614-135
2026-09-05 12:36:28,B,8098,358,5572466,8933,30.0,1021.8,56-614-135
2026-09-05 12:36:28,T,6824,341,5572565,4054,30.0,1021.8,56-614-135
2026-09-05 12:36:28,B,8099,94,5572602,8933,30.0,1021.8,56-614-135
2026-09-05 12:36:28,B,8100,374,5572955,8933,30.0,1021.8,56-614-135
2026-09-05 12:36:28,B,8101,131,5573125,8933,30.0,1021.8,56-614-135
2026-09-05 12:36:29,B,8102,225,5573226,8936,30.0,1021.8,56-614-135
2026-09-05 12:36:29,T,6825,256,5573937,4055,30.0,1021.8,56-614-135
2026-09-05 12:36:29,B,8103,443,5573937,8936,30.0,1021.8,56-614-135
2026-09-05 12:36:29,C,1169,350,5573937,6495,30.0,1021.8,56-614-135
2026-09-05 12:36:30,B,8104,68,5574300,8939,30.0,1021.8,56-614-135
2026-09-05 12:36:30,T,6826,449,5574850,4056,30.0,1021.8,56-614-135
2026-09-05 12:36:30,B,8105,94,5574850,8939,30.0,1021.8,56-614-135
2026-09-05 12:36:30,C,1170,272,5574850,6497,30.0,1021.8,56-614-135
2026-09-05 12:36:30,B,8106,460,5575144,8939,30.0,1021.8,56-614-135
2026-09-05 12:36:32,T,6827,245,5576262,4057,30.0,1021.8,56-614-135
2026-09-05 12:36:32,B,8107,62,5576304,8942,30.0,1021.8,56-614-135
2026-09-05 12:36:32,B,8108,310,5576991,8942,30.0,1021.8,56-614-135
2026-09-05 12:36:32,T,6828,393,5577006,4057,30.0,1021.8,56-614-135
2026-09-05 12:36:32,B,8109,182,5577012,8942,30.0,1021.8,56-614-135
2026-09-05 12:36:33,B,8110,92,5577695,8943,30.0,1021.8,56-614-135
2026-09-05 12:36:34,T,6829,246,5578649,4058,30.0,1021.9,56-614-135
2026-09-05 12:36:34,B,8111,107,5579223,8944,30.0,1021.9,56-614-135
2026-09-05 12:36:35,B,8112,318,5580234,8946,30.0,1021.9,56-614-135
2026-09-05 12:36:36,T,6830,344,5580704,4059,30.0,1021.9,56-614-135
2026-09-05 12:36:36,T,6831,147,5581105,4059,30.0,1021.9,56-614-135
2026-09-05 12:36:37,B,8113,84,5581932,8948,30.0,1021.9,56-614-135
2026-09-05 12:36:37,B,8114,157,5581980,8948,30.0,1021.9,56-614-135
2026-09-05 12:36:37,T,6832,78,5582036,4059,30.0,1021.9,56-614-135
2026-09-05 12:36:38,T,6833,517,5582560,4060,30.0,1021.9,56-614-135
2026-09-05 12:36:38,B,8115,391,5582560,8951,30.0,1021.9,56-614-135
2026-09-05 12:36:38,C,1171,454,5582560,6506,30.0,1021.9,56-614-135
2026-09-05 12:36:38,B,8116,120,5582957,8951,30.0,1021.9,56-614-135
2026-09-05 12:36:39,B,8117,63,5583410,8953,30.0,1021.8,56-614-135
2026-09-05 12:36:39,B,8118,135,5583432,8953,30.0,1021.8,56-614-135
2026-09-05 12:36:39,T,6834,387,5583828,4061,30.0,1021.8,56-614-135
2026-09-05 12:36:39,B,8119,111,5584209,8953,30.0,1021.8,56-614-135
2026-09-05 12:36:40,B,8120,73,5584697,8959,30.0,1021.8,56-614-135
2026-09-05 12:36:40,B,8121,216,5584791,8959,30.0,1021.8,56-614-135
2026-09-05 12:36:40,T,6835,395,5585040,4063,30.0,1021.8,56-614-135
2026-09-05 12:36:40,B,8122,382,5585067,8959,30.0,1021.8,56-614-135
2026-09-05 12:36:40,T,6836,675,5585317,4063,30.0,1021.8,56-614-135
2026-09-05 12:36:40,B,8123,472,5585317,8959,30.0,1021.8,56-614-135
2026-09-05 12:36:40,C,1172,573,5585317,6511,30.0,1021.8,56-614-135
2026-09-05 12:36:41,T,6837,404,5585622,4065,30.0,1021.8,56-614-135
2026-09-05 12:36:41,B,8124,308,5585685,8960,30.0,1021.8,56-614-135
2026-09-05 12:36:41,T,6838,103,5585732,4065,30.0,1021.8,56-614-135
2026-09-05 12:36:41,T,6839,68,5585750,4065,30.0,1021.8,56-614-135
2026-09-05 12:36:41,T,6840,76,5585971,4065,30.0,1021.8,56-614-135
2026-09-05 12:36:42,B,8125,381,5587124,8962,30.0,1021.8,56-614-135
2026-09-05 12:36:42,T,6841,214,5587277,4065,30.0,1021.8,56-614-135
2026-09-05 12:36:43,T,6842,102,5587803,4066,30.0,1021.8,56-614-135
2026-09-05 12:36:43,B,8126,151,5588087,8963,30.0,1021.8,56-614-135
2026-09-05 12:36:44,T,6843,57,5588874,4066,30.0,1021.8,56-614-135
2026-09-05 12:36:44,T,6844,57,5589055,4066,30.0,1021.8,56-614-135
2026-09-05 12:36:44,B,8127,320,5589362,8964,30.0,1021.8,56-614-135
2026-09-05 12:36:45,T,6845,550,5589587,4067,30.0,1021.8,56-614-135
2026-09-05 12:36:45,B,8128,554,5589587,8968,30.0,1021.8,56-614-135
2026-09-05 12:36:45,C,1173,552,5589587,6517,30.0,1021.8,56-614-135
2026-09-05 12:36:45,B,8129,229,5590112,8968,30.0,1021.8,56-614-135
2026-09-05 12:36:46,T,6846,367,5590805,4069,30.0,1021.8,56-614-135
2026-09-05 12:36:46,B,8130,645,5590805,8971,30.0,1021.8,56-614-135
2026-09-05 12:36:46,C,1174,506,5590805,6520,30.0,1021.8,56-614-135
2026-09-05 12:36:46,B,8131,346,5591172,8971,30.0,1021.8,56-614-135
2026-09-05 12:36:46,T,6847,270,5591318,4069,30.0,1021.8,56-614-135
2026-09-05 12:36:47,T,6848,107,5591609,4069,30.0,1021.8,56-614-135
2026-09-05 12:36:47,B,8132,107,5592408,8972,30.0,1021.8,56-614-135
2026-09-05 12:36:48,T,6849,570,5592682,4070,30.0,1021.8,56-614-135
2026-09-05 12:36:48,T,6850,84,5592717,4070,30.0,1021.8,56-614-135
2026-09-05 12:36:48,B,8133,65,5593148,8973,30.0,1021.8,56-614-135
2026-09-05 12:36:48,T,6851,52,5593362,4070,30.0,1021.8,56-614-135
2026-09-05 12:36:48,T,6852,50,5593400,4070,30.0,1021.8,56-614-135
2026-09-05 12:36:49,T,6853,389,5593609,4071,30.0,1021.8,56-614-135
2026-09-05 12:36:49,B,8134,395,5593609,8974,30.0,1021.8,56-614-135
2026-09-05 12:36:49,C,1175,392,5593609,6523,30.0,1021.8,56-614-135
2026-09-05 12:36:49,T,6854,107,5594097,4071,30.0,1021.8,56-614-135
2026-09-05 12:36:50,T,6855,642,5594502,4072,30.0,1021.8,56-614-135
2026-09-05 12:36:50,B,8135,324,5594541,8980,30.0,1021.8,56-614-135
2026-09-05 12:36:50,T,6856,52,5594684,4072,30.0,1021.8,56-614-135
2026-09-05 12:36:50,B,8136,71,5594710,8980,30.0,1021.8,56-614-135
2026-09-05 12:36:50,B,8137,359,5594784,8980,30.0,1021.8,56-614-135
2026-09-05 12:36:50,B,8138,326,5595139,8980,30.0,1021.8,56-614-135
2026-09-05 12:36:52,T,6857,292,5596759,4074,30.0,1021.8,56-614-135
2026-09-05 12:36:52,T,6858,441,5597427,4074,30.0,1021.8,56-614-135
2026-09-05 12:36:53,T,6859,166,5598299,4075,30.0,1021.8,56-614-135
2026-09-05 12:36:54,T,6860,409,5598899,4076,30.0,1021.8,56-614-135
2026-09-05 12:36:54,B,8139,290,5599049,8982,30.0,1021.8,56-614-135
2026-09-05 12:36:55,B,8140,74,5599642,8984,30.0,1021.8,56-614-135
2026-09-05 12:36:55,B,8141,86,5599791,8984,30.0,1021.8,56-614-135
2026-09-05 12:36:55,B,8142,54,5599856,8984,30.0,1021.8,56-614-135
2026-09-05 12:36:56,B,8143,110,5600586,8988,30.0,1021.8,56-614-135
2026-09-05 12:36:56,B,8144,160,5600848,8988,30.0,1021.8,56-614-135
2026-09-05 12:36:56,B,8145,129,5601337,8988,30.0,1021.8,56-614-135
2026-09-05 12:36:57,T,6861,55,5601641,4078,30.0,1021.8,56-614-135
2026-09-05 12:36:57,T,6862,83,5601703,4078,30.0,1021.8,56-614-135
2026-09-05 12:36:57,T,6863,90,5601780,4078,30.0,1021.8,56-614-135
2026-09-05 12:36:57,B,8146,293,5602239,8990,30.0,1021.8,56-614-135
2026-09-05 12:36:57,T,6864,402,5602310,4078,30.0,1021.8,56-614-135
2026-09-05 12:36:57,B,8147,72,5602468,8990,30.0,1021.8,56-614-135
2026-09-05 12:36:58,B,8148,252,5602732,8994,30.0,1021.8,56-614-135
2026-09-05 12:36:58,B,8149,54,5602860,8994,30.0,1021.8,56-614-135
2026-09-05 12:36:58,B,8150,456,5602896,8994,30.0,1021.8,56-614-135
2026-09-05 12:36:58,T,6865,196,5602953,4078,30.0,1021.8,56-614-135
2026-09-05 12:36:59,T,6866,119,5603682,4079,30.0,1021.8,56-614-135
2026-09-05 12:36:59,B,8151,102,5603984,8995,30.0,1021.8,56-614-135
2026-09-05 12:37:00,B,8152,127,5604706,8997,30.0,1021.8,56-614-135
2026-09-05 12:37:00,T,6867,51,5605075,4079,30.0,1021.8,56-614-135
2026-09-05 12:37:00,B,8153,111,5605087,8997,30.0,1021.8,56-614-135
2026-09-05 12:37:00,T,6868,135,5605482,4079,30.0,1021.8,56-614-135
2026-09-05 12:37:01,T,6869,378,5605790,4080,30.0,1021.8,56-614-135
2026-09-05 12:37:01,B,8154,51,5606089,9000,30.0,1021.8,56-614-135
2026-09-05 12:37:01,B,8155,85,5606133,9000,30.0,1021.8,56-614-135
2026-09-05 12:37:01,B,8156,154,5606226,9000,30.0,1021.8,56-614-135
2026-09-05 12:37:02,T,6870,63,5606651,4081,30.0,1021.8,56-614-135
2026-09-05 12:37:02,T,6871,519,5606788,4081,30.0,1021.8,56-614-135
2026-09-05 12:37:02,B,8157,442,5606788,9002,30.0,1021.8,56-614-135
2026-09-05 12:37:02,C,1176,480,5606788,6542,30.0,1021.8,56-614-135
2026-09-05 12:37:02,T,6872,125,5606847,4081,30.0,1021.8,56-614-135
2026-09-05 12:37:02,T,6873,54,5607084,4081,30.0,1021.8,56-614-135
2026-09-05 12:37:03,B,8158,555,5607804,9005,30.0,1021.8,56-614-135
2026-09-05 12:37:03,B,8159,306,5607848,9005,30.0,1021.8,56-614-135
2026-09-05 12:37:03,T,6874,187,5608397,4082,30.0,1021.8,56-614-135
2026-09-05 12:37:05,T,6875,79,5609955,4085,30.1,1021.9,56-614-135
2026-09-05 12:37:05,T,6876,359,5610047,4085,30.1,1021.9,56-614-135
2026-09-05 12:37:05,B,8160,450,5610047,9008,30.1,1021.9,56-614-135
2026-09-05 12:37:05,C,1177,405,5610047,6546,30.1,1021.9,56-614-135
2026-09-05 12:37:05,B,8161,395,5610331,9008,30.1,1021.9,56-614-135
2026-09-05 12:37:05,T,6877,447,5610445,4085,30.1,1021.9,56-614-135
2026-09-05 12:37:05,T,6878,245,5610560,4085,30.1,1021.9,56-614-135
2026-09-05 12:37:06,B,8162,260,5610876,9010,30.1,1021.9,56-614-135
2026-09-05 12:37:06,T,6879,302,5610972,4087,30.1,1021.9,56-614-135
2026-09-05 12:37:06,T,6880,199,5611047,4087,30.1,1021.9,56-614-135
2026-09-05 12:37:06,B,8163,54,5611459,9010,30.1,1021.9,56-614-135
2026-09-05 12:37:06,T,6881,342,5611644,4087,30.1,1021.9,56-614-135
2026-09-05 12:37:07,T,6882,564,5612545,4088,30.1,1021.9,56-614-135
2026-09-05 12:37:08,T,6883,192,5613081,4088,30.1,1021.9,56-614-135
2026-09-05 12:37:08,B,8164,550,5613081,9014,30.1,1021.9,56-614-135
2026-09-05 12:37:08,C,1178,371,5613081,6551,30.1,1021.9,56-614-135
2026-09-05 12:37:08,B,8165,470,5613467,9014,30.1,1021.9,56-614-135
2026-09-05 12:37:09,B,8166,272,5613788,9018,30.1,1021.9,56-614-135
2026-09-05 12:37:09,B,8167,593,5613911,9018,30.1,1021.9,56-614-135
2026-09-05 12:37:09,B,8168,132,5614179,9018,30.1,1021.9,56-614-135
2026-09-05 12:37:11,B,8169,243,5615948,9023,30.1,1021.9,56-614-135
2026-09-05 12:37:11,B,8170,106,5615993,9023,30.1,1021.9,56-614-135
2026-09-05 12:37:11,T,6884,52,5616061,4089,30.1,1021.9,56-614-135
2026-09-05 12:37:11,B,8171,84,5616078,9023,30.1,1021.9,56-614-135
2026-09-05 12:37:11,T,6885,416,5616173,4089,30.1,1021.9,56-614-135
2026-09-05 12:37:11,B,8172,357,5616173,9023,30.1,1021.9,56-614-135
2026-09-05 12:37:11,C,1179,386,5616173,6556,30.1,1021.9,56-614-135
2026-09-05 12:37:12,B,8173,66,5617669,9024,30.1,1021.9,56-614-135
2026-09-05 12:37:13,B,8174,144,5617963,9025,30.1,1021.9,56-614-135
2026-09-05 12:37:13,T,6886,594,5618119,4090,30.1,1021.9,56-614-135
2026-09-05 12:37:14,T,6887,415,5618928,4093,30.1,1021.9,56-614-135
2026-09-05 12:37:14,B,8175,543,5618928,9027,30.1,1021.9,56-614-135
2026-09-05 12:37:14,C,1180,479,5618928,6560,30.1,1021.9,56-614-135
2026-09-05 12:37:14,T,6888,306,5619170,4093,30.1,1021.9,56-614-135
2026-09-05 12:37:14,T,6889,295,5619645,4093,30.1,1021.9,56-614-135
2026-09-05 12:37:15,B,8176,220,5619845,9028,30.1,1021.9,56-614-135
2026-09-05 12:37:15,T,6890,225,5620399,4094,30.1,1021.9,56-614-135
2026-09-05 12:37:15,T,6891,223,5620753,4094,30.1,1021.9,56-614-135
2026-09-05 12:37:16,B,8177,51,5620930,9030,30.1,1021.9,56-614-135
2026-09-05 12:37:16,T,6892,151,5620956,4096,30.1,1021.9,56-614-135
2026-09-05 12:37:16,T,6893,96,5620980,4096,30.1,1021.9,56-614-135
2026-09-05 12:37:16,B,8178,108,5621231,9030,30.1,1021.9,56-614-135
2026-09-05 12:37:16,T,6894,124,5621343,4096,30.1,1021.9,56-614-135
2026-09-05 12:37:16,T,6895,103,5621358,4096,30.1,1021.9,56-614-135
2026-09-05 12:37:16,T,6896,99,5621738,4096,30.1,1021.9,56-614-135
2026-09-05 12:37:17,T,6897,72,5621888,4097,30.1,1021.9,56-614-135
2026-09-05 12:37:17,B,8179,118,5622106,9031,30.1,1021.9,56-614-135
2026-09-05 12:37:17,T,6898,386,5622385,4097,30.1,1021.9,56-614-135
2026-09-05 12:37:18,B,8180,326,5623309,9034,30.1,1021.9,56-614-135
2026-09-05 12:37:18,B,8181,139,5623397,9034,30.1,1021.9,56-614-135
2026-09-05 12:37:18,T,6899,166,5623689,4098,30.1,1021.9,56-614-135
2026-09-05 12:37:19,T,6900,96,5623955,4099,30.1,1021.9,56-614-135
2026-09-05 12:37:19,B,8182,499,5624172,9038,30.1,1021.9,56-614-135
2026-09-05 12:37:19,B,8183,123,5624330,9038,30.1,1021.9,56-614-135
2026-09-05 12:37:19,T,6901,381,5624616,4099,30.1,1021.9,56-614-135
2026-09-05 12:37:19,B,8184,788,5624770,9038,30.1,1021.9,56-614-135
2026-09-05 12:37:20,B,8185,450,5624881,9041,30.1,1021.9,56-614-135
2026-09-05 12:37:20,B,8186,102,5625147,9041,30.1,1021.9,56-614-135
2026-09-05 12:37:20,T,6902,130,5625839,4099,30.1,1021.9,56-614-135
2026-09-05 12:37:21,T,6903,105,5625992,4100,30.1,1021.9,56-614-135
2026-09-05 12:37:21,T,6904,274,5626155,4100,30.1,1021.9,56-614-135
2026-09-05 12:37:21,B,8187,82,5626622,9042,30.1,1021.9,56-614-135
2026-09-05 12:37:22,T,6905,61,5627402,4100,30.1,1021.9,56-614-135
2026-09-05 12:37:22,B,8188,197,5627439,9045,30.1,1021.9,56-614-135
2026-09-05 12:37:22,B,8189,96,5627580,9045,30.1,1021.9,56-614-135
2026-09-05 12:37:23,B,8190,266,5628067,9046,30.1,1021.9,56-614-135
2026-09-05 12:37:23,T,6906,158,5628219,4101,30.1,1021.9,56-614-135
2026-09-05 12:37:23,T,6907,70,5628586,4101,30.1,1021.9,56-614-135
2026-09-05 12:37:24,T,6908,263,5629090,4104,30.1,1021.8,56-614-135
2026-09-05 12:37:24,B,8191,139,5629168,9048,30.1,1021.8,56-614-135
2026-09-05 12:37:24,T,6909,360,5629225,4104,30.1,1021.8,56-614-135
2026-09-05 12:37:24,B,8192,154,5629453,9048,30.1,1021.8,56-614-135
2026-09-05 12:37:24,T,6910,437,5629702,4104,30.1,1021.8,56-614-135
2026-09-05 12:37:24,T,6911,266,5629755,4104,30.1,1021.8,56-614-135
2026-09-05 12:37:25,B,8193,410,5629980,9052,30.1,1021.8,56-614-135
2026-09-05 12:37:25,B,8194,63,5630848,9052,30.1,1021.8,56-614-135
2026-09-05 12:37:25,B,8195,259,5630895,9052,30.1,1021.8,56-614-135
2026-09-05 12:37:26,T,6912,118,5631569,4105,30.1,1021.8,56-614-135
2026-09-05 12:37:26,B,8196,108,5631667,9053,30.1,1021.8,56-614-135
2026-09-05 12:37:26,T,6913,190,5631757,4105,30.1,1021.8,56-614-135
2026-09-05 12:37:27,B,8197,68,5631944,9057,30.1,1021.8,56-614-135
2026-09-05 12:37:27,B,8198,168,5632124,9057,30.1,1021.8,56-614-135
2026-09-05 12:37:27,B,8199,303,5632322,9057,30.1,1021.8,56-614-135
2026-09-05 12:37:27,T,6914,86,5632511,4105,30.1,1021.8,56-614-135
2026-09-05 12:37:28,T,6915,186,5633190,4106,30.1,1021.8,56-614-135
2026-09-05 12:37:28,B,8200,266,5633558,9058,30.1,1021.8,56-614-135
2026-09-05 12:37:29,T,6916,69,5634130,4107,30.1,1021.9,56-614-135
2026-09-05 12:37:29,B,8201,606,5634130,9063,30.1,1021.9,56-614-135
2026-09-05 12:37:29,C,1181,337,5634130,6585,30.1,1021.9,56-614-135
2026-09-05 12:37:29,T,6917,538,5634188,4107,30.1,1021.9,56-614-135
2026-09-05 12:37:29,B,8202,486,5634188,9063,30.1,1021.9,56-614-135
2026-09-05 12:37:29,C,1182,512,5634188,6585,30.1,1021.9,56-614-135
2026-09-05 12:37:29,B,8203,60,5634263,9063,30.1,1021.9,56-614-135
2026-09-05 12:37:30,B,8204,356,5635010,9065,30.1,1021.9,56-614-135
2026-09-05 12:37:30,T,6918,160,5635138,4109,30.1,1021.9,56-614-135
2026-09-05 12:37:30,T,6919,721,5635575,4109,30.1,1021.9,56-614-135
2026-09-05 12:37:31,T,6920,200,5635995,4110,30.1,1021.9,56-614-135
2026-09-05 12:37:31,T,6921,288,5636451,4110,30.1,1021.9,56-614-135
2026-09-05 12:37:31,B,8205,99,5636936,9066,30.1,1021.9,56-614-135
2026-09-05 12:37:31,T,6922,83,5636949,4110,30.1,1021.9,56-614-135
2026-09-05 12:37:32,B,8206,444,5637796,9067,30.1,1021.9,56-614-135
2026-09-05 12:37:33,T,6923,122,5638322,4111,30.1,1021.9,56-614-135
2026-09-05 12:37:34,T,6924,204,5639777,4112,30.1,1021.8,56-614-135
2026-09-05 12:37:34,T,6925,646,5639978,4112,30.1,1021.8,56-614-135
2026-09-05 12:37:35,T,6926,165,5640238,4114,30.1,1021.8,56-614-135
2026-09-05 12:37:35,T,6927,108,5640477,4114,30.1,1021.8,56-614-135
2026-09-05 12:37:35,B,8207,116,5640586,9070,30.1,1021.8,56-614-135
2026-09-05 12:37:35,T,6928,98,5640850,4114,30.1,1021.8,56-614-135
2026-09-05 12:37:35,B,8208,638,5640969,9070,30.1,1021.8,56-614-135
2026-09-05 12:37:36,T,6929,93,5641133,4114,30.1,1021.8,56-614-135
2026-09-05 12:37:36,B,8209,113,5641225,9074,30.1,1021.8,56-614-135
2026-09-05 12:37:36,B,8210,282,5641256,9074,30.1,1021.8,56-614-135
2026-09-05 12:37:36,B,8211,329,5641674,9074,30.1,1021.8,56-614-135
2026-09-05 12:37:37,B,8212,237,5642287,9080,30.1,1021.8,56-614-135
2026-09-05 12:37:37,B,8213,118,5642480,9080,30.1,1021.8,56-614-135
2026-09-05 12:37:37,B,8214,312,5642592,9080,30.1,1021.8,56-614-135
2026-09-05 12:37:37,B,8215,221,5642935,9080,30.1,1021.8,56-614-135
2026-09-05 12:37:38,T,6930,802,5643689,4115,30.1,1021.8,56-614-135
2026-09-05 12:37:38,B,8216,452,5643689,9082,30.1,1021.8,56-614-135
2026-09-05 12:37:38,C,1183,627,5643689,6598,30.1,1021.8,56-614-135
2026-09-05 12:37:39,T,6931,109,5644557,4115,30.1,1021.8,56-614-135
2026-09-05 12:37:39,B,8217,547,5644806,9083,30.1,1021.8,56-614-135
2026-09-05 12:37:40,B,8218,94,5645767,9084,30.1,1021.8,56-614-135
2026-09-05 12:37:40,T,6932,204,5645779,4116,30.1,1021.8,56-614-135
2026-09-05 12:37:41,T,6933,86,5645955,4116,30.1,1021.8,56-614-135
2026-09-05 12:37:42,T,6934,92,5646256,4117,30.1,1021.8,56-614-135
2026-09-05 12:37:42,T,6935,69,5646881,4117,30.1,1021.8,56-614-135
2026-09-05 12:37:42,T,6936,59,5646979,4117,30.1,1021.8,56-614-135
2026-09-05 12:37:43,B,8219,69,5647660,9088,30.1,1021.8,56-614-135
2026-09-05 12:37:43,B,8220,281,5647735,9088,30.1,1021.8,56-614-135
2026-09-05 12:37:43,B,8221,134,5647810,9088,30.1,1021.8,56-614-135
2026-09-05 12:37:44,B,8222,89,5648206,9092,30.1,1021.8,56-614-135
2026-09-05 12:37:44,T,6937,675,5648218,4119,30.1,1021.8,56-614-135
2026-09-05 12:37:44,B,8223,76,5648254,9092,30.1,1021.8,56-614-135
2026-09-05 12:37:44,T,6938,365,5648306,4119,30.1,1021.8,56-614-135
2026-09-05 12:37:44,B,8224,441,5648306,9092,30.1,1021.8,56-614-135
2026-09-05 12:37:44,C,1184,403,5648306,6605,30.1,1021.8,56-614-135
2026-09-05 12:37:45,T,6939,56,5649155,4119,30.1,1021.8,56-614-135
2026-09-05 12:37:47,B,8225,327,5651435,9093,30.1,1021.8,56-614-135
2026-09-05 12:37:47,T,6940,51,5651826,4119,30.1,1021.8,56-614-135
2026-09-05 12:37:48,B,8226,81,5652187,9096,30.1,1021.8,56-614-135
2026-09-05 12:37:48,T,6941,98,5652245,4122,30.1,1021.8,56-614-135
2026-09-05 12:37:48,T,6942,122,5652341,4122,30.1,1021.8,56-614-135
2026-09-05 12:37:48,T,6943,261,5652355,4122,30.1,1021.8,56-614-135
2026-09-05 12:37:48,T,6944,130,5652545,4122,30.1,1021.8,56-614-135
2026-09-05 12:37:48,T,6945,88,5652570,4122,30.1,1021.8,56-614-135
2026-09-05 12:37:48,T,6946,67,5652686,4122,30.1,1021.8,56-614-135
2026-09-05 12:37:48,T,6947,303,5652751,4122,30.1,1021.8,56-614-135
2026-09-05 12:37:48,B,8227,520,5652751,9096,30.1,1021.8,56-614-135
2026-09-05 12:37:48,C,1185,412,5652751,6609,30.1,1021.8,56-614-135
2026-09-05 12:37:49,T,6948,290,5653395,4123,30.1,1021.8,56-614-135
2026-09-05 12:37:49,B,8228,124,5653819,9099,30.1,1021.8,56-614-135
2026-09-05 12:37:49,T,6949,377,5653900,4123,30.1,1021.8,56-614-135
2026-09-05 12:37:49,B,8229,465,5653900,9099,30.1,1021.8,56-614-135
2026-09-05 12:37:49,C,1186,421,5653900,6611,30.1,1021.8,56-614-135
2026-09-05 12:37:50,B,8230,188,5654517,9100,30.1,1021.9,56-614-135
2026-09-05 12:37:51,B,8231,458,5655239,9104,30.1,1021.9,56-614-135
2026-09-05 12:37:51,T,6950,109,5655391,4125,30.1,1021.9,56-614-135
2026-09-05 12:37:51,B,8232,59,5655555,9104,30.1,1021.9,56-614-135
2026-09-05 12:37:51,T,6951,397,5655790,4125,30.1,1021.9,56-614-135
2026-09-05 12:37:51,T,6952,444,5655973,4125,30.1,1021.9,56-614-135
2026-09-05 12:37:51,B,8233,71,5656036,9104,30.1,1021.9,56-614-135
2026-09-05 12:37:53,T,6953,82,5657337,4126,30.1,1021.9,56-614-135
2026-09-05 12:37:53,T,6954,360,5657588,4126,30.1,1021.9,56-614-135
2026-09-05 12:37:53,B,8234,218,5657608,9106,30.1,1021.9,56-614-135
2026-09-05 12:37:53,B,8235,127,5657729,9106,30.1,1021.9,56-614-135
2026-09-05 12:37:54,B,8236,112,5659164,9107,30.1,1021.9,56-614-135
2026-09-05 12:37:55,T,6955,98,5659710,4127,30.1,1021.8,56-614-135
2026-09-05 12:37:55,B,8237,274,5659915,9109,30.1,1021.8,56-614-135
2026-09-05 12:37:55,T,6956,173,5660278,4127,30.1,1021.8,56-614-135
2026-09-05 12:37:56,T,6957,80,5660827,4128,30.1,1021.8,56-614-135
2026-09-05 12:37:56,B,8238,104,5660985,9110,30.1,1021.8,56-614-135
2026-09-05 12:37:58,B,8239,52,5662314,9113,30.1,1021.8,56-614-135
2026-09-05 12:37:58,T,6958,431,5663130,4129,30.1,1021.8,56-614-135
2026-09-05 12:37:58,B,8240,460,5663130,9113,30.1,1021.8,56-614-135
2026-09-05 12:37:58,C,1187,445,5663130,6621,30.1,1021.8,56-614-135
2026-09-05 12:37:58,T,6959,63,5663200,4129,30.1,1021.8,56-614-135
2026-09-05 12:38:00,T,6960,349,5664371,4131,30.2,1021.9,56-614-135
2026-09-05 12:38:00,B,8241,400,5664371,9116,30.2,1021.9,56-614-135
2026-09-05 12:38:00,C,1188,374,5664371,6624,30.2,1021.9,56-614-135
2026-09-05 12:38:00,T,6961,144,5664779,4131,30.2,1021.9,56-614-135
2026-09-05 12:38:00,T,6962,164,5664784,4131,30.2,1021.9,56-614-135
2026-09-05 12:38:00,T,6963,329,5664804,4131,30.2,1021.9,56-614-135
2026-09-05 12:38:00,B,8242,613,5664827,9116,30.2,1021.9,56-614-135
2026-09-05 12:38:01,B,8243,377,5665624,9118,30.2,1021.9,56-614-135
2026-09-05 12:38:02,B,8244,62,5666467,9121,30.2,1021.9,56-614-135
2026-09-05 12:38:02,B,8245,71,5666777,9121,30.2,1021.9,56-614-135
2026-09-05 12:38:02,B,8246,290,5667043,9121,30.2,1021.9,56-614-135
2026-09-05 12:38:03,B,8247,454,5667738,9127,30.2,1021.9,56-614-135
2026-09-05 12:38:03,B,8248,274,5667768,9127,30.2,1021.9,56-614-135
2026-09-05 12:38:03,T,6964,316,5667959,4134,30.2,1021.9,56-614-135
2026-09-05 12:38:03,T,6965,395,5668070,4134,30.2,1021.9,56-614-135
2026-09-05 12:38:03,B,8249,102,5668070,9127,30.2,1021.9,56-614-135
2026-09-05 12:38:03,C,1189,249,5668070,6630,30.2,1021.9,56-614-135
2026-09-05 12:38:03,B,8250,305,5668290,9127,30.2,1021.9,56-614-135
2026-09-05 12:38:03,T,6966,433,5668290,4134,30.2,1021.9,56-614-135
2026-09-05 12:38:04,B,8251,268,5668384,9130,30.2,1021.9,56-614-135
2026-09-05 12:38:04,T,6967,396,5668937,4135,30.2,1021.9,56-614-135
2026-09-05 12:38:04,B,8252,491,5668937,9130,30.2,1021.9,56-614-135
2026-09-05 12:38:04,C,1190,443,5668937,6632,30.2,1021.9,56-614-135
2026-09-05 12:38:05,B,8253,139,5670172,9132,30.2,1021.9,56-614-135
2026-09-05 12:38:05,B,8254,90,5670291,9132,30.2,1021.9,56-614-135
2026-09-05 12:38:06,T,6968,123,5670592,4137,30.2,1021.9,56-614-135
2026-09-05 12:38:06,T,6969,384,5670804,4137,30.2,1021.9,56-614-135
2026-09-05 12:38:06,B,8255,593,5670804,9134,30.2,1021.9,56-614-135
2026-09-05 12:38:06,C,1191,488,5670804,6635,30.2,1021.9,56-614-135
2026-09-05 12:38:06,T,6970,437,5670960,4137,30.2,1021.9,56-614-135
2026-09-05 12:38:07,B,8256,203,5671539,9136,30.2,1021.9,56-614-135
2026-09-05 12:38:07,B,8257,56,5672203,9136,30.2,1021.9,56-614-135
2026-09-05 12:38:07,T,6971,207,5672422,4137,30.2,1021.9,56-614-135
2026-09-05 12:38:08,B,8258,499,5672493,9141,30.2,1021.9,56-614-135
2026-09-05 12:38:08,T,6972,658,5672678,4140,30.2,1021.9,56-614-135
2026-09-05 12:38:08,T,6973,176,5673134,4140,30.2,1021.9,56-614-135
2026-09-05 12:38:08,B,8259,345,5673134,9141,30.2,1021.9,56-614-135
2026-09-05 12:38:08,C,1192,260,5673134,6641,30.2,1021.9,56-614-135
2026-09-05 12:38:08,T,6974,416,5673214,4140,30.2,1021.9,56-614-135
2026-09-05 12:38:08,B,8260,333,5673214,9141,30.2,1021.9,56-614-135
2026-09-05 12:38:08,C,1193,374,5673214,6641,30.2,1021.9,56-614-135
2026-09-05 12:38:09,T,6975,406,5674071,4141,30.2,1021.9,56-614-135
2026-09-05 12:38:09,B,8261,190,5674113,9143,30.2,1021.9,56-614-135
2026-09-05 12:38:10,B,8262,244,5675014,9145,30.2,1021.9,56-614-135
2026-09-05 12:38:10,T,6976,52,5675018,4143,30.2,1021.9,56-614-135
2026-09-05 12:38:10,B,8263,204,5675049,9145,30.2,1021.9,56-614-135
2026-09-05 12:38:10,T,6977,73,5675087,4143,30.2,1021.9,56-614-135
2026-09-05 12:38:10,T,6978,210,5675308,4143,30.2,1021.9,56-614-135
2026-09-05 12:38:10,T,6979,385,5675360,4143,30.2,1021.9,56-614-135
2026-09-05 12:38:11,T,6980,269,5675833,4145,30.2,1021.9,56-614-135
2026-09-05 12:38:11,T,6981,378,5675871,4145,30.2,1021.9,56-614-135
2026-09-05 12:38:11,T,6982,294,5676422,4145,30.2,1021.9,56-614-135
2026-09-05 12:38:12,T,6983,455,5677315,4147,30.2,1021.9,56-614-135
2026-09-05 12:38:12,T,6984,377,5677462,4147,30.2,1021.9,56-614-135
2026-09-05 12:38:13,T,6985,112,5678269,4147,30.2,1021.9,56-614-135
2026-09-05 12:38:14,B,8264,134,5679107,9147,30.2,1021.9,56-614-135
2026-09-05 12:38:14,T,6986,60,5679214,4147,30.2,1021.9,56-614-135
2026-09-05 12:38:14,B,8265,77,5679427,9147,30.2,1021.9,56-614-135
2026-09-05 12:38:15,T,6987,96,5680006,4148,30.2,1021.8,56-614-135
2026-09-05 12:38:17,B,8266,612,5681681,9152,30.2,1021.8,56-614-135
2026-09-05 12:38:17,T,6988,403,5681681,4149,30.2,1021.8,56-614-135
2026-09-05 12:38:17,B,8267,279,5682094,9152,30.2,1021.8,56-614-135
2026-09-05 12:38:17,B,8268,54,5682249,9152,30.2,1021.8,56-614-135
2026-09-05 12:38:18,B,8269,602,5682578,9154,30.2,1021.8,56-614-135
2026-09-05 12:38:19,T,6989,124,5683708,4150,30.2,1021.8,56-614-135
2026-09-05 12:38:19,T,6990,122,5684170,4150,30.2,1021.8,56-614-135
2026-09-05 12:38:19,T,6991,399,5684455,4150,30.2,1021.8,56-614-135
2026-09-05 12:38:19,B,8270,508,5684455,9155,30.2,1021.8,56-614-135
2026-09-05 12:38:19,C,1194,453,5684455,6653,30.2,1021.8,56-614-135
2026-09-05 12:38:20,T,6992,150,5685297,4151,30.2,1021.8,56-614-135
2026-09-05 12:38:21,B,8271,135,5686394,9159,30.2,1021.8,56-614-135
2026-09-05 12:38:21,B,8272,104,5686564,9159,30.2,1021.8,56-614-135
2026-09-05 12:38:22,B,8273,117,5686730,9163,30.2,1021.8,56-614-135
2026-09-05 12:38:22,T,6993,458,5686928,4153,30.2,1021.8,56-614-135
2026-09-05 12:38:22,B,8274,605,5686928,9163,30.2,1021.8,56-614-135
2026-09-05 12:38:22,C,1195,532,5686928,6658,30.2,1021.8,56-614-135
2026-09-05 12:38:22,T,6994,105,5687172,4153,30.2,1021.8,56-614-135
2026-09-05 12:38:22,B,8275,163,5687345,9163,30.2,1021.8,56-614-135
2026-09-05 12:38:22,T,6995,746,5687438,4153,30.2,1021.8,56-614-135
2026-09-05 12:38:23,T,6996,75,5687941,4153,30.2,1021.8,56-614-135
2026-09-05 12:38:24,T,6997,65,5688684,4153,30.2,1021.8,56-614-135
2026-09-05 12:38:24,B,8276,186,5688915,9168,30.2,1021.8,56-614-135
2026-09-05 12:38:24,B,8277,188,5689178,9168,30.2,1021.8,56-614-135
2026-09-05 12:38:24,B,8278,674,5689496,9168,30.2,1021.8,56-614-135
2026-09-05 12:38:25,T,6998,568,5690098,4155,30.2,1021.8,56-614-135
2026-09-05 12:38:25,B,8279,583,5690098,9172,30.2,1021.8,56-614-135
2026-09-05 12:38:25,C,1196,575,5690098,6664,30.2,1021.8,56-614-135
2026-09-05 12:38:25,B,8280,152,5690169,9172,30.2,1021.8,56-614-135
2026-09-05 12:38:25,B,8281,123,5690191,9172,30.2,1021.8,56-614-135
2026-09-05 12:38:25,T,6999,204,5690320,4155,30.2,1021.8,56-614-135
2026-09-05 12:38:25,T,7000,59,5690375,4155,30.2,1021.8,56-614-135
2026-09-05 12:38:26,T,7001,128,5690913,4156,30.2,1021.8,56-614-135
2026-09-05 12:38:26,T,7002,96,5691108,4156,30.2,1021.8,56-614-135
2026-09-05 12:38:26,T,7003,73,5691447,4156,30.2,1021.8,56-614-135
2026-09-05 12:38:27,T,7004,470,5692084,4158,30.2,1021.8,56-614-135
2026-09-05 12:38:27,T,7005,293,5692233,4158,30.2,1021.8,56-614-135
2026-09-05 12:38:27,B,8282,99,5692545,9173,30.2,1021.8,56-614-135
2026-09-05 12:38:28,B,8283,281,5692982,9175,30.2,1021.8,56-614-135
2026-09-05 12:38:28,T,7006,319,5693161,4159,30.2,1021.8,56-614-135
2026-09-05 12:38:29,B,8284,310,5693739,9176,30.2,1021.8,56-614-135
2026-09-05 12:38:30,T,7007,73,5694714,4159,30.2,1021.8,56-614-135
2026-09-05 12:38:30,B,8285,82,5695152,9180,30.2,1021.8,56-614-135
2026-09-05 12:38:30,B,8286,62,5695262,9180,30.2,1021.8,56-614-135
2026-09-05 12:38:30,B,8287,368,5695559,9180,30.2,1021.8,56-614-135
2026-09-05 12:38:30,T,7008,54,5695567,4159,30.2,1021.8,56-614-135
2026-09-05 12:38:32,T,7009,136,5697073,4160,30.2,1021.8,56-614-135
2026-09-05 12:38:32,B,8288,62,5697110,9184,30.2,1021.8,56-614-135
2026-09-05 12:38:32,B,8289,150,5697336,9184,30.2,1021.8,56-614-135
2026-09-05 12:38:32,T,7010,219,5697509,4160,30.2,1021.8,56-614-135
2026-09-05 12:38:32,B,8290,101,5697690,9184,30.2,1021.8,56-614-135
2026-09-05 12:38:34,B,8291,378,5698803,9188,30.2,1021.8,56-614-135
2026-09-05 12:38:34,T,7011,134,5698867,4162,30.2,1021.8,56-614-135
2026-09-05 12:38:34,T,7012,224,5699061,4162,30.2,1021.8,56-614-135
2026-09-05 12:38:34,T,7013,242,5699116,4162,30.2,1021.8,56-614-135
2026-09-05 12:38:34,B,8292,108,5699235,9188,30.2,1021.8,56-614-135
2026-09-05 12:38:34,B,8293,440,5699614,9188,30.2,1021.8,56-614-135
2026-09-05 12:38:35,B,8294,197,5699873,9191,30.2,1021.8,56-614-135
2026-09-05 12:38:35,B,8295,413,5700575,9191,30.2,1021.8,56-614-135
2026-09-05 12:38:36,B,8296,190,5700848,9193,30.2,1021.8,56-614-135
2026-09-05 12:38:36,T,7014,56,5701160,4162,30.2,1021.8,56-614-135
2026-09-05 12:38:37,B,8297,134,5702109,9197,30.2,1021.8,56-614-135
2026-09-05 12:38:37,B,8298,95,5702502,9197,30.2,1021.8,56-614-135
2026-09-05 12:38:37,B,8299,292,5702556,9197,30.2,1021.8,56-614-135
2026-09-05 12:38:38,B,8300,506,5703019,9199,30.2,1021.8,56-614-135
2026-09-05 12:38:39,B,8301,323,5704208,9200,30.2,1021.8,56-614-135
2026-09-05 12:38:39,T,7015,126,5704272,4162,30.2,1021.8,56-614-135
2026-09-05 12:38:40,B,8302,236,5704964,9202,30.2,1021.8,56-614-135
2026-09-05 12:38:41,T,7016,594,5705934,4163,30.2,1021.8,56-614-135
2026-09-05 12:38:41,B,8303,458,5705934,9204,30.2,1021.8,56-614-135
2026-09-05 12:38:41,C,1197,526,5705934,6684,30.2,1021.8,56-614-135
2026-09-05 12:38:41,B,8304,64,5706352,9204,30.2,1021.8,56-614-135
2026-09-05 12:38:42,T,7017,67,5707106,4165,30.2,1021.8,56-614-135
2026-09-05 12:38:42,T,7018,234,5707126,4165,30.2,1021.8,56-614-135
2026-09-05 12:38:42,T,7019,435,5707570,4165,30.2,1021.8,56-614-135
2026-09-05 12:38:42,B,8305,192,5707687,9206,30.2,1021.8,56-614-135
2026-09-05 12:38:42,T,7020,128,5707813,4165,30.2,1021.8,56-614-135
2026-09-05 12:38:43,B,8306,207,5707852,9208,30.2,1021.8,56-614-135
2026-09-05 12:38:43,B,8307,251,5708699,9208,30.2,1021.8,56-614-135
2026-09-05 12:38:43,B,8308,102,5708859,9208,30.2,1021.8,56-614-135
2026-09-05 12:38:44,B,8309,340,5708875,9212,30.2,1021.8,56-614-135
2026-09-05 12:38:44,B,8310,178,5709104,9212,30.2,1021.8,56-614-135
2026-09-05 12:38:44,T,7021,317,5709480,4167,30.2,1021.8,56-614-135
2026-09-05 12:38:44,T,7022,172,5709510,4167,30.2,1021.8,56-614-135
2026-09-05 12:38:44,T,7023,175,5709544,4167,30.2,1021.8,56-614-135
2026-09-05 12:38:45,T,7024,174,5710119,4168,30.2,1021.8,56-614-135
2026-09-05 12:38:45,B,8311,280,5710281,9215,30.2,1021.8,56-614-135
2026-09-05 12:38:45,B,8312,457,5710813,9215,30.2,1021.8,56-614-135
2026-09-05 12:38:46,T,7025,71,5711024,4168,30.2,1021.8,56-614-135
2026-09-05 12:38:46,B,8313,56,5711319,9220,30.2,1021.8,56-614-135
2026-09-05 12:38:46,B,8314,576,5711475,9220,30.2,1021.8,56-614-135
2026-09-05 12:38:46,T,7026,122,5711525,4168,30.2,1021.8,56-614-135
2026-09-05 12:38:46,B,8315,560,5711525,9220,30.2,1021.8,56-614-135
2026-09-05 12:38:46,C,1198,341,5711525,6694,30.2,1021.8,56-614-135
2026-09-05 12:38:46,T,7027,83,5711671,4168,30.2,1021.8,56-614-135
2026-09-05 12:38:47,T,7028,116,5712745,4169,30.2,1021.8,56-614-135
2026-09-05 12:38:48,T,7029,488,5713125,4171,30.2,1021.8,56-614-135
2026-09-05 12:38:48,B,8316,209,5713398,9225,30.2,1021.8,56-614-135
2026-09-05 12:38:48,B,8317,531,5713539,9225,30.2,1021.8,56-614-135
2026-09-05 12:38:48,T,7030,344,5713539,4171,30.2,1021.8,56-614-135
2026-09-05 12:38:48,B,8318,175,5713710,9225,30.2,1021.8,56-614-135
2026-09-05 12:38:48,T,7031,143,5713763,4171,30.2,1021.8,56-614-135
2026-09-05 12:38:49,B,8319,134,5714245,9226,30.2,1021.8,56-614-135
2026-09-05 12:38:49,T,7032,304,5714259,4172,30.2,1021.8,56-614-135
2026-09-05 12:38:49,T,7033,81,5714428,4172,30.2,1021.8,56-614-135
2026-09-05 12:38:50,T,7034,58,5715202,4172,30.2,1021.8,56-614-135
2026-09-05 12:38:50,B,8320,138,5715514,9229,30.2,1021.8,56-614-135
2026-09-05 12:38:50,B,8321,81,5715751,9229,30.2,1021.8,56-614-135
2026-09-05 12:44:54,B,8322,338,5716581,9231,30.2,1021.8,56-614-135
2026-09-05 12:44:54,B,8323,111,5717196,9232,30.2,1021.8,56-614-135
2026-09-05 12:44:54,T,7035,429,5718187,4173,30.2,1021.8,56-614-135
2026-09-05 12:44:54,B,8324,357,5718187,9235,30.2,1021.8,56-614-135
2026-09-05 12:44:54,C,1199,393,5718187,6704,30.2,1021.8,56-614-135
2026-09-05 12:44:54,B,8325,169,5718357,9235,30.2,1021.8,56-614-135
2026-09-05 12:44:54,T,7036,106,5718387,4173,30.2,1021.8,56-614-135
2026-09-05 12:44:54,T,7037,521,5719103,4175,30.2,1021.8,56-614-135
2026-09-05 12:44:54,T,7038,502,5719327,4175,30.2,1021.8,56-614-135
2026-09-05 12:44:54,B,8326,51,5719327,9235,30.2,1021.8,56-614-135
2026-09-05 12:44:54,C,1200,276,5719327,6705,30.2,1021.8,56-614-135
2026-09-05 12:44:54,T,7039,225,5720265,4176,30.3,1021.8,56-614-135
2026-09-05 12:44:54,B,8327,529,5720468,9237,30.3,1021.8,56-614-135
2026-09-05 12:44:54,T,7040,222,5721093,4177,30.3,1021.8,56-614-135
2026-09-05 12:44:54,B,8328,160,5721093,9239,30.3,1021.8,56-614-135
2026-09-05 12:44:54,C,1201,191,5721093,6708,30.3,1021.8,56-614-135
2026-09-05 12:44:54,T,7041,526,5722225,4178,30.3,1021.8,56-614-135
2026-09-05 12:44:54,B,8329,86,5723122,9245,30.3,1021.8,56-614-135
2026-09-05 12:44:54,B,8330,74,5723347,9245,30.3,1021.8,56-614-135
2026-09-05 12:44:54,B,8331,393,5723512,9245,30.3,1021.8,56-614-135
2026-09-05 12:44:54,B,8332,468,5723925,9245,30.3,1021.8,56-614-135
2026-09-05 12:44:54,B,8333,186,5724116,9246,30.3,1021.8,56-614-135
2026-09-05 12:44:54,B,8334,90,5725665,9248,30.3,1021.8,56-614-135
2026-09-05 12:44:54,T,7042,593,5725859,4179,30.3,1021.8,56-614-135
2026-09-05 12:44:54,B,8335,154,5725922,9248,30.3,1021.8,56-614-135
2026-09-05 12:44:54,T,7043,99,5726299,4179,30.3,1021.8,56-614-135
2026-09-05 12:44:54,B,8336,139,5727337,9251,30.3,1021.8,56-614-135
2026-09-05 12:44:54,B,8337,88,5727553,9251,30.3,1021.8,56-614-135
2026-09-05 12:44:54,T,7044,57,5728229,4181,30.3,1021.8,56-614-135
2026-09-05 12:44:54,T,7045,809,5728372,4181,30.3,1021.8,56-614-135
2026-09-05 12:44:54,B,8338,476,5728372,9253,30.3,1021.8,56-614-135
2026-09-05 12:44:54,C,1202,643,5728372,6717,30.3,1021.8,56-614-135
2026-09-05 12:44:54,T,7046,272,5728603,4181,30.3,1021.8,56-614-135
2026-09-05 12:44:54,T,7047,117,5728631,4181,30.3,1021.8,56-614-135
2026-09-05 12:44:54,B,8339,393,5729169,9258,30.3,1021.8,56-614-135
2026-09-05 12:44:54,T,7048,53,5729547,4182,30.3,1021.8,56-614-135
2026-09-05 12:44:55,B,8340,71,5729627,9258,30.3,1021.8,56-614-135
2026-09-05 12:44:55,B,8341,146,5729706,9258,30.3,1021.8,56-614-135
2026-09-05 12:44:55,T,7049,473,5730030,4182,30.3,1021.8,56-614-135
2026-09-05 12:44:55,T,7050,256,5730122,4184,30.3,1021.8,56-614-135
2026-09-05 12:44:55,T,7051,209,5730255,4184,30.3,1021.8,56-614-135
2026-09-05 12:44:55,B,8342,89,5730317,9259,30.3,1021.8,56-614-135
2026-09-05 12:44:55,T,7052,156,5730805,4184,30.3,1021.8,56-614-135
2026-09-05 12:44:55,T,7053,435,5731457,4187,30.3,1021.8,56-614-135
2026-09-05 12:44:55,B,8343,85,5731457,9260,30.3,1021.8,56-614-135
2026-09-05 12:44:55,C,1203,260,5731457,6723,30.3,1021.8,56-614-135
2026-09-05 12:44:55,T,7054,547,5731619,4187,30.3,1021.8,56-614-135
2026-09-05 12:44:55,T,7055,383,5731908,4187,30.3,1021.8,56-614-135
2026-09-05 12:44:55,T,7056,105,5732008,4187,30.3,1021.8,56-614-135
2026-09-05 12:44:55,T,7057,56,5732581,4188,30.3,1021.8,56-614-135
2026-09-05 12:44:55,T,7058,130,5733087,4188,30.3,1021.8,56-614-135
2026-09-05 12:44:55,T,7059,491,5733180,4189,30.3,1021.8,56-614-135
2026-09-05 12:44:55,B,8344,97,5733409,9261,30.3,1021.8,56-614-135
2026-09-05 12:44:55,B,8345,100,5735260,9262,30.3,1021.8,56-614-135
2026-09-05 12:44:55,B,8346,95,5736909,9263,30.3,1021.8,56-614-135
2026-09-05 12:44:55,B,8347,118,5738381,9267,30.3,1021.8,56-614-135
2026-09-05 12:44:55,B,8348,70,5738773,9267,30.3,1021.8,56-614-135
2026-09-05 12:44:55,T,7060,486,5739029,4190,30.3,1021.8,56-614-135
2026-09-05 12:44:55,B,8349,557,5739029,9267,30.3,1021.8,56-614-135
2026-09-05 12:44:55,C,1204,522,5739029,6728,30.3,1021.8,56-614-135
2026-09-05 12:44:55,T,7061,55,5739455,4190,30.3,1021.8,56-614-135
2026-09-05 12:44:55,T,7062,69,5740559,4190,30.3,1021.8,56-614-135
2026-09-05 12:44:55,T,7063,268,5740618,4190,30.3,1021.8,56-614-135
2026-09-05 12:44:55,B,8350,110,5741573,9274,30.3,1021.8,56-614-135
2026-09-05 12:44:55,B,8351,218,5741637,9274,30.3,1021.8,56-614-135
2026-09-05 12:44:55,T,7064,56,5741716,4192,30.3,1021.8,56-614-135
2026-09-05 12:44:55,T,7065,75,5741754,4192,30.3,1021.8,56-614-135
2026-09-05 12:44:55,B,8352,147,5741804,9274,30.3,1021.8,56-614-135
2026-09-05 12:44:55,T,7066,115,5741804,4192,30.3,1021.8,56-614-135
2026-09-05 12:44:55,B,8353,291,5741909,9274,30.3,1021.8,56-614-135
2026-09-05 12:44:55,T,7067,382,5742036,4192,30.3,1021.8,56-614-135
2026-09-05 12:44:55,B,8354,402,5742036,9274,30.3,1021.8,56-614-135
2026-09-05 12:44:55,C,1205,392,5742036,6733,30.3,1021.8,56-614-135
2026-09-05 12:44:55,T,7068,50,5742462,4192,30.3,1021.8,56-614-135
2026-09-05 12:44:55,B,8355,104,5742765,9275,30.3,1021.8,56-614-135
2026-09-05 12:44:55,T,7069,81,5743113,4192,30.3,1021.8,56-614-135
2026-09-05 12:44:55,B,8356,590,5743582,9277,30.3,1021.8,56-614-135
2026-09-05 12:44:55,T,7070,59,5744445,4193,30.3,1021.8,56-614-135
2026-09-05 12:44:55,B,8357,78,5744712,9278,30.3,1021.8,56-614-135
2026-09-05 12:44:55,T,7071,107,5745060,4193,30.3,1021.8,56-614-135
2026-09-05 12:44:55,T,7072,252,5745253,4193,30.3,1021.8,56-614-135
2026-09-05 12:44:55,B,8358,76,5745343,9284,30.3,1021.8,56-614-135
2026-09-05 12:44:55,B,8359,431,5745673,9284,30.3,1021.8,56-614-135
2026-09-05 12:44:55,B,8360,469,5746236,9284,30.3,1021.8,56-614-135
2026-09-05 12:44:55,B,8361,53,5746302,9284,30.3,1021.8,56-614-135
2026-09-05 12:44:55,B,8362,130,5746459,9287,30.3,1021.8,56-614-135
2026-09-05 12:44:55,B,8363,64,5746573,9287,30.3,1021.8,56-614-135
2026-09-05 12:44:55,B,8364,276,5747131,9287,30.3,1021.8,56-614-135
2026-09-05 12:44:55,B,8365,112,5747567,9289,30.3,1021.8,56-614-135
2026-09-05 12:44:55,B,8366,130,5748640,9292,30.3,1021.8,56-614-135
2026-09-05 12:44:55,B,8367,590,5748852,9292,30.3,1021.8,56-614-135
2026-09-05 12:44:55,B,8368,123,5749378,9295,30.3,1021.8,56-614-135
2026-09-05 12:44:55,T,7073,84,5749560,4195,30.3,1021.8,56-614-135
2026-09-05 12:44:55,T,7074,96,5749783,4195,30.3,1021.8,56-614-135
2026-09-05 12:44:55,T,7075,70,5750300,4195,30.3,1021.8,56-614-135
2026-09-05 12:44:55,T,7076,384,5750319,4195,30.3,1021.8,56-614-135
2026-09-05 12:44:55,B,8369,576,5750327,9295,30.3,1021.8,56-614-135
2026-09-05 12:44:55,B,8370,53,5750367,9303,30.3,1021.8,56-614-135
2026-09-05 12:44:55,B,8371,177,5750547,9303,30.3,1021.8,56-614-135
2026-09-05 12:44:55,B,8372,384,5750565,9303,30.3,1021.8,56-614-135
2026-09-05 12:44:55,T,7077,402,5750991,4196,30.3,1021.8,56-614-135
2026-09-05 12:44:55,B,8373,407,5750991,9303,30.3,1021.8,56-614-135
2026-09-05 12:44:55,C,1206,404,5750991,6749,30.3,1021.8,56-614-135
2026-09-05 12:44:55,B,8374,174,5751004,9303,30.3,1021.8,56-614-135
2026-09-05 12:44:55,B,8375,77,5751180,9303,30.3,1021.8,56-614-135
2026-09-05 12:44:55,T,7078,694,5752282,4197,30.3,1021.8,56-614-135
2026-09-05 12:44:55,B,8376,228,5753014,9304,30.3,1021.8,56-614-135
2026-09-05 12:44:55,T,7079,145,5753469,4197,30.3,1021.8,56-614-135
2026-09-05 12:44:55,T,7080,393,5754651,4199,30.3,1021.8,56-614-135
2026-09-05 12:44:55,T,7081,204,5754742,4199,30.3,1021.8,56-614-135
2026-09-05 12:44:55,B,8377,119,5754863,9308,30.3,1021.8,56-614-135
2026-09-05 12:44:55,B,8378,88,5754923,9308,30.3,1021.8,56-614-135
2026-09-05 12:44:55,B,8379,277,5754953,9308,30.3,1021.8,56-614-135
2026-09-05 12:44:55,B,8380,59,5755447,9309,30.3,1021.8,56-614-135
2026-09-05 12:44:55,T,7082,193,5755482,4201,30.3,1021.8,56-614-135
2026-09-05 12:44:55,T,7083,449,5755785,4201,30.3,1021.8,56-614-135
2026-09-05 12:44:55,T,7084,163,5755885,4201,30.3,1021.8,56-614-135
2026-09-05 12:44:55,T,7085,430,5757117,4203,30.3,1021.8,56-614-135
2026-09-05 12:44:55,B,8381,544,5757117,9313,30.3,1021.8,56-614-135
2026-09-05 12:44:55,C,1207,487,5757117,6758,30.3,1021.8,56-614-135
2026-09-05 12:44:55,T,7086,442,5757292,4203,30.3,1021.8,56-614-135
2026-09-05 12:44:55,B,8382,412,5757292,9313,30.3,1021.8,56-614-135
2026-09-05 12:44:55,C,1208,427,5757292,6758,30.3,1021.8,56-614-135
2026-09-05 12:44:55,T,7087,203,5757649,4207,30.3,1021.8,56-614-135
2026-09-05 12:44:55,T,7088,242,5757891,4207,30.3,1021.8,56-614-135
2026-09-05 12:44:55,B,8383,798,5757891,9319,30.3,1021.8,56-614-135
2026-09-05 12:44:55,C,1209,520,5757891,6763,30.3,1021.8,56-614-135
2026-09-05 12:44:55,T,7089,356,5757974,4207,30.3,1021.8,56-614-135
2026-09-05 12:44:55,B,8384,547,5757974,9319,30.3,1021.8,56-614-135
2026-09-05 12:44:55,C,1210,451,5757974,6763,30.3,1021.8,56-614-135
2026-09-05 12:44:55,T,7090,561,5758374,4207,30.3,1021.8,56-614-135
2026-09-05 12:44:55,T,7091,394,5758424,4207,30.3,1021.8,56-614-135
2026-09-05 12:44:55,B,8385,674,5758424,9319,30.3,1021.8,56-614-135
2026-09-05 12:44:55,C,1211,534,5758424,6763,30.3,1021.8,56-614-135
2026-09-05 12:44:55,B,8386,554,5758765,9322,30.3,1021.8,56-614-135
2026-09-05 12:44:55,B,8387,159,5758963,9322,30.3,1021.8,56-614-135
2026-09-05 12:44:55,T,7092,143,5759410,4207,30.3,1021.8,56-614-135
2026-09-05 12:44:56,T,7093,544,5759766,4209,30.3,1021.8,56-614-135
2026-09-05 12:44:56,B,8388,140,5759766,9328,30.3,1021.8,56-614-135
2026-09-05 12:44:56,C,1212,342,5759766,6769,30.3,1021.8,56-614-135
2026-09-05 12:44:56,B,8389,427,5760033,9328,30.3,1021.8,56-614-135
2026-09-05 12:44:56,T,7094,201,5760115,4209,30.3,1021.8,56-614-135
2026-09-05 12:44:56,T,7095,236,5760256,4209,30.3,1021.8,56-614-135
2026-09-05 12:44:56,B,8390,649,5760256,9328,30.3,1021.8,56-614-135
2026-09-05 12:44:56,C,1213,442,5760256,6769,30.3,1021.8,56-614-135
2026-09-05 12:44:56,B,8391,108,5760307,9328,30.3,1021.8,56-614-135
2026-09-05 12:44:56,T,7096,167,5761354,4210,30.3,1021.8,56-614-135
2026-09-05 12:44:56,T,7097,75,5762088,4210,30.3,1021.8,56-614-135
2026-09-05 12:44:56,B,8392,87,5764178,9331,30.3,1021.8,56-614-135
2026-09-05 12:44:56,B,8393,54,5764255,9331,30.3,1021.8,56-614-135
2026-09-05 12:44:56,B,8394,125,5764411,9331,30.3,1021.8,56-614-135
2026-09-05 12:44:56,T,7098,383,5764450,4211,30.3,1021.8,56-614-135
2026-09-05 12:44:56,B,8395,92,5764673,9332,30.3,1021.8,56-614-135
2026-09-05 12:44:56,T,7099,342,5764831,4213,30.3,1021.8,56-614-135
2026-09-05 12:44:56,T,7100,260,5765269,4213,30.3,1021.8,56-614-135
2026-09-05 12:44:56,T,7101,93,5765638,4213,30.3,1021.8,56-614-135
2026-09-05 12:44:56,B,8396,141,5766022,9335,30.3,1021.8,56-614-135
2026-09-05 12:44:56,B,8397,73,5766286,9335,30.3,1021.8,56-614-135
2026-09-05 12:44:56,T,7102,50,5766947,4214,30.3,1021.8,56-614-135
2026-09-05 12:44:56,B,8398,117,5767035,9336,30.3,1021.8,56-614-135
2026-09-05 12:44:56,T,7103,403,5767108,4214,30.3,1021.8,56-614-135
2026-09-05 12:44:56,T,7104,70,5768246,4214,30.3,1021.8,56-614-135
2026-09-05 12:44:56,T,7105,206,5768613,4215,30.3,1021.8,56-614-135
2026-09-05 12:44:56,T,7106,362,5768738,4215,30.3,1021.8,56-614-135
2026-09-05 12:44:56,B,8399,60,5769292,9339,30.3,1021.8,56-614-135
2026-09-05 12:44:56,B,8400,94,5769452,9339,30.3,1021.8,56-614-135
2026-09-05 12:44:56,B,8401,95,5769643,9346,30.3,1021.8,56-614-135
2026-09-05 12:44:56,B,8402,134,5769648,9346,30.3,1021.8,56-614-135
2026-09-05 12:44:56,T,7107,402,5770201,4216,30.3,1021.8,56-614-135
2026-09-05 12:44:56,B,8403,420,5770201,9346,30.3,1021.8,56-614-135
2026-09-05 12:44:56,C,1214,411,5770201,6781,30.3,1021.8,56-614-135
2026-09-05 12:44:56,B,8404,54,5770321,9346,30.3,1021.8,56-614-135
2026-09-05 12:44:56,B,8405,222,5770577,9346,30.3,1021.8,56-614-135
2026-09-05 12:44:56,T,7108,155,5771641,4217,30.3,1021.8,56-614-135
2026-09-05 12:44:56,B,8406,583,5771641,9349,30.3,1021.8,56-614-135
2026-09-05 12:44:56,C,1215,369,5771641,6783,30.3,1021.8,56-614-135
2026-09-05 12:44:56,B,8407,135,5772502,9349,30.3,1021.8,56-614-135
2026-09-05 12:44:56,B,8408,654,5772742,9356,30.3,1021.8,56-614-135
2026-09-05 12:44:56,B,8409,83,5772792,9356,30.3,1021.8,56-614-135
2026-09-05 12:44:56,B,8410,82,5773111,9356,30.3,1021.8,56-614-135
2026-09-05 12:44:56,B,8411,323,5773192,9356,30.3,1021.8,56-614-135
2026-09-05 12:44:56,B,8412,138,5773905,9366,30.3,1021.8,56-614-135
2026-09-05 12:44:56,B,8413,69,5773944,9366,30.3,1021.8,56-614-135
2026-09-05 12:44:56,B,8414,129,5773974,9366,30.3,1021.8,56-614-135
2026-09-05 12:44:56,B,8415,279,5774396,9366,30.3,1021.8,56-614-135
2026-09-05 12:44:56,B,8416,692,5774435,9366,30.3,1021.8,56-614-135
2026-09-05 12:44:56,B,8417,209,5774546,9366,30.3,1021.8,56-614-135
2026-09-05 12:44:56,B,8418,150,5774770,9369,30.3,1021.8,56-614-135
2026-09-05 12:44:56,B,8419,300,5775519,9369,30.3,1021.8,56-614-135
2026-09-05 12:44:56,B,8420,118,5776492,9370,30.4,1021.8,56-614-135
2026-09-05 12:44:56,T,7109,538,5777206,4219,30.4,1021.8,56-614-135
2026-09-05 12:44:56,B,8421,396,5777206,9372,30.4,1021.8,56-614-135
2026-09-05 12:44:56,C,1216,467,5777206,6796,30.4,1021.8,56-614-135
2026-09-05 12:44:56,T,7110,661,5777394,4219,30.4,1021.8,56-614-135
2026-09-05 12:44:56,T,7111,67,5777429,4219,30.4,1021.8,56-614-135
2026-09-05 12:44:56,T,7112,91,5777636,4219,30.4,1021.8,56-614-135
2026-09-05 12:44:56,B,8422,196,5777735,9374,30.4,1021.8,56-614-135
2026-09-05 12:44:56,T,7113,58,5778061,4219,30.4,1021.8,56-614-135
2026-09-05 12:44:56,B,8423,67,5780516,9374,30.4,1021.8,56-614-135
2026-09-05 12:44:56,T,7114,75,5780922,4220,30.4,1021.8,56-614-135
2026-09-05 12:49:49,B,9359,112,6373619,20441,31.0,1021.8,56-614-135
2026-09-05 12:49:50,T,7927,101,6374990,4672,31.0,1021.8,56-614-135
2026-09-05 12:49:50,B,9360,556,6375242,20479,31.0,1021.8,56-614-135
2026-09-05 12:49:51,T,7928,79,6375822,4673,31.0,1021.8,56-614-135
2026-09-05 12:49:51,B,9361,85,6375834,20502,31.0,1021.8,56-614-135
2026-09-05 12:49:51,B,9362,100,6376466,20502,31.0,1021.8,56-614-135
2026-09-05 12:49:51,B,9363,148,6376579,20502,31.0,1021.8,56-614-135
2026-09-05 12:49:52,B,9364,79,6377032,20618,31.0,1021.8,56-614-135
2026-09-05 12:49:52,T,7929,131,6377302,4673,31.0,1021.8,56-614-135
2026-09-05 12:49:53,T,7930,109,6377901,4674,31.0,1021.8,56-614-135
2026-09-05 12:49:53,B,9365,441,6378276,20692,31.0,1021.8,56-614-135
2026-09-05 12:49:53,T,7931,370,6378276,4674,31.0,1021.8,56-614-135
2026-09-05 12:49:54,T,7932,88,6378725,4677,31.0,1021.8,56-614-135
2026-09-05 12:49:54,T,7933,299,6378973,4677,31.0,1021.8,56-614-135
2026-09-05 12:49:54,T,7934,104,6379164,4677,31.0,1021.8,56-614-135
2026-09-05 12:49:54,T,7935,557,6379252,4677,31.0,1021.8,56-614-135
2026-09-05 12:49:55,T,7936,129,6379825,4677,31.0,1021.8,56-614-135
2026-09-05 12:49:55,B,9366,177,6379886,20907,31.0,1021.8,56-614-135
2026-09-05 12:49:55,B,9367,111,6380007,20907,31.0,1021.8,56-614-135
2026-09-05 12:49:55,B,9368,181,6380186,20907,31.0,1021.8,56-614-135
2026-09-05 12:49:55,T,7937,64,6380475,4677,31.0,1021.8,56-614-135
2026-09-05 12:49:56,T,7938,84,6380652,4678,31.0,1021.8,56-614-135
2026-09-05 12:49:56,T,7939,322,6380916,4678,31.0,1021.8,56-614-135
2026-09-05 12:49:57,B,9369,78,6381828,21081,31.0,1021.8,56-614-135
2026-09-05 12:49:57,T,7940,387,6382024,4679,31.0,1021.8,56-614-135
2026-09-05 12:49:57,B,9370,450,6382024,21081,31.0,1021.8,56-614-135
2026-09-05 12:49:57,C,1329,418,6382024,12880,31.0,1021.8,56-614-135
2026-09-05 12:49:58,T,7941,309,6382907,4680,31.0,1021.8,56-614-135
2026-09-05 12:49:58,T,7942,121,6383654,4680,31.0,1021.8,56-614-135
2026-09-05 12:49:59,T,7943,160,6383720,4682,31.0,1021.7,56-614-135
2026-09-05 12:49:59,T,7944,526,6383926,4682,31.0,1021.7,56-614-135
2026-09-05 12:49:59,B,9371,70,6383957,21200,31.0,1021.7,56-614-135
2026-09-05 12:49:59,T,7945,197,6384067,4682,31.0,1021.7,56-614-135
2026-09-05 12:49:59,T,7946,74,6384208,4682,31.0,1021.7,56-614-135
2026-09-05 12:49:59,B,9372,412,6384338,21200,31.0,1021.7,56-614-135
2026-09-05 12:49:59,B,9373,489,6384548,21200,31.0,1021.7,56-614-135
2026-09-05 12:50:00,B,9374,256,6384770,21385,31.0,1021.7,56-614-135
2026-09-05 12:50:00,B,9375,129,6384947,21385,31.0,1021.7,56-614-135
2026-09-05 12:50:00,T,7947,70,6385376,4683,31.0,1021.7,56-614-135
2026-09-05 12:50:00,T,7948,85,6385590,4683,31.0,1021.7,56-614-135
2026-09-05 12:50:01,B,9376,463,6385937,21555,31.0,1021.7,56-614-135
2026-09-05 12:50:01,B,9377,124,6385986,21555,31.0,1021.7,56-614-135
2026-09-05 12:50:01,B,9378,66,6386087,21555,31.0,1021.7,56-614-135
2026-09-05 12:50:01,B,9379,116,6386379,21555,31.0,1021.7,56-614-135
2026-09-05 12:50:01,T,7949,194,6386692,4683,31.0,1021.7,56-614-135
2026-09-05 12:50:02,B,9380,135,6387212,21570,31.0,1021.7,56-614-135
2026-09-05 12:50:03,B,9381,131,6387837,21659,31.0,1021.7,56-614-135
2026-09-05 12:50:03,T,7950,75,6387914,4684,31.0,1021.7,56-614-135
2026-09-05 12:50:03,B,9382,279,6388290,21659,31.0,1021.7,56-614-135
2026-09-05 12:50:03,B,9383,52,6388621,21659,31.0,1021.7,56-614-135
2026-09-05 12:50:04,B,9384,326,6389014,21746,31.0,1021.8,56-614-135
2026-09-05 12:50:04,B,9385,514,6389120,21746,31.0,1021.8,56-614-135
2026-09-05 12:50:04,T,7951,250,6389142,4684,31.0,1021.8,56-614-135
2026-09-05 12:50:04,B,9386,54,6389240,21746,31.0,1021.8,56-614-135
2026-09-05 12:50:04,B,9387,122,6389512,21746,31.0,1021.8,56-614-135
2026-09-05 12:50:05,T,7952,121,6390315,4685,31.0,1021.8,56-614-135
2026-09-05 12:50:05,B,9388,97,6390474,21808,31.0,1021.8,56-614-135
2026-09-05 12:50:06,T,7953,158,6391651,4686,31.0,1021.8,56-614-135
2026-09-05 12:50:06,T,7954,190,6391667,4686,31.0,1021.8,56-614-135
2026-09-05 12:50:07,B,9389,668,6392141,21818,31.0,1021.8,56-614-135
2026-09-05 12:50:07,T,7955,129,6392729,4686,31.0,1021.8,56-614-135
2026-09-05 12:50:08,T,7956,430,6393436,4687,31.0,1021.8,56-614-135
2026-09-05 12:50:08,B,9390,525,6393436,21877,31.0,1021.8,56-614-135
2026-09-05 12:50:08,C,1330,477,6393436,13282,31.0,1021.8,56-614-135
2026-09-05 12:50:08,B,9391,118,6393547,21877,31.0,1021.8,56-614-135
2026-09-05 12:50:09,T,7957,167,6394051,4688,31.0,1021.8,56-614-135
2026-09-05 12:50:09,B,9392,53,6394306,22087,31.0,1021.8,56-614-135
2026-09-05 12:50:09,T,7958,178,6394321,4688,31.0,1021.8,56-614-135
2026-09-05 12:50:11,T,7959,739,6395889,4690,31.0,1021.8,56-614-135
2026-09-05 12:50:11,T,7960,66,6395945,4690,31.0,1021.8,56-614-135
2026-09-05 12:50:11,B,9393,489,6395945,22202,31.0,1021.8,56-614-135
2026-09-05 12:50:11,C,1331,278,6395945,13446,31.0,1021.8,56-614-135
2026-09-05 12:50:11,T,7961,272,6396464,4690,31.0,1021.8,56-614-135
2026-09-05 12:50:12,B,9394,103,6396891,22365,31.0,1021.8,56-614-135
2026-09-05 12:50:12,T,7962,246,6396965,4692,31.0,1021.8,56-614-135
2026-09-05 12:50:12,T,7963,378,6397163,4692,31.0,1021.8,56-614-135
2026-09-05 12:50:12,T,7964,75,6397744,4692,31.0,1021.8,56-614-135
2026-09-05 12:50:13,T,7965,136,6398310,4693,31.0,1021.8,56-614-135
2026-09-05 12:50:13,T,7966,421,6398572,4693,31.0,1021.8,56-614-135
2026-09-05 12:50:13,B,9395,558,6398572,22529,31.0,1021.8,56-614-135
2026-09-05 12:50:13,C,1332,489,6398572,13611,31.0,1021.8,56-614-135
2026-09-05 12:50:14,B,9396,53,6399143,22725,31.0,1021.7,56-614-135
2026-09-05 12:50:14,B,9397,233,6399428,22725,31.0,1021.7,56-614-135
2026-09-05 12:50:15,T,7967,250,6399948,4694,31.0,1021.7,56-614-135
2026-09-05 12:50:16,B,9398,108,6400927,22730,31.0,1021.7,56-614-135
2026-09-05 12:50:17,B,9399,370,6402203,23083,31.0,1021.7,56-614-135
2026-09-05 12:50:18,T,7968,58,6403287,4695,31.0,1021.7,56-614-135
2026-09-05 12:50:18,T,7969,197,6403480,4695,31.0,1021.7,56-614-135
2026-09-05 12:50:18,B,9400,119,6403517,23276,31.0,1021.7,56-614-135
2026-09-05 12:50:20,T,7970,199,6405647,4696,31.0,1021.7,56-614-135
2026-09-05 12:50:20,B,9401,60,6405867,23276,31.0,1021.7,56-614-135
2026-09-05 12:50:22,B,9402,436,6407165,23649,31.0,1021.7,56-614-135
2026-09-05 12:50:22,T,7971,167,6407305,4696,31.0,1021.7,56-614-135
2026-09-05 12:50:22,B,9403,160,6407448,23649,31.0,1021.7,56-614-135
2026-09-05 12:50:22,T,7972,56,6407744,4696,31.0,1021.7,56-614-135
2026-09-05 12:50:23,T,7973,521,6407995,4698,31.0,1021.7,56-614-135
2026-09-05 12:50:23,T,7974,503,6408635,4698,31.0,1021.7,56-614-135
2026-09-05 12:50:23,B,9404,156,6408635,23666,31.0,1021.7,56-614-135
2026-09-05 12:50:23,C,1333,329,6408635,14182,31.0,1021.7,56-614-135
2026-09-05 12:50:24,T,7975,422,6409819,4699,31.1,1021.8,56-614-135
2026-09-05 12:50:24,B,9405,485,6409819,23666,31.1,1021.8,56-614-135
2026-09-05 12:50:24,C,1334,454,6409819,14183,31.1,1021.8,56-614-135
2026-09-05 12:50:25,B,9406,128,6410290,23990,31.1,1021.8,56-614-135
2026-09-05 12:50:25,T,7976,293,6410427,4700,31.1,1021.8,56-614-135
2026-09-05 12:50:25,B,9407,444,6410427,23990,31.1,1021.8,56-614-135
2026-09-05 12:50:25,C,1335,368,6410427,14345,31.1,1021.8,56-614-135
2026-09-05 12:50:25,B,9408,119,6410625,23990,31.1,1021.8,56-614-135
2026-09-05 12:50:25,B,9409,444,6410943,23990,31.1,1021.8,56-614-135
2026-09-05 12:50:26,T,7977,57,6411001,4700,31.1,1021.8,56-614-135
2026-09-05 12:50:26,B,9410,394,6411993,24083,31.1,1021.8,56-614-135
2026-09-05 12:50:27,T,7978,144,6412234,4701,31.1,1021.8,56-614-135
2026-09-05 12:50:27,B,9411,566,6412857,24136,31.1,1021.8,56-614-135
2026-09-05 12:50:27,T,7979,147,6412878,4701,31.1,1021.8,56-614-135
2026-09-05 12:50:27,B,9412,56,6412981,24136,31.1,1021.8,56-614-135
